Copyright 1986-2022 Xilinx, Inc. All Rights Reserved. Copyright 2022-2024 Advanced Micro Devices, Inc. All Rights Reserved.
----------------------------------------------------------------------------------------------------------------------------------------------------------------------------------------------------------------
| Tool Version      : Vivado v.2024.1 (lin64) Build 5076996 Wed May 22 18:36:09 MDT 2024
| Date              : Fri Jul 17 18:57:13 2026
| Host              : finn_dev_phu running 64-bit Ubuntu 22.04.1 LTS
| Command           : report_timing_summary -max_paths 10 -report_unconstrained -file top_wrapper_timing_summary_routed.rpt -pb top_wrapper_timing_summary_routed.pb -rpx top_wrapper_timing_summary_routed.rpx
| Design            : top_wrapper
| Device            : xczu7ev-ffvc1156
| Speed File        : -2  PRODUCTION 1.30 05-15-2022
| Design State      : Routed
| Temperature Grade : E
----------------------------------------------------------------------------------------------------------------------------------------------------------------------------------------------------------------

Timing Summary Report

------------------------------------------------------------------------------------------------
| Timer Settings
| --------------
------------------------------------------------------------------------------------------------

  Enable Multi Corner Analysis               :  Yes
  Enable Pessimism Removal                   :  Yes
  Pessimism Removal Resolution               :  Nearest Common Node
  Enable Input Delay Default Clock           :  No
  Enable Preset / Clear Arcs                 :  No
  Disable Flight Delays                      :  No
  Ignore I/O Paths                           :  No
  Timing Early Launch at Borrowing Latches   :  No
  Borrow Time for Max Delay Exceptions       :  Yes
  Merge Timing Exceptions                    :  Yes
  Inter-SLR Compensation                     :  Conservative

  Corner  Analyze    Analyze    
  Name    Max Paths  Min Paths  
  ------  ---------  ---------  
  Slow    Yes        Yes        
  Fast    Yes        Yes        


------------------------------------------------------------------------------------------------
| Report Methodology
| ------------------
------------------------------------------------------------------------------------------------

Rule     Severity  Description                   Violations  
-------  --------  ----------------------------  ----------  
LUTAR-1  Warning   LUT drives async reset alert  3           

Note: This report is based on the most recent report_methodology run and may not be up-to-date. Run report_methodology on the current design for the latest report.



check_timing report

Table of Contents
-----------------
1. checking no_clock (0)
2. checking constant_clock (0)
3. checking pulse_width_clock (0)
4. checking unconstrained_internal_endpoints (0)
5. checking no_input_delay (0)
6. checking no_output_delay (0)
7. checking multiple_clock (0)
8. checking generated_clocks (0)
9. checking loops (0)
10. checking partial_input_delay (0)
11. checking partial_output_delay (0)
12. checking latch_loops (0)

1. checking no_clock (0)
------------------------
 There are 0 register/latch pins with no clock.


2. checking constant_clock (0)
------------------------------
 There are 0 register/latch pins with constant_clock.


3. checking pulse_width_clock (0)
---------------------------------
 There are 0 register/latch pins which need pulse_width check


4. checking unconstrained_internal_endpoints (0)
------------------------------------------------
 There are 0 pins that are not constrained for maximum delay.

 There are 0 pins that are not constrained for maximum delay due to constant clock.


5. checking no_input_delay (0)
------------------------------
 There are 0 input ports with no input delay specified.

 There are 0 input ports with no input delay but user has a false path constraint.


6. checking no_output_delay (0)
-------------------------------
 There are 0 ports with no output delay specified.

 There are 0 ports with no output delay but user has a false path constraint

 There are 0 ports with no output delay but with a timing clock defined on it or propagating through it


7. checking multiple_clock (0)
------------------------------
 There are 0 register/latch pins with multiple clocks.


8. checking generated_clocks (0)
--------------------------------
 There are 0 generated clocks that are not connected to a clock source.


9. checking loops (0)
---------------------
 There are 0 combinational loops in the design.


10. checking partial_input_delay (0)
------------------------------------
 There are 0 input ports with partial input delay specified.


11. checking partial_output_delay (0)
-------------------------------------
 There are 0 ports with partial output delay specified.


12. checking latch_loops (0)
----------------------------
 There are 0 combinational latch loops in the design through latch input



------------------------------------------------------------------------------------------------
| Design Timing Summary
| ---------------------
------------------------------------------------------------------------------------------------

    WNS(ns)      TNS(ns)  TNS Failing Endpoints  TNS Total Endpoints      WHS(ns)      THS(ns)  THS Failing Endpoints  THS Total Endpoints     WPWS(ns)     TPWS(ns)  TPWS Failing Endpoints  TPWS Total Endpoints  
    -------      -------  ---------------------  -------------------      -------      -------  ---------------------  -------------------     --------     --------  ----------------------  --------------------  
      0.712        0.000                      0               176205        0.010        0.000                      0               176205        1.166        0.000                       0                 60855  


All user specified timing constraints are met.


------------------------------------------------------------------------------------------------
| Clock Summary
| -------------
------------------------------------------------------------------------------------------------

Clock     Waveform(ns)         Period(ns)      Frequency(MHz)
-----     ------------         ----------      --------------
clk_pl_0  {0.000 2.667}        5.333           187.512         


------------------------------------------------------------------------------------------------
| Intra Clock Table
| -----------------
------------------------------------------------------------------------------------------------

Clock             WNS(ns)      TNS(ns)  TNS Failing Endpoints  TNS Total Endpoints      WHS(ns)      THS(ns)  THS Failing Endpoints  THS Total Endpoints     WPWS(ns)     TPWS(ns)  TPWS Failing Endpoints  TPWS Total Endpoints  
-----             -------      -------  ---------------------  -------------------      -------      -------  ---------------------  -------------------     --------     --------  ----------------------  --------------------  
clk_pl_0            0.712        0.000                      0               176109        0.010        0.000                      0               176109        1.166        0.000                       0                 60855  


------------------------------------------------------------------------------------------------
| Inter Clock Table
| -----------------
------------------------------------------------------------------------------------------------

From Clock    To Clock          WNS(ns)      TNS(ns)  TNS Failing Endpoints  TNS Total Endpoints      WHS(ns)      THS(ns)  THS Failing Endpoints  THS Total Endpoints  
----------    --------          -------      -------  ---------------------  -------------------      -------      -------  ---------------------  -------------------  


------------------------------------------------------------------------------------------------
| Other Path Groups Table
| -----------------------
------------------------------------------------------------------------------------------------

Path Group         From Clock         To Clock               WNS(ns)      TNS(ns)  TNS Failing Endpoints  TNS Total Endpoints      WHS(ns)      THS(ns)  THS Failing Endpoints  THS Total Endpoints  
----------         ----------         --------               -------      -------  ---------------------  -------------------      -------      -------  ---------------------  -------------------  
**async_default**  clk_pl_0           clk_pl_0                 3.958        0.000                      0                   96        0.173        0.000                      0                   96  


------------------------------------------------------------------------------------------------
| User Ignored Path Table
| -----------------------
------------------------------------------------------------------------------------------------

Path Group    From Clock    To Clock    
----------    ----------    --------    
(none)                      clk_pl_0      
(none)        clk_pl_0      clk_pl_0      


------------------------------------------------------------------------------------------------
| Unconstrained Path Table
| ------------------------
------------------------------------------------------------------------------------------------

Path Group    From Clock    To Clock    
----------    ----------    --------    


------------------------------------------------------------------------------------------------
| Timing Details
| --------------
------------------------------------------------------------------------------------------------


---------------------------------------------------------------------------------------------------
From Clock:  clk_pl_0
  To Clock:  clk_pl_0

Setup :            0  Failing Endpoints,  Worst Slack        0.712ns,  Total Violation        0.000ns
Hold  :            0  Failing Endpoints,  Worst Slack        0.010ns,  Total Violation        0.000ns
PW    :            0  Failing Endpoints,  Worst Slack        1.166ns,  Total Violation        0.000ns
---------------------------------------------------------------------------------------------------


Max Delay Paths
--------------------------------------------------------------------------------------
Slack (MET) :             0.712ns  (required time - arrival time)
  Source:                 top_i/StreamingDataflowPartition_1/inst/StreamingDataflowPartition_1_MVAU_rtl_7/StreamingDataflowPartition_1_MVAU_rtl_7_wstrm/inst/core/mem/blkStage2.Mem_reg_bram_0/CLKARDCLK
                            (rising edge-triggered cell RAMB36E2 clocked by clk_pl_0  {rise@0.000ns fall@2.667ns period=5.333ns})
  Destination:            top_i/StreamingDataflowPartition_1/inst/StreamingDataflowPartition_1_MVAU_rtl_7/StreamingDataflowPartition_1_MVAU_rtl_7/inst/inst/blkDsp.genblk2_2.core/genPipes[0].genSIMD[0].genDSP.genblk1.dsp/DSP_PREADD_DATA_INST/AD[19]
                            (rising edge-triggered cell DSP_PREADD_DATA clocked by clk_pl_0  {rise@0.000ns fall@2.667ns period=5.333ns})
  Path Group:             clk_pl_0
  Path Type:              Setup (Max at Slow Process Corner)
  Requirement:            5.333ns  (clk_pl_0 rise@5.333ns - clk_pl_0 rise@0.000ns)
  Data Path Delay:        4.376ns  (logic 3.374ns (77.102%)  route 1.002ns (22.898%))
  Logic Levels:           10  (DSP_PREADD=1 DSP_PREADD_DATA=1 LUT3=1 RAMB36E2=7)
  Clock Path Skew:        -0.162ns (DCD - SCD + CPR)
    Destination Clock Delay (DCD):    1.900ns = ( 7.233 - 5.333 ) 
    Source Clock Delay      (SCD):    2.243ns
    Clock Pessimism Removal (CPR):    0.181ns
  Clock Uncertainty:      0.112ns  ((TSJ^2 + DJ^2)^1/2) / 2 + PE
    Total System Jitter     (TSJ):    0.071ns
    Discrete Jitter          (DJ):    0.213ns
    Phase Error              (PE):    0.000ns
  Clock Net Delay (Source):      2.035ns (routing 0.569ns, distribution 1.466ns)
  Clock Net Delay (Destination): 1.732ns (routing 0.512ns, distribution 1.220ns)

    Location             Delay type                Incr(ns)  Path(ns)    Netlist Resource(s)
  -------------------------------------------------------------------    -------------------
                         (clock clk_pl_0 rise edge)
                                                      0.000     0.000 r  
    PS8_X0Y0             PS8                          0.000     0.000 r  top_i/zynq_ps/inst/PS8_i/PLCLK[0]
                         net (fo=1, routed)           0.180     0.180    top_i/zynq_ps/inst/pl_clk_unbuffered[0]
    BUFG_PS_X0Y80        BUFG_PS (Prop_BUFG_PS_I_O)
                                                      0.028     0.208 r  top_i/zynq_ps/inst/buffer_pl_clk_0.PL_CLK_0_BUFG/O
    X1Y2 (CLOCK_ROOT)    net (fo=61545, routed)       2.035     2.243    top_i/StreamingDataflowPartition_1/inst/StreamingDataflowPartition_1_MVAU_rtl_7/StreamingDataflowPartition_1_MVAU_rtl_7_wstrm/inst/core/mem/ap_clk
    RAMB36_X2Y11         RAMB36E2                                     r  top_i/StreamingDataflowPartition_1/inst/StreamingDataflowPartition_1_MVAU_rtl_7/StreamingDataflowPartition_1_MVAU_rtl_7_wstrm/inst/core/mem/blkStage2.Mem_reg_bram_0/CLKARDCLK
  -------------------------------------------------------------------    -------------------
    RAMB36_X2Y11         RAMB36E2 (Prop_RAMB36E2_RAMB36_CLKARDCLK_CASDOUTA[3])
                                                      1.123     3.366 f  top_i/StreamingDataflowPartition_1/inst/StreamingDataflowPartition_1_MVAU_rtl_7/StreamingDataflowPartition_1_MVAU_rtl_7_wstrm/inst/core/mem/blkStage2.Mem_reg_bram_0/CASDOUTA[3]
                         net (fo=1, routed)           0.034     3.400    top_i/StreamingDataflowPartition_1/inst/StreamingDataflowPartition_1_MVAU_rtl_7/StreamingDataflowPartition_1_MVAU_rtl_7_wstrm/inst/core/mem/blkStage2.Mem_reg_bram_0_n_32
    RAMB36_X2Y12         RAMB36E2 (Prop_RAMB36E2_RAMB36_CASDINA[3]_CASDOUTA[3])
                                                      0.210     3.610 f  top_i/StreamingDataflowPartition_1/inst/StreamingDataflowPartition_1_MVAU_rtl_7/StreamingDataflowPartition_1_MVAU_rtl_7_wstrm/inst/core/mem/blkStage2.Mem_reg_bram_1/CASDOUTA[3]
                         net (fo=1, routed)           0.034     3.644    top_i/StreamingDataflowPartition_1/inst/StreamingDataflowPartition_1_MVAU_rtl_7/StreamingDataflowPartition_1_MVAU_rtl_7_wstrm/inst/core/mem/blkStage2.Mem_reg_bram_1_n_32
    RAMB36_X2Y13         RAMB36E2 (Prop_RAMB36E2_RAMB36_CASDINA[3]_CASDOUTA[3])
                                                      0.210     3.854 f  top_i/StreamingDataflowPartition_1/inst/StreamingDataflowPartition_1_MVAU_rtl_7/StreamingDataflowPartition_1_MVAU_rtl_7_wstrm/inst/core/mem/blkStage2.Mem_reg_bram_2/CASDOUTA[3]
                         net (fo=1, routed)           0.034     3.888    top_i/StreamingDataflowPartition_1/inst/StreamingDataflowPartition_1_MVAU_rtl_7/StreamingDataflowPartition_1_MVAU_rtl_7_wstrm/inst/core/mem/blkStage2.Mem_reg_bram_2_n_32
    RAMB36_X2Y14         RAMB36E2 (Prop_RAMB36E2_RAMB36_CASDINA[3]_CASDOUTA[3])
                                                      0.210     4.098 f  top_i/StreamingDataflowPartition_1/inst/StreamingDataflowPartition_1_MVAU_rtl_7/StreamingDataflowPartition_1_MVAU_rtl_7_wstrm/inst/core/mem/blkStage2.Mem_reg_bram_3/CASDOUTA[3]
                         net (fo=1, routed)           0.034     4.132    top_i/StreamingDataflowPartition_1/inst/StreamingDataflowPartition_1_MVAU_rtl_7/StreamingDataflowPartition_1_MVAU_rtl_7_wstrm/inst/core/mem/blkStage2.Mem_reg_bram_3_n_32
    RAMB36_X2Y15         RAMB36E2 (Prop_RAMB36E2_RAMB36_CASDINA[3]_CASDOUTA[3])
                                                      0.210     4.342 f  top_i/StreamingDataflowPartition_1/inst/StreamingDataflowPartition_1_MVAU_rtl_7/StreamingDataflowPartition_1_MVAU_rtl_7_wstrm/inst/core/mem/blkStage2.Mem_reg_bram_4/CASDOUTA[3]
                         net (fo=1, routed)           0.034     4.376    top_i/StreamingDataflowPartition_1/inst/StreamingDataflowPartition_1_MVAU_rtl_7/StreamingDataflowPartition_1_MVAU_rtl_7_wstrm/inst/core/mem/blkStage2.Mem_reg_bram_4_n_32
    RAMB36_X2Y16         RAMB36E2 (Prop_RAMB36E2_RAMB36_CASDINA[3]_CASDOUTA[3])
                                                      0.210     4.586 f  top_i/StreamingDataflowPartition_1/inst/StreamingDataflowPartition_1_MVAU_rtl_7/StreamingDataflowPartition_1_MVAU_rtl_7_wstrm/inst/core/mem/blkStage2.Mem_reg_bram_5/CASDOUTA[3]
                         net (fo=1, routed)           0.034     4.620    top_i/StreamingDataflowPartition_1/inst/StreamingDataflowPartition_1_MVAU_rtl_7/StreamingDataflowPartition_1_MVAU_rtl_7_wstrm/inst/core/mem/blkStage2.Mem_reg_bram_5_n_32
    RAMB36_X2Y17         RAMB36E2 (Prop_RAMB36E2_RAMB36_CASDINA[3]_CASDOUTA[3])
                                                      0.210     4.830 f  top_i/StreamingDataflowPartition_1/inst/StreamingDataflowPartition_1_MVAU_rtl_7/StreamingDataflowPartition_1_MVAU_rtl_7_wstrm/inst/core/mem/blkStage2.Mem_reg_bram_6/CASDOUTA[3]
                         net (fo=1, routed)           0.034     4.864    top_i/StreamingDataflowPartition_1/inst/StreamingDataflowPartition_1_MVAU_rtl_7/StreamingDataflowPartition_1_MVAU_rtl_7_wstrm/inst/core/mem/blkStage2.Mem_reg_bram_6_n_32
    RAMB36_X2Y18         RAMB36E2 (Prop_RAMB36E2_RAMB36_CASDINA[3]_DOUTADOUT[3])
                                                      0.117     4.981 f  top_i/StreamingDataflowPartition_1/inst/StreamingDataflowPartition_1_MVAU_rtl_7/StreamingDataflowPartition_1_MVAU_rtl_7_wstrm/inst/core/mem/blkStage2.Mem_reg_bram_7/DOUTADOUT[3]
                         net (fo=1, routed)           0.482     5.463    top_i/StreamingDataflowPartition_1/inst/StreamingDataflowPartition_1_MVAU_rtl_7/StreamingDataflowPartition_1_MVAU_rtl_7_wstrm/inst/core/mem/blkStage2.Mem_reg_bram_7_n_96
    SLICE_X69Y59         LUT3 (Prop_C5LUT_SLICEL_I2_O)
                                                      0.110     5.573 f  top_i/StreamingDataflowPartition_1/inst/StreamingDataflowPartition_1_MVAU_rtl_7/StreamingDataflowPartition_1_MVAU_rtl_7_wstrm/inst/core/mem/m_axis_0_tdata[3]_INST_0/O
                         net (fo=1, routed)           0.282     5.855    top_i/StreamingDataflowPartition_1/inst/StreamingDataflowPartition_1_MVAU_rtl_7/StreamingDataflowPartition_1_MVAU_rtl_7/inst/inst/blkDsp.genblk2_2.core/genPipes[0].genSIMD[0].genDSP.genblk1.dsp/D[19]
    DSP48E2_X7Y22        DSP_PREADD_DATA (Prop_DSP_PREADD_DATA_DSP48E2_DIN[19]_D_DATA[19])
                                                      0.240     6.095 r  top_i/StreamingDataflowPartition_1/inst/StreamingDataflowPartition_1_MVAU_rtl_7/StreamingDataflowPartition_1_MVAU_rtl_7/inst/inst/blkDsp.genblk2_2.core/genPipes[0].genSIMD[0].genDSP.genblk1.dsp/DSP_PREADD_DATA_INST/D_DATA[19]
                         net (fo=1, routed)           0.000     6.095    top_i/StreamingDataflowPartition_1/inst/StreamingDataflowPartition_1_MVAU_rtl_7/StreamingDataflowPartition_1_MVAU_rtl_7/inst/inst/blkDsp.genblk2_2.core/genPipes[0].genSIMD[0].genDSP.genblk1.dsp/DSP_PREADD_DATA.D_DATA<19>
    DSP48E2_X7Y22        DSP_PREADD (Prop_DSP_PREADD_DSP48E2_D_DATA[19]_AD[19])
                                                      0.524     6.619 r  top_i/StreamingDataflowPartition_1/inst/StreamingDataflowPartition_1_MVAU_rtl_7/StreamingDataflowPartition_1_MVAU_rtl_7/inst/inst/blkDsp.genblk2_2.core/genPipes[0].genSIMD[0].genDSP.genblk1.dsp/DSP_PREADD_INST/AD[19]
                         net (fo=1, routed)           0.000     6.619    top_i/StreamingDataflowPartition_1/inst/StreamingDataflowPartition_1_MVAU_rtl_7/StreamingDataflowPartition_1_MVAU_rtl_7/inst/inst/blkDsp.genblk2_2.core/genPipes[0].genSIMD[0].genDSP.genblk1.dsp/DSP_PREADD.AD<19>
    DSP48E2_X7Y22        DSP_PREADD_DATA                              r  top_i/StreamingDataflowPartition_1/inst/StreamingDataflowPartition_1_MVAU_rtl_7/StreamingDataflowPartition_1_MVAU_rtl_7/inst/inst/blkDsp.genblk2_2.core/genPipes[0].genSIMD[0].genDSP.genblk1.dsp/DSP_PREADD_DATA_INST/AD[19]
  -------------------------------------------------------------------    -------------------

                         (clock clk_pl_0 rise edge)
                                                      5.333     5.333 r  
    PS8_X0Y0             PS8                          0.000     5.333 r  top_i/zynq_ps/inst/PS8_i/PLCLK[0]
                         net (fo=1, routed)           0.143     5.476    top_i/zynq_ps/inst/pl_clk_unbuffered[0]
    BUFG_PS_X0Y80        BUFG_PS (Prop_BUFG_PS_I_O)
                                                      0.025     5.501 r  top_i/zynq_ps/inst/buffer_pl_clk_0.PL_CLK_0_BUFG/O
    X1Y2 (CLOCK_ROOT)    net (fo=61545, routed)       1.732     7.233    top_i/StreamingDataflowPartition_1/inst/StreamingDataflowPartition_1_MVAU_rtl_7/StreamingDataflowPartition_1_MVAU_rtl_7/inst/inst/blkDsp.genblk2_2.core/genPipes[0].genSIMD[0].genDSP.genblk1.dsp/CLK
    DSP48E2_X7Y22        DSP_PREADD_DATA                              r  top_i/StreamingDataflowPartition_1/inst/StreamingDataflowPartition_1_MVAU_rtl_7/StreamingDataflowPartition_1_MVAU_rtl_7/inst/inst/blkDsp.genblk2_2.core/genPipes[0].genSIMD[0].genDSP.genblk1.dsp/DSP_PREADD_DATA_INST/CLK
                         clock pessimism              0.181     7.414    
                         clock uncertainty           -0.112     7.302    
    DSP48E2_X7Y22        DSP_PREADD_DATA (Setup_DSP_PREADD_DATA_DSP48E2_CLK_AD[19])
                                                      0.029     7.331    top_i/StreamingDataflowPartition_1/inst/StreamingDataflowPartition_1_MVAU_rtl_7/StreamingDataflowPartition_1_MVAU_rtl_7/inst/inst/blkDsp.genblk2_2.core/genPipes[0].genSIMD[0].genDSP.genblk1.dsp/DSP_PREADD_DATA_INST
  -------------------------------------------------------------------
                         required time                          7.331    
                         arrival time                          -6.619    
  -------------------------------------------------------------------
                         slack                                  0.712    

Slack (MET) :             0.712ns  (required time - arrival time)
  Source:                 top_i/StreamingDataflowPartition_1/inst/StreamingDataflowPartition_1_MVAU_rtl_7/StreamingDataflowPartition_1_MVAU_rtl_7_wstrm/inst/core/mem/blkStage2.Mem_reg_bram_0/CLKARDCLK
                            (rising edge-triggered cell RAMB36E2 clocked by clk_pl_0  {rise@0.000ns fall@2.667ns period=5.333ns})
  Destination:            top_i/StreamingDataflowPartition_1/inst/StreamingDataflowPartition_1_MVAU_rtl_7/StreamingDataflowPartition_1_MVAU_rtl_7/inst/inst/blkDsp.genblk2_2.core/genPipes[0].genSIMD[0].genDSP.genblk1.dsp/DSP_PREADD_DATA_INST/AD[20]
                            (rising edge-triggered cell DSP_PREADD_DATA clocked by clk_pl_0  {rise@0.000ns fall@2.667ns period=5.333ns})
  Path Group:             clk_pl_0
  Path Type:              Setup (Max at Slow Process Corner)
  Requirement:            5.333ns  (clk_pl_0 rise@5.333ns - clk_pl_0 rise@0.000ns)
  Data Path Delay:        4.376ns  (logic 3.374ns (77.102%)  route 1.002ns (22.898%))
  Logic Levels:           10  (DSP_PREADD=1 DSP_PREADD_DATA=1 LUT3=1 RAMB36E2=7)
  Clock Path Skew:        -0.162ns (DCD - SCD + CPR)
    Destination Clock Delay (DCD):    1.900ns = ( 7.233 - 5.333 ) 
    Source Clock Delay      (SCD):    2.243ns
    Clock Pessimism Removal (CPR):    0.181ns
  Clock Uncertainty:      0.112ns  ((TSJ^2 + DJ^2)^1/2) / 2 + PE
    Total System Jitter     (TSJ):    0.071ns
    Discrete Jitter          (DJ):    0.213ns
    Phase Error              (PE):    0.000ns
  Clock Net Delay (Source):      2.035ns (routing 0.569ns, distribution 1.466ns)
  Clock Net Delay (Destination): 1.732ns (routing 0.512ns, distribution 1.220ns)

    Location             Delay type                Incr(ns)  Path(ns)    Netlist Resource(s)
  -------------------------------------------------------------------    -------------------
                         (clock clk_pl_0 rise edge)
                                                      0.000     0.000 r  
    PS8_X0Y0             PS8                          0.000     0.000 r  top_i/zynq_ps/inst/PS8_i/PLCLK[0]
                         net (fo=1, routed)           0.180     0.180    top_i/zynq_ps/inst/pl_clk_unbuffered[0]
    BUFG_PS_X0Y80        BUFG_PS (Prop_BUFG_PS_I_O)
                                                      0.028     0.208 r  top_i/zynq_ps/inst/buffer_pl_clk_0.PL_CLK_0_BUFG/O
    X1Y2 (CLOCK_ROOT)    net (fo=61545, routed)       2.035     2.243    top_i/StreamingDataflowPartition_1/inst/StreamingDataflowPartition_1_MVAU_rtl_7/StreamingDataflowPartition_1_MVAU_rtl_7_wstrm/inst/core/mem/ap_clk
    RAMB36_X2Y11         RAMB36E2                                     r  top_i/StreamingDataflowPartition_1/inst/StreamingDataflowPartition_1_MVAU_rtl_7/StreamingDataflowPartition_1_MVAU_rtl_7_wstrm/inst/core/mem/blkStage2.Mem_reg_bram_0/CLKARDCLK
  -------------------------------------------------------------------    -------------------
    RAMB36_X2Y11         RAMB36E2 (Prop_RAMB36E2_RAMB36_CLKARDCLK_CASDOUTA[3])
                                                      1.123     3.366 f  top_i/StreamingDataflowPartition_1/inst/StreamingDataflowPartition_1_MVAU_rtl_7/StreamingDataflowPartition_1_MVAU_rtl_7_wstrm/inst/core/mem/blkStage2.Mem_reg_bram_0/CASDOUTA[3]
                         net (fo=1, routed)           0.034     3.400    top_i/StreamingDataflowPartition_1/inst/StreamingDataflowPartition_1_MVAU_rtl_7/StreamingDataflowPartition_1_MVAU_rtl_7_wstrm/inst/core/mem/blkStage2.Mem_reg_bram_0_n_32
    RAMB36_X2Y12         RAMB36E2 (Prop_RAMB36E2_RAMB36_CASDINA[3]_CASDOUTA[3])
                                                      0.210     3.610 f  top_i/StreamingDataflowPartition_1/inst/StreamingDataflowPartition_1_MVAU_rtl_7/StreamingDataflowPartition_1_MVAU_rtl_7_wstrm/inst/core/mem/blkStage2.Mem_reg_bram_1/CASDOUTA[3]
                         net (fo=1, routed)           0.034     3.644    top_i/StreamingDataflowPartition_1/inst/StreamingDataflowPartition_1_MVAU_rtl_7/StreamingDataflowPartition_1_MVAU_rtl_7_wstrm/inst/core/mem/blkStage2.Mem_reg_bram_1_n_32
    RAMB36_X2Y13         RAMB36E2 (Prop_RAMB36E2_RAMB36_CASDINA[3]_CASDOUTA[3])
                                                      0.210     3.854 f  top_i/StreamingDataflowPartition_1/inst/StreamingDataflowPartition_1_MVAU_rtl_7/StreamingDataflowPartition_1_MVAU_rtl_7_wstrm/inst/core/mem/blkStage2.Mem_reg_bram_2/CASDOUTA[3]
                         net (fo=1, routed)           0.034     3.888    top_i/StreamingDataflowPartition_1/inst/StreamingDataflowPartition_1_MVAU_rtl_7/StreamingDataflowPartition_1_MVAU_rtl_7_wstrm/inst/core/mem/blkStage2.Mem_reg_bram_2_n_32
    RAMB36_X2Y14         RAMB36E2 (Prop_RAMB36E2_RAMB36_CASDINA[3]_CASDOUTA[3])
                                                      0.210     4.098 f  top_i/StreamingDataflowPartition_1/inst/StreamingDataflowPartition_1_MVAU_rtl_7/StreamingDataflowPartition_1_MVAU_rtl_7_wstrm/inst/core/mem/blkStage2.Mem_reg_bram_3/CASDOUTA[3]
                         net (fo=1, routed)           0.034     4.132    top_i/StreamingDataflowPartition_1/inst/StreamingDataflowPartition_1_MVAU_rtl_7/StreamingDataflowPartition_1_MVAU_rtl_7_wstrm/inst/core/mem/blkStage2.Mem_reg_bram_3_n_32
    RAMB36_X2Y15         RAMB36E2 (Prop_RAMB36E2_RAMB36_CASDINA[3]_CASDOUTA[3])
                                                      0.210     4.342 f  top_i/StreamingDataflowPartition_1/inst/StreamingDataflowPartition_1_MVAU_rtl_7/StreamingDataflowPartition_1_MVAU_rtl_7_wstrm/inst/core/mem/blkStage2.Mem_reg_bram_4/CASDOUTA[3]
                         net (fo=1, routed)           0.034     4.376    top_i/StreamingDataflowPartition_1/inst/StreamingDataflowPartition_1_MVAU_rtl_7/StreamingDataflowPartition_1_MVAU_rtl_7_wstrm/inst/core/mem/blkStage2.Mem_reg_bram_4_n_32
    RAMB36_X2Y16         RAMB36E2 (Prop_RAMB36E2_RAMB36_CASDINA[3]_CASDOUTA[3])
                                                      0.210     4.586 f  top_i/StreamingDataflowPartition_1/inst/StreamingDataflowPartition_1_MVAU_rtl_7/StreamingDataflowPartition_1_MVAU_rtl_7_wstrm/inst/core/mem/blkStage2.Mem_reg_bram_5/CASDOUTA[3]
                         net (fo=1, routed)           0.034     4.620    top_i/StreamingDataflowPartition_1/inst/StreamingDataflowPartition_1_MVAU_rtl_7/StreamingDataflowPartition_1_MVAU_rtl_7_wstrm/inst/core/mem/blkStage2.Mem_reg_bram_5_n_32
    RAMB36_X2Y17         RAMB36E2 (Prop_RAMB36E2_RAMB36_CASDINA[3]_CASDOUTA[3])
                                                      0.210     4.830 f  top_i/StreamingDataflowPartition_1/inst/StreamingDataflowPartition_1_MVAU_rtl_7/StreamingDataflowPartition_1_MVAU_rtl_7_wstrm/inst/core/mem/blkStage2.Mem_reg_bram_6/CASDOUTA[3]
                         net (fo=1, routed)           0.034     4.864    top_i/StreamingDataflowPartition_1/inst/StreamingDataflowPartition_1_MVAU_rtl_7/StreamingDataflowPartition_1_MVAU_rtl_7_wstrm/inst/core/mem/blkStage2.Mem_reg_bram_6_n_32
    RAMB36_X2Y18         RAMB36E2 (Prop_RAMB36E2_RAMB36_CASDINA[3]_DOUTADOUT[3])
                                                      0.117     4.981 f  top_i/StreamingDataflowPartition_1/inst/StreamingDataflowPartition_1_MVAU_rtl_7/StreamingDataflowPartition_1_MVAU_rtl_7_wstrm/inst/core/mem/blkStage2.Mem_reg_bram_7/DOUTADOUT[3]
                         net (fo=1, routed)           0.482     5.463    top_i/StreamingDataflowPartition_1/inst/StreamingDataflowPartition_1_MVAU_rtl_7/StreamingDataflowPartition_1_MVAU_rtl_7_wstrm/inst/core/mem/blkStage2.Mem_reg_bram_7_n_96
    SLICE_X69Y59         LUT3 (Prop_C5LUT_SLICEL_I2_O)
                                                      0.110     5.573 f  top_i/StreamingDataflowPartition_1/inst/StreamingDataflowPartition_1_MVAU_rtl_7/StreamingDataflowPartition_1_MVAU_rtl_7_wstrm/inst/core/mem/m_axis_0_tdata[3]_INST_0/O
                         net (fo=1, routed)           0.282     5.855    top_i/StreamingDataflowPartition_1/inst/StreamingDataflowPartition_1_MVAU_rtl_7/StreamingDataflowPartition_1_MVAU_rtl_7/inst/inst/blkDsp.genblk2_2.core/genPipes[0].genSIMD[0].genDSP.genblk1.dsp/D[19]
    DSP48E2_X7Y22        DSP_PREADD_DATA (Prop_DSP_PREADD_DATA_DSP48E2_DIN[19]_D_DATA[19])
                                                      0.240     6.095 r  top_i/StreamingDataflowPartition_1/inst/StreamingDataflowPartition_1_MVAU_rtl_7/StreamingDataflowPartition_1_MVAU_rtl_7/inst/inst/blkDsp.genblk2_2.core/genPipes[0].genSIMD[0].genDSP.genblk1.dsp/DSP_PREADD_DATA_INST/D_DATA[19]
                         net (fo=1, routed)           0.000     6.095    top_i/StreamingDataflowPartition_1/inst/StreamingDataflowPartition_1_MVAU_rtl_7/StreamingDataflowPartition_1_MVAU_rtl_7/inst/inst/blkDsp.genblk2_2.core/genPipes[0].genSIMD[0].genDSP.genblk1.dsp/DSP_PREADD_DATA.D_DATA<19>
    DSP48E2_X7Y22        DSP_PREADD (Prop_DSP_PREADD_DSP48E2_D_DATA[19]_AD[20])
                                                      0.524     6.619 r  top_i/StreamingDataflowPartition_1/inst/StreamingDataflowPartition_1_MVAU_rtl_7/StreamingDataflowPartition_1_MVAU_rtl_7/inst/inst/blkDsp.genblk2_2.core/genPipes[0].genSIMD[0].genDSP.genblk1.dsp/DSP_PREADD_INST/AD[20]
                         net (fo=1, routed)           0.000     6.619    top_i/StreamingDataflowPartition_1/inst/StreamingDataflowPartition_1_MVAU_rtl_7/StreamingDataflowPartition_1_MVAU_rtl_7/inst/inst/blkDsp.genblk2_2.core/genPipes[0].genSIMD[0].genDSP.genblk1.dsp/DSP_PREADD.AD<20>
    DSP48E2_X7Y22        DSP_PREADD_DATA                              r  top_i/StreamingDataflowPartition_1/inst/StreamingDataflowPartition_1_MVAU_rtl_7/StreamingDataflowPartition_1_MVAU_rtl_7/inst/inst/blkDsp.genblk2_2.core/genPipes[0].genSIMD[0].genDSP.genblk1.dsp/DSP_PREADD_DATA_INST/AD[20]
  -------------------------------------------------------------------    -------------------

                         (clock clk_pl_0 rise edge)
                                                      5.333     5.333 r  
    PS8_X0Y0             PS8                          0.000     5.333 r  top_i/zynq_ps/inst/PS8_i/PLCLK[0]
                         net (fo=1, routed)           0.143     5.476    top_i/zynq_ps/inst/pl_clk_unbuffered[0]
    BUFG_PS_X0Y80        BUFG_PS (Prop_BUFG_PS_I_O)
                                                      0.025     5.501 r  top_i/zynq_ps/inst/buffer_pl_clk_0.PL_CLK_0_BUFG/O
    X1Y2 (CLOCK_ROOT)    net (fo=61545, routed)       1.732     7.233    top_i/StreamingDataflowPartition_1/inst/StreamingDataflowPartition_1_MVAU_rtl_7/StreamingDataflowPartition_1_MVAU_rtl_7/inst/inst/blkDsp.genblk2_2.core/genPipes[0].genSIMD[0].genDSP.genblk1.dsp/CLK
    DSP48E2_X7Y22        DSP_PREADD_DATA                              r  top_i/StreamingDataflowPartition_1/inst/StreamingDataflowPartition_1_MVAU_rtl_7/StreamingDataflowPartition_1_MVAU_rtl_7/inst/inst/blkDsp.genblk2_2.core/genPipes[0].genSIMD[0].genDSP.genblk1.dsp/DSP_PREADD_DATA_INST/CLK
                         clock pessimism              0.181     7.414    
                         clock uncertainty           -0.112     7.302    
    DSP48E2_X7Y22        DSP_PREADD_DATA (Setup_DSP_PREADD_DATA_DSP48E2_CLK_AD[20])
                                                      0.029     7.331    top_i/StreamingDataflowPartition_1/inst/StreamingDataflowPartition_1_MVAU_rtl_7/StreamingDataflowPartition_1_MVAU_rtl_7/inst/inst/blkDsp.genblk2_2.core/genPipes[0].genSIMD[0].genDSP.genblk1.dsp/DSP_PREADD_DATA_INST
  -------------------------------------------------------------------
                         required time                          7.331    
                         arrival time                          -6.619    
  -------------------------------------------------------------------
                         slack                                  0.712    

Slack (MET) :             0.712ns  (required time - arrival time)
  Source:                 top_i/StreamingDataflowPartition_1/inst/StreamingDataflowPartition_1_MVAU_rtl_7/StreamingDataflowPartition_1_MVAU_rtl_7_wstrm/inst/core/mem/blkStage2.Mem_reg_bram_0/CLKARDCLK
                            (rising edge-triggered cell RAMB36E2 clocked by clk_pl_0  {rise@0.000ns fall@2.667ns period=5.333ns})
  Destination:            top_i/StreamingDataflowPartition_1/inst/StreamingDataflowPartition_1_MVAU_rtl_7/StreamingDataflowPartition_1_MVAU_rtl_7/inst/inst/blkDsp.genblk2_2.core/genPipes[0].genSIMD[0].genDSP.genblk1.dsp/DSP_PREADD_DATA_INST/AD[21]
                            (rising edge-triggered cell DSP_PREADD_DATA clocked by clk_pl_0  {rise@0.000ns fall@2.667ns period=5.333ns})
  Path Group:             clk_pl_0
  Path Type:              Setup (Max at Slow Process Corner)
  Requirement:            5.333ns  (clk_pl_0 rise@5.333ns - clk_pl_0 rise@0.000ns)
  Data Path Delay:        4.376ns  (logic 3.374ns (77.102%)  route 1.002ns (22.898%))
  Logic Levels:           10  (DSP_PREADD=1 DSP_PREADD_DATA=1 LUT3=1 RAMB36E2=7)
  Clock Path Skew:        -0.162ns (DCD - SCD + CPR)
    Destination Clock Delay (DCD):    1.900ns = ( 7.233 - 5.333 ) 
    Source Clock Delay      (SCD):    2.243ns
    Clock Pessimism Removal (CPR):    0.181ns
  Clock Uncertainty:      0.112ns  ((TSJ^2 + DJ^2)^1/2) / 2 + PE
    Total System Jitter     (TSJ):    0.071ns
    Discrete Jitter          (DJ):    0.213ns
    Phase Error              (PE):    0.000ns
  Clock Net Delay (Source):      2.035ns (routing 0.569ns, distribution 1.466ns)
  Clock Net Delay (Destination): 1.732ns (routing 0.512ns, distribution 1.220ns)

    Location             Delay type                Incr(ns)  Path(ns)    Netlist Resource(s)
  -------------------------------------------------------------------    -------------------
                         (clock clk_pl_0 rise edge)
                                                      0.000     0.000 r  
    PS8_X0Y0             PS8                          0.000     0.000 r  top_i/zynq_ps/inst/PS8_i/PLCLK[0]
                         net (fo=1, routed)           0.180     0.180    top_i/zynq_ps/inst/pl_clk_unbuffered[0]
    BUFG_PS_X0Y80        BUFG_PS (Prop_BUFG_PS_I_O)
                                                      0.028     0.208 r  top_i/zynq_ps/inst/buffer_pl_clk_0.PL_CLK_0_BUFG/O
    X1Y2 (CLOCK_ROOT)    net (fo=61545, routed)       2.035     2.243    top_i/StreamingDataflowPartition_1/inst/StreamingDataflowPartition_1_MVAU_rtl_7/StreamingDataflowPartition_1_MVAU_rtl_7_wstrm/inst/core/mem/ap_clk
    RAMB36_X2Y11         RAMB36E2                                     r  top_i/StreamingDataflowPartition_1/inst/StreamingDataflowPartition_1_MVAU_rtl_7/StreamingDataflowPartition_1_MVAU_rtl_7_wstrm/inst/core/mem/blkStage2.Mem_reg_bram_0/CLKARDCLK
  -------------------------------------------------------------------    -------------------
    RAMB36_X2Y11         RAMB36E2 (Prop_RAMB36E2_RAMB36_CLKARDCLK_CASDOUTA[3])
                                                      1.123     3.366 f  top_i/StreamingDataflowPartition_1/inst/StreamingDataflowPartition_1_MVAU_rtl_7/StreamingDataflowPartition_1_MVAU_rtl_7_wstrm/inst/core/mem/blkStage2.Mem_reg_bram_0/CASDOUTA[3]
                         net (fo=1, routed)           0.034     3.400    top_i/StreamingDataflowPartition_1/inst/StreamingDataflowPartition_1_MVAU_rtl_7/StreamingDataflowPartition_1_MVAU_rtl_7_wstrm/inst/core/mem/blkStage2.Mem_reg_bram_0_n_32
    RAMB36_X2Y12         RAMB36E2 (Prop_RAMB36E2_RAMB36_CASDINA[3]_CASDOUTA[3])
                                                      0.210     3.610 f  top_i/StreamingDataflowPartition_1/inst/StreamingDataflowPartition_1_MVAU_rtl_7/StreamingDataflowPartition_1_MVAU_rtl_7_wstrm/inst/core/mem/blkStage2.Mem_reg_bram_1/CASDOUTA[3]
                         net (fo=1, routed)           0.034     3.644    top_i/StreamingDataflowPartition_1/inst/StreamingDataflowPartition_1_MVAU_rtl_7/StreamingDataflowPartition_1_MVAU_rtl_7_wstrm/inst/core/mem/blkStage2.Mem_reg_bram_1_n_32
    RAMB36_X2Y13         RAMB36E2 (Prop_RAMB36E2_RAMB36_CASDINA[3]_CASDOUTA[3])
                                                      0.210     3.854 f  top_i/StreamingDataflowPartition_1/inst/StreamingDataflowPartition_1_MVAU_rtl_7/StreamingDataflowPartition_1_MVAU_rtl_7_wstrm/inst/core/mem/blkStage2.Mem_reg_bram_2/CASDOUTA[3]
                         net (fo=1, routed)           0.034     3.888    top_i/StreamingDataflowPartition_1/inst/StreamingDataflowPartition_1_MVAU_rtl_7/StreamingDataflowPartition_1_MVAU_rtl_7_wstrm/inst/core/mem/blkStage2.Mem_reg_bram_2_n_32
    RAMB36_X2Y14         RAMB36E2 (Prop_RAMB36E2_RAMB36_CASDINA[3]_CASDOUTA[3])
                                                      0.210     4.098 f  top_i/StreamingDataflowPartition_1/inst/StreamingDataflowPartition_1_MVAU_rtl_7/StreamingDataflowPartition_1_MVAU_rtl_7_wstrm/inst/core/mem/blkStage2.Mem_reg_bram_3/CASDOUTA[3]
                         net (fo=1, routed)           0.034     4.132    top_i/StreamingDataflowPartition_1/inst/StreamingDataflowPartition_1_MVAU_rtl_7/StreamingDataflowPartition_1_MVAU_rtl_7_wstrm/inst/core/mem/blkStage2.Mem_reg_bram_3_n_32
    RAMB36_X2Y15         RAMB36E2 (Prop_RAMB36E2_RAMB36_CASDINA[3]_CASDOUTA[3])
                                                      0.210     4.342 f  top_i/StreamingDataflowPartition_1/inst/StreamingDataflowPartition_1_MVAU_rtl_7/StreamingDataflowPartition_1_MVAU_rtl_7_wstrm/inst/core/mem/blkStage2.Mem_reg_bram_4/CASDOUTA[3]
                         net (fo=1, routed)           0.034     4.376    top_i/StreamingDataflowPartition_1/inst/StreamingDataflowPartition_1_MVAU_rtl_7/StreamingDataflowPartition_1_MVAU_rtl_7_wstrm/inst/core/mem/blkStage2.Mem_reg_bram_4_n_32
    RAMB36_X2Y16         RAMB36E2 (Prop_RAMB36E2_RAMB36_CASDINA[3]_CASDOUTA[3])
                                                      0.210     4.586 f  top_i/StreamingDataflowPartition_1/inst/StreamingDataflowPartition_1_MVAU_rtl_7/StreamingDataflowPartition_1_MVAU_rtl_7_wstrm/inst/core/mem/blkStage2.Mem_reg_bram_5/CASDOUTA[3]
                         net (fo=1, routed)           0.034     4.620    top_i/StreamingDataflowPartition_1/inst/StreamingDataflowPartition_1_MVAU_rtl_7/StreamingDataflowPartition_1_MVAU_rtl_7_wstrm/inst/core/mem/blkStage2.Mem_reg_bram_5_n_32
    RAMB36_X2Y17         RAMB36E2 (Prop_RAMB36E2_RAMB36_CASDINA[3]_CASDOUTA[3])
                                                      0.210     4.830 f  top_i/StreamingDataflowPartition_1/inst/StreamingDataflowPartition_1_MVAU_rtl_7/StreamingDataflowPartition_1_MVAU_rtl_7_wstrm/inst/core/mem/blkStage2.Mem_reg_bram_6/CASDOUTA[3]
                         net (fo=1, routed)           0.034     4.864    top_i/StreamingDataflowPartition_1/inst/StreamingDataflowPartition_1_MVAU_rtl_7/StreamingDataflowPartition_1_MVAU_rtl_7_wstrm/inst/core/mem/blkStage2.Mem_reg_bram_6_n_32
    RAMB36_X2Y18         RAMB36E2 (Prop_RAMB36E2_RAMB36_CASDINA[3]_DOUTADOUT[3])
                                                      0.117     4.981 f  top_i/StreamingDataflowPartition_1/inst/StreamingDataflowPartition_1_MVAU_rtl_7/StreamingDataflowPartition_1_MVAU_rtl_7_wstrm/inst/core/mem/blkStage2.Mem_reg_bram_7/DOUTADOUT[3]
                         net (fo=1, routed)           0.482     5.463    top_i/StreamingDataflowPartition_1/inst/StreamingDataflowPartition_1_MVAU_rtl_7/StreamingDataflowPartition_1_MVAU_rtl_7_wstrm/inst/core/mem/blkStage2.Mem_reg_bram_7_n_96
    SLICE_X69Y59         LUT3 (Prop_C5LUT_SLICEL_I2_O)
                                                      0.110     5.573 f  top_i/StreamingDataflowPartition_1/inst/StreamingDataflowPartition_1_MVAU_rtl_7/StreamingDataflowPartition_1_MVAU_rtl_7_wstrm/inst/core/mem/m_axis_0_tdata[3]_INST_0/O
                         net (fo=1, routed)           0.282     5.855    top_i/StreamingDataflowPartition_1/inst/StreamingDataflowPartition_1_MVAU_rtl_7/StreamingDataflowPartition_1_MVAU_rtl_7/inst/inst/blkDsp.genblk2_2.core/genPipes[0].genSIMD[0].genDSP.genblk1.dsp/D[19]
    DSP48E2_X7Y22        DSP_PREADD_DATA (Prop_DSP_PREADD_DATA_DSP48E2_DIN[19]_D_DATA[19])
                                                      0.240     6.095 r  top_i/StreamingDataflowPartition_1/inst/StreamingDataflowPartition_1_MVAU_rtl_7/StreamingDataflowPartition_1_MVAU_rtl_7/inst/inst/blkDsp.genblk2_2.core/genPipes[0].genSIMD[0].genDSP.genblk1.dsp/DSP_PREADD_DATA_INST/D_DATA[19]
                         net (fo=1, routed)           0.000     6.095    top_i/StreamingDataflowPartition_1/inst/StreamingDataflowPartition_1_MVAU_rtl_7/StreamingDataflowPartition_1_MVAU_rtl_7/inst/inst/blkDsp.genblk2_2.core/genPipes[0].genSIMD[0].genDSP.genblk1.dsp/DSP_PREADD_DATA.D_DATA<19>
    DSP48E2_X7Y22        DSP_PREADD (Prop_DSP_PREADD_DSP48E2_D_DATA[19]_AD[21])
                                                      0.524     6.619 r  top_i/StreamingDataflowPartition_1/inst/StreamingDataflowPartition_1_MVAU_rtl_7/StreamingDataflowPartition_1_MVAU_rtl_7/inst/inst/blkDsp.genblk2_2.core/genPipes[0].genSIMD[0].genDSP.genblk1.dsp/DSP_PREADD_INST/AD[21]
                         net (fo=1, routed)           0.000     6.619    top_i/StreamingDataflowPartition_1/inst/StreamingDataflowPartition_1_MVAU_rtl_7/StreamingDataflowPartition_1_MVAU_rtl_7/inst/inst/blkDsp.genblk2_2.core/genPipes[0].genSIMD[0].genDSP.genblk1.dsp/DSP_PREADD.AD<21>
    DSP48E2_X7Y22        DSP_PREADD_DATA                              r  top_i/StreamingDataflowPartition_1/inst/StreamingDataflowPartition_1_MVAU_rtl_7/StreamingDataflowPartition_1_MVAU_rtl_7/inst/inst/blkDsp.genblk2_2.core/genPipes[0].genSIMD[0].genDSP.genblk1.dsp/DSP_PREADD_DATA_INST/AD[21]
  -------------------------------------------------------------------    -------------------

                         (clock clk_pl_0 rise edge)
                                                      5.333     5.333 r  
    PS8_X0Y0             PS8                          0.000     5.333 r  top_i/zynq_ps/inst/PS8_i/PLCLK[0]
                         net (fo=1, routed)           0.143     5.476    top_i/zynq_ps/inst/pl_clk_unbuffered[0]
    BUFG_PS_X0Y80        BUFG_PS (Prop_BUFG_PS_I_O)
                                                      0.025     5.501 r  top_i/zynq_ps/inst/buffer_pl_clk_0.PL_CLK_0_BUFG/O
    X1Y2 (CLOCK_ROOT)    net (fo=61545, routed)       1.732     7.233    top_i/StreamingDataflowPartition_1/inst/StreamingDataflowPartition_1_MVAU_rtl_7/StreamingDataflowPartition_1_MVAU_rtl_7/inst/inst/blkDsp.genblk2_2.core/genPipes[0].genSIMD[0].genDSP.genblk1.dsp/CLK
    DSP48E2_X7Y22        DSP_PREADD_DATA                              r  top_i/StreamingDataflowPartition_1/inst/StreamingDataflowPartition_1_MVAU_rtl_7/StreamingDataflowPartition_1_MVAU_rtl_7/inst/inst/blkDsp.genblk2_2.core/genPipes[0].genSIMD[0].genDSP.genblk1.dsp/DSP_PREADD_DATA_INST/CLK
                         clock pessimism              0.181     7.414    
                         clock uncertainty           -0.112     7.302    
    DSP48E2_X7Y22        DSP_PREADD_DATA (Setup_DSP_PREADD_DATA_DSP48E2_CLK_AD[21])
                                                      0.029     7.331    top_i/StreamingDataflowPartition_1/inst/StreamingDataflowPartition_1_MVAU_rtl_7/StreamingDataflowPartition_1_MVAU_rtl_7/inst/inst/blkDsp.genblk2_2.core/genPipes[0].genSIMD[0].genDSP.genblk1.dsp/DSP_PREADD_DATA_INST
  -------------------------------------------------------------------
                         required time                          7.331    
                         arrival time                          -6.619    
  -------------------------------------------------------------------
                         slack                                  0.712    

Slack (MET) :             0.712ns  (required time - arrival time)
  Source:                 top_i/StreamingDataflowPartition_1/inst/StreamingDataflowPartition_1_MVAU_rtl_7/StreamingDataflowPartition_1_MVAU_rtl_7_wstrm/inst/core/mem/blkStage2.Mem_reg_bram_0/CLKARDCLK
                            (rising edge-triggered cell RAMB36E2 clocked by clk_pl_0  {rise@0.000ns fall@2.667ns period=5.333ns})
  Destination:            top_i/StreamingDataflowPartition_1/inst/StreamingDataflowPartition_1_MVAU_rtl_7/StreamingDataflowPartition_1_MVAU_rtl_7/inst/inst/blkDsp.genblk2_2.core/genPipes[0].genSIMD[0].genDSP.genblk1.dsp/DSP_PREADD_DATA_INST/AD[22]
                            (rising edge-triggered cell DSP_PREADD_DATA clocked by clk_pl_0  {rise@0.000ns fall@2.667ns period=5.333ns})
  Path Group:             clk_pl_0
  Path Type:              Setup (Max at Slow Process Corner)
  Requirement:            5.333ns  (clk_pl_0 rise@5.333ns - clk_pl_0 rise@0.000ns)
  Data Path Delay:        4.376ns  (logic 3.374ns (77.102%)  route 1.002ns (22.898%))
  Logic Levels:           10  (DSP_PREADD=1 DSP_PREADD_DATA=1 LUT3=1 RAMB36E2=7)
  Clock Path Skew:        -0.162ns (DCD - SCD + CPR)
    Destination Clock Delay (DCD):    1.900ns = ( 7.233 - 5.333 ) 
    Source Clock Delay      (SCD):    2.243ns
    Clock Pessimism Removal (CPR):    0.181ns
  Clock Uncertainty:      0.112ns  ((TSJ^2 + DJ^2)^1/2) / 2 + PE
    Total System Jitter     (TSJ):    0.071ns
    Discrete Jitter          (DJ):    0.213ns
    Phase Error              (PE):    0.000ns
  Clock Net Delay (Source):      2.035ns (routing 0.569ns, distribution 1.466ns)
  Clock Net Delay (Destination): 1.732ns (routing 0.512ns, distribution 1.220ns)

    Location             Delay type                Incr(ns)  Path(ns)    Netlist Resource(s)
  -------------------------------------------------------------------    -------------------
                         (clock clk_pl_0 rise edge)
                                                      0.000     0.000 r  
    PS8_X0Y0             PS8                          0.000     0.000 r  top_i/zynq_ps/inst/PS8_i/PLCLK[0]
                         net (fo=1, routed)           0.180     0.180    top_i/zynq_ps/inst/pl_clk_unbuffered[0]
    BUFG_PS_X0Y80        BUFG_PS (Prop_BUFG_PS_I_O)
                                                      0.028     0.208 r  top_i/zynq_ps/inst/buffer_pl_clk_0.PL_CLK_0_BUFG/O
    X1Y2 (CLOCK_ROOT)    net (fo=61545, routed)       2.035     2.243    top_i/StreamingDataflowPartition_1/inst/StreamingDataflowPartition_1_MVAU_rtl_7/StreamingDataflowPartition_1_MVAU_rtl_7_wstrm/inst/core/mem/ap_clk
    RAMB36_X2Y11         RAMB36E2                                     r  top_i/StreamingDataflowPartition_1/inst/StreamingDataflowPartition_1_MVAU_rtl_7/StreamingDataflowPartition_1_MVAU_rtl_7_wstrm/inst/core/mem/blkStage2.Mem_reg_bram_0/CLKARDCLK
  -------------------------------------------------------------------    -------------------
    RAMB36_X2Y11         RAMB36E2 (Prop_RAMB36E2_RAMB36_CLKARDCLK_CASDOUTA[3])
                                                      1.123     3.366 f  top_i/StreamingDataflowPartition_1/inst/StreamingDataflowPartition_1_MVAU_rtl_7/StreamingDataflowPartition_1_MVAU_rtl_7_wstrm/inst/core/mem/blkStage2.Mem_reg_bram_0/CASDOUTA[3]
                         net (fo=1, routed)           0.034     3.400    top_i/StreamingDataflowPartition_1/inst/StreamingDataflowPartition_1_MVAU_rtl_7/StreamingDataflowPartition_1_MVAU_rtl_7_wstrm/inst/core/mem/blkStage2.Mem_reg_bram_0_n_32
    RAMB36_X2Y12         RAMB36E2 (Prop_RAMB36E2_RAMB36_CASDINA[3]_CASDOUTA[3])
                                                      0.210     3.610 f  top_i/StreamingDataflowPartition_1/inst/StreamingDataflowPartition_1_MVAU_rtl_7/StreamingDataflowPartition_1_MVAU_rtl_7_wstrm/inst/core/mem/blkStage2.Mem_reg_bram_1/CASDOUTA[3]
                         net (fo=1, routed)           0.034     3.644    top_i/StreamingDataflowPartition_1/inst/StreamingDataflowPartition_1_MVAU_rtl_7/StreamingDataflowPartition_1_MVAU_rtl_7_wstrm/inst/core/mem/blkStage2.Mem_reg_bram_1_n_32
    RAMB36_X2Y13         RAMB36E2 (Prop_RAMB36E2_RAMB36_CASDINA[3]_CASDOUTA[3])
                                                      0.210     3.854 f  top_i/StreamingDataflowPartition_1/inst/StreamingDataflowPartition_1_MVAU_rtl_7/StreamingDataflowPartition_1_MVAU_rtl_7_wstrm/inst/core/mem/blkStage2.Mem_reg_bram_2/CASDOUTA[3]
                         net (fo=1, routed)           0.034     3.888    top_i/StreamingDataflowPartition_1/inst/StreamingDataflowPartition_1_MVAU_rtl_7/StreamingDataflowPartition_1_MVAU_rtl_7_wstrm/inst/core/mem/blkStage2.Mem_reg_bram_2_n_32
    RAMB36_X2Y14         RAMB36E2 (Prop_RAMB36E2_RAMB36_CASDINA[3]_CASDOUTA[3])
                                                      0.210     4.098 f  top_i/StreamingDataflowPartition_1/inst/StreamingDataflowPartition_1_MVAU_rtl_7/StreamingDataflowPartition_1_MVAU_rtl_7_wstrm/inst/core/mem/blkStage2.Mem_reg_bram_3/CASDOUTA[3]
                         net (fo=1, routed)           0.034     4.132    top_i/StreamingDataflowPartition_1/inst/StreamingDataflowPartition_1_MVAU_rtl_7/StreamingDataflowPartition_1_MVAU_rtl_7_wstrm/inst/core/mem/blkStage2.Mem_reg_bram_3_n_32
    RAMB36_X2Y15         RAMB36E2 (Prop_RAMB36E2_RAMB36_CASDINA[3]_CASDOUTA[3])
                                                      0.210     4.342 f  top_i/StreamingDataflowPartition_1/inst/StreamingDataflowPartition_1_MVAU_rtl_7/StreamingDataflowPartition_1_MVAU_rtl_7_wstrm/inst/core/mem/blkStage2.Mem_reg_bram_4/CASDOUTA[3]
                         net (fo=1, routed)           0.034     4.376    top_i/StreamingDataflowPartition_1/inst/StreamingDataflowPartition_1_MVAU_rtl_7/StreamingDataflowPartition_1_MVAU_rtl_7_wstrm/inst/core/mem/blkStage2.Mem_reg_bram_4_n_32
    RAMB36_X2Y16         RAMB36E2 (Prop_RAMB36E2_RAMB36_CASDINA[3]_CASDOUTA[3])
                                                      0.210     4.586 f  top_i/StreamingDataflowPartition_1/inst/StreamingDataflowPartition_1_MVAU_rtl_7/StreamingDataflowPartition_1_MVAU_rtl_7_wstrm/inst/core/mem/blkStage2.Mem_reg_bram_5/CASDOUTA[3]
                         net (fo=1, routed)           0.034     4.620    top_i/StreamingDataflowPartition_1/inst/StreamingDataflowPartition_1_MVAU_rtl_7/StreamingDataflowPartition_1_MVAU_rtl_7_wstrm/inst/core/mem/blkStage2.Mem_reg_bram_5_n_32
    RAMB36_X2Y17         RAMB36E2 (Prop_RAMB36E2_RAMB36_CASDINA[3]_CASDOUTA[3])
                                                      0.210     4.830 f  top_i/StreamingDataflowPartition_1/inst/StreamingDataflowPartition_1_MVAU_rtl_7/StreamingDataflowPartition_1_MVAU_rtl_7_wstrm/inst/core/mem/blkStage2.Mem_reg_bram_6/CASDOUTA[3]
                         net (fo=1, routed)           0.034     4.864    top_i/StreamingDataflowPartition_1/inst/StreamingDataflowPartition_1_MVAU_rtl_7/StreamingDataflowPartition_1_MVAU_rtl_7_wstrm/inst/core/mem/blkStage2.Mem_reg_bram_6_n_32
    RAMB36_X2Y18         RAMB36E2 (Prop_RAMB36E2_RAMB36_CASDINA[3]_DOUTADOUT[3])
                                                      0.117     4.981 f  top_i/StreamingDataflowPartition_1/inst/StreamingDataflowPartition_1_MVAU_rtl_7/StreamingDataflowPartition_1_MVAU_rtl_7_wstrm/inst/core/mem/blkStage2.Mem_reg_bram_7/DOUTADOUT[3]
                         net (fo=1, routed)           0.482     5.463    top_i/StreamingDataflowPartition_1/inst/StreamingDataflowPartition_1_MVAU_rtl_7/StreamingDataflowPartition_1_MVAU_rtl_7_wstrm/inst/core/mem/blkStage2.Mem_reg_bram_7_n_96
    SLICE_X69Y59         LUT3 (Prop_C5LUT_SLICEL_I2_O)
                                                      0.110     5.573 f  top_i/StreamingDataflowPartition_1/inst/StreamingDataflowPartition_1_MVAU_rtl_7/StreamingDataflowPartition_1_MVAU_rtl_7_wstrm/inst/core/mem/m_axis_0_tdata[3]_INST_0/O
                         net (fo=1, routed)           0.282     5.855    top_i/StreamingDataflowPartition_1/inst/StreamingDataflowPartition_1_MVAU_rtl_7/StreamingDataflowPartition_1_MVAU_rtl_7/inst/inst/blkDsp.genblk2_2.core/genPipes[0].genSIMD[0].genDSP.genblk1.dsp/D[19]
    DSP48E2_X7Y22        DSP_PREADD_DATA (Prop_DSP_PREADD_DATA_DSP48E2_DIN[19]_D_DATA[19])
                                                      0.240     6.095 r  top_i/StreamingDataflowPartition_1/inst/StreamingDataflowPartition_1_MVAU_rtl_7/StreamingDataflowPartition_1_MVAU_rtl_7/inst/inst/blkDsp.genblk2_2.core/genPipes[0].genSIMD[0].genDSP.genblk1.dsp/DSP_PREADD_DATA_INST/D_DATA[19]
                         net (fo=1, routed)           0.000     6.095    top_i/StreamingDataflowPartition_1/inst/StreamingDataflowPartition_1_MVAU_rtl_7/StreamingDataflowPartition_1_MVAU_rtl_7/inst/inst/blkDsp.genblk2_2.core/genPipes[0].genSIMD[0].genDSP.genblk1.dsp/DSP_PREADD_DATA.D_DATA<19>
    DSP48E2_X7Y22        DSP_PREADD (Prop_DSP_PREADD_DSP48E2_D_DATA[19]_AD[22])
                                                      0.524     6.619 r  top_i/StreamingDataflowPartition_1/inst/StreamingDataflowPartition_1_MVAU_rtl_7/StreamingDataflowPartition_1_MVAU_rtl_7/inst/inst/blkDsp.genblk2_2.core/genPipes[0].genSIMD[0].genDSP.genblk1.dsp/DSP_PREADD_INST/AD[22]
                         net (fo=1, routed)           0.000     6.619    top_i/StreamingDataflowPartition_1/inst/StreamingDataflowPartition_1_MVAU_rtl_7/StreamingDataflowPartition_1_MVAU_rtl_7/inst/inst/blkDsp.genblk2_2.core/genPipes[0].genSIMD[0].genDSP.genblk1.dsp/DSP_PREADD.AD<22>
    DSP48E2_X7Y22        DSP_PREADD_DATA                              r  top_i/StreamingDataflowPartition_1/inst/StreamingDataflowPartition_1_MVAU_rtl_7/StreamingDataflowPartition_1_MVAU_rtl_7/inst/inst/blkDsp.genblk2_2.core/genPipes[0].genSIMD[0].genDSP.genblk1.dsp/DSP_PREADD_DATA_INST/AD[22]
  -------------------------------------------------------------------    -------------------

                         (clock clk_pl_0 rise edge)
                                                      5.333     5.333 r  
    PS8_X0Y0             PS8                          0.000     5.333 r  top_i/zynq_ps/inst/PS8_i/PLCLK[0]
                         net (fo=1, routed)           0.143     5.476    top_i/zynq_ps/inst/pl_clk_unbuffered[0]
    BUFG_PS_X0Y80        BUFG_PS (Prop_BUFG_PS_I_O)
                                                      0.025     5.501 r  top_i/zynq_ps/inst/buffer_pl_clk_0.PL_CLK_0_BUFG/O
    X1Y2 (CLOCK_ROOT)    net (fo=61545, routed)       1.732     7.233    top_i/StreamingDataflowPartition_1/inst/StreamingDataflowPartition_1_MVAU_rtl_7/StreamingDataflowPartition_1_MVAU_rtl_7/inst/inst/blkDsp.genblk2_2.core/genPipes[0].genSIMD[0].genDSP.genblk1.dsp/CLK
    DSP48E2_X7Y22        DSP_PREADD_DATA                              r  top_i/StreamingDataflowPartition_1/inst/StreamingDataflowPartition_1_MVAU_rtl_7/StreamingDataflowPartition_1_MVAU_rtl_7/inst/inst/blkDsp.genblk2_2.core/genPipes[0].genSIMD[0].genDSP.genblk1.dsp/DSP_PREADD_DATA_INST/CLK
                         clock pessimism              0.181     7.414    
                         clock uncertainty           -0.112     7.302    
    DSP48E2_X7Y22        DSP_PREADD_DATA (Setup_DSP_PREADD_DATA_DSP48E2_CLK_AD[22])
                                                      0.029     7.331    top_i/StreamingDataflowPartition_1/inst/StreamingDataflowPartition_1_MVAU_rtl_7/StreamingDataflowPartition_1_MVAU_rtl_7/inst/inst/blkDsp.genblk2_2.core/genPipes[0].genSIMD[0].genDSP.genblk1.dsp/DSP_PREADD_DATA_INST
  -------------------------------------------------------------------
                         required time                          7.331    
                         arrival time                          -6.619    
  -------------------------------------------------------------------
                         slack                                  0.712    

Slack (MET) :             0.712ns  (required time - arrival time)
  Source:                 top_i/StreamingDataflowPartition_1/inst/StreamingDataflowPartition_1_MVAU_rtl_7/StreamingDataflowPartition_1_MVAU_rtl_7_wstrm/inst/core/mem/blkStage2.Mem_reg_bram_0/CLKARDCLK
                            (rising edge-triggered cell RAMB36E2 clocked by clk_pl_0  {rise@0.000ns fall@2.667ns period=5.333ns})
  Destination:            top_i/StreamingDataflowPartition_1/inst/StreamingDataflowPartition_1_MVAU_rtl_7/StreamingDataflowPartition_1_MVAU_rtl_7/inst/inst/blkDsp.genblk2_2.core/genPipes[0].genSIMD[0].genDSP.genblk1.dsp/DSP_PREADD_DATA_INST/AD[23]
                            (rising edge-triggered cell DSP_PREADD_DATA clocked by clk_pl_0  {rise@0.000ns fall@2.667ns period=5.333ns})
  Path Group:             clk_pl_0
  Path Type:              Setup (Max at Slow Process Corner)
  Requirement:            5.333ns  (clk_pl_0 rise@5.333ns - clk_pl_0 rise@0.000ns)
  Data Path Delay:        4.376ns  (logic 3.374ns (77.102%)  route 1.002ns (22.898%))
  Logic Levels:           10  (DSP_PREADD=1 DSP_PREADD_DATA=1 LUT3=1 RAMB36E2=7)
  Clock Path Skew:        -0.162ns (DCD - SCD + CPR)
    Destination Clock Delay (DCD):    1.900ns = ( 7.233 - 5.333 ) 
    Source Clock Delay      (SCD):    2.243ns
    Clock Pessimism Removal (CPR):    0.181ns
  Clock Uncertainty:      0.112ns  ((TSJ^2 + DJ^2)^1/2) / 2 + PE
    Total System Jitter     (TSJ):    0.071ns
    Discrete Jitter          (DJ):    0.213ns
    Phase Error              (PE):    0.000ns
  Clock Net Delay (Source):      2.035ns (routing 0.569ns, distribution 1.466ns)
  Clock Net Delay (Destination): 1.732ns (routing 0.512ns, distribution 1.220ns)

    Location             Delay type                Incr(ns)  Path(ns)    Netlist Resource(s)
  -------------------------------------------------------------------    -------------------
                         (clock clk_pl_0 rise edge)
                                                      0.000     0.000 r  
    PS8_X0Y0             PS8                          0.000     0.000 r  top_i/zynq_ps/inst/PS8_i/PLCLK[0]
                         net (fo=1, routed)           0.180     0.180    top_i/zynq_ps/inst/pl_clk_unbuffered[0]
    BUFG_PS_X0Y80        BUFG_PS (Prop_BUFG_PS_I_O)
                                                      0.028     0.208 r  top_i/zynq_ps/inst/buffer_pl_clk_0.PL_CLK_0_BUFG/O
    X1Y2 (CLOCK_ROOT)    net (fo=61545, routed)       2.035     2.243    top_i/StreamingDataflowPartition_1/inst/StreamingDataflowPartition_1_MVAU_rtl_7/StreamingDataflowPartition_1_MVAU_rtl_7_wstrm/inst/core/mem/ap_clk
    RAMB36_X2Y11         RAMB36E2                                     r  top_i/StreamingDataflowPartition_1/inst/StreamingDataflowPartition_1_MVAU_rtl_7/StreamingDataflowPartition_1_MVAU_rtl_7_wstrm/inst/core/mem/blkStage2.Mem_reg_bram_0/CLKARDCLK
  -------------------------------------------------------------------    -------------------
    RAMB36_X2Y11         RAMB36E2 (Prop_RAMB36E2_RAMB36_CLKARDCLK_CASDOUTA[3])
                                                      1.123     3.366 f  top_i/StreamingDataflowPartition_1/inst/StreamingDataflowPartition_1_MVAU_rtl_7/StreamingDataflowPartition_1_MVAU_rtl_7_wstrm/inst/core/mem/blkStage2.Mem_reg_bram_0/CASDOUTA[3]
                         net (fo=1, routed)           0.034     3.400    top_i/StreamingDataflowPartition_1/inst/StreamingDataflowPartition_1_MVAU_rtl_7/StreamingDataflowPartition_1_MVAU_rtl_7_wstrm/inst/core/mem/blkStage2.Mem_reg_bram_0_n_32
    RAMB36_X2Y12         RAMB36E2 (Prop_RAMB36E2_RAMB36_CASDINA[3]_CASDOUTA[3])
                                                      0.210     3.610 f  top_i/StreamingDataflowPartition_1/inst/StreamingDataflowPartition_1_MVAU_rtl_7/StreamingDataflowPartition_1_MVAU_rtl_7_wstrm/inst/core/mem/blkStage2.Mem_reg_bram_1/CASDOUTA[3]
                         net (fo=1, routed)           0.034     3.644    top_i/StreamingDataflowPartition_1/inst/StreamingDataflowPartition_1_MVAU_rtl_7/StreamingDataflowPartition_1_MVAU_rtl_7_wstrm/inst/core/mem/blkStage2.Mem_reg_bram_1_n_32
    RAMB36_X2Y13         RAMB36E2 (Prop_RAMB36E2_RAMB36_CASDINA[3]_CASDOUTA[3])
                                                      0.210     3.854 f  top_i/StreamingDataflowPartition_1/inst/StreamingDataflowPartition_1_MVAU_rtl_7/StreamingDataflowPartition_1_MVAU_rtl_7_wstrm/inst/core/mem/blkStage2.Mem_reg_bram_2/CASDOUTA[3]
                         net (fo=1, routed)           0.034     3.888    top_i/StreamingDataflowPartition_1/inst/StreamingDataflowPartition_1_MVAU_rtl_7/StreamingDataflowPartition_1_MVAU_rtl_7_wstrm/inst/core/mem/blkStage2.Mem_reg_bram_2_n_32
    RAMB36_X2Y14         RAMB36E2 (Prop_RAMB36E2_RAMB36_CASDINA[3]_CASDOUTA[3])
                                                      0.210     4.098 f  top_i/StreamingDataflowPartition_1/inst/StreamingDataflowPartition_1_MVAU_rtl_7/StreamingDataflowPartition_1_MVAU_rtl_7_wstrm/inst/core/mem/blkStage2.Mem_reg_bram_3/CASDOUTA[3]
                         net (fo=1, routed)           0.034     4.132    top_i/StreamingDataflowPartition_1/inst/StreamingDataflowPartition_1_MVAU_rtl_7/StreamingDataflowPartition_1_MVAU_rtl_7_wstrm/inst/core/mem/blkStage2.Mem_reg_bram_3_n_32
    RAMB36_X2Y15         RAMB36E2 (Prop_RAMB36E2_RAMB36_CASDINA[3]_CASDOUTA[3])
                                                      0.210     4.342 f  top_i/StreamingDataflowPartition_1/inst/StreamingDataflowPartition_1_MVAU_rtl_7/StreamingDataflowPartition_1_MVAU_rtl_7_wstrm/inst/core/mem/blkStage2.Mem_reg_bram_4/CASDOUTA[3]
                         net (fo=1, routed)           0.034     4.376    top_i/StreamingDataflowPartition_1/inst/StreamingDataflowPartition_1_MVAU_rtl_7/StreamingDataflowPartition_1_MVAU_rtl_7_wstrm/inst/core/mem/blkStage2.Mem_reg_bram_4_n_32
    RAMB36_X2Y16         RAMB36E2 (Prop_RAMB36E2_RAMB36_CASDINA[3]_CASDOUTA[3])
                                                      0.210     4.586 f  top_i/StreamingDataflowPartition_1/inst/StreamingDataflowPartition_1_MVAU_rtl_7/StreamingDataflowPartition_1_MVAU_rtl_7_wstrm/inst/core/mem/blkStage2.Mem_reg_bram_5/CASDOUTA[3]
                         net (fo=1, routed)           0.034     4.620    top_i/StreamingDataflowPartition_1/inst/StreamingDataflowPartition_1_MVAU_rtl_7/StreamingDataflowPartition_1_MVAU_rtl_7_wstrm/inst/core/mem/blkStage2.Mem_reg_bram_5_n_32
    RAMB36_X2Y17         RAMB36E2 (Prop_RAMB36E2_RAMB36_CASDINA[3]_CASDOUTA[3])
                                                      0.210     4.830 f  top_i/StreamingDataflowPartition_1/inst/StreamingDataflowPartition_1_MVAU_rtl_7/StreamingDataflowPartition_1_MVAU_rtl_7_wstrm/inst/core/mem/blkStage2.Mem_reg_bram_6/CASDOUTA[3]
                         net (fo=1, routed)           0.034     4.864    top_i/StreamingDataflowPartition_1/inst/StreamingDataflowPartition_1_MVAU_rtl_7/StreamingDataflowPartition_1_MVAU_rtl_7_wstrm/inst/core/mem/blkStage2.Mem_reg_bram_6_n_32
    RAMB36_X2Y18         RAMB36E2 (Prop_RAMB36E2_RAMB36_CASDINA[3]_DOUTADOUT[3])
                                                      0.117     4.981 f  top_i/StreamingDataflowPartition_1/inst/StreamingDataflowPartition_1_MVAU_rtl_7/StreamingDataflowPartition_1_MVAU_rtl_7_wstrm/inst/core/mem/blkStage2.Mem_reg_bram_7/DOUTADOUT[3]
                         net (fo=1, routed)           0.482     5.463    top_i/StreamingDataflowPartition_1/inst/StreamingDataflowPartition_1_MVAU_rtl_7/StreamingDataflowPartition_1_MVAU_rtl_7_wstrm/inst/core/mem/blkStage2.Mem_reg_bram_7_n_96
    SLICE_X69Y59         LUT3 (Prop_C5LUT_SLICEL_I2_O)
                                                      0.110     5.573 f  top_i/StreamingDataflowPartition_1/inst/StreamingDataflowPartition_1_MVAU_rtl_7/StreamingDataflowPartition_1_MVAU_rtl_7_wstrm/inst/core/mem/m_axis_0_tdata[3]_INST_0/O
                         net (fo=1, routed)           0.282     5.855    top_i/StreamingDataflowPartition_1/inst/StreamingDataflowPartition_1_MVAU_rtl_7/StreamingDataflowPartition_1_MVAU_rtl_7/inst/inst/blkDsp.genblk2_2.core/genPipes[0].genSIMD[0].genDSP.genblk1.dsp/D[19]
    DSP48E2_X7Y22        DSP_PREADD_DATA (Prop_DSP_PREADD_DATA_DSP48E2_DIN[19]_D_DATA[19])
                                                      0.240     6.095 r  top_i/StreamingDataflowPartition_1/inst/StreamingDataflowPartition_1_MVAU_rtl_7/StreamingDataflowPartition_1_MVAU_rtl_7/inst/inst/blkDsp.genblk2_2.core/genPipes[0].genSIMD[0].genDSP.genblk1.dsp/DSP_PREADD_DATA_INST/D_DATA[19]
                         net (fo=1, routed)           0.000     6.095    top_i/StreamingDataflowPartition_1/inst/StreamingDataflowPartition_1_MVAU_rtl_7/StreamingDataflowPartition_1_MVAU_rtl_7/inst/inst/blkDsp.genblk2_2.core/genPipes[0].genSIMD[0].genDSP.genblk1.dsp/DSP_PREADD_DATA.D_DATA<19>
    DSP48E2_X7Y22        DSP_PREADD (Prop_DSP_PREADD_DSP48E2_D_DATA[19]_AD[23])
                                                      0.524     6.619 r  top_i/StreamingDataflowPartition_1/inst/StreamingDataflowPartition_1_MVAU_rtl_7/StreamingDataflowPartition_1_MVAU_rtl_7/inst/inst/blkDsp.genblk2_2.core/genPipes[0].genSIMD[0].genDSP.genblk1.dsp/DSP_PREADD_INST/AD[23]
                         net (fo=1, routed)           0.000     6.619    top_i/StreamingDataflowPartition_1/inst/StreamingDataflowPartition_1_MVAU_rtl_7/StreamingDataflowPartition_1_MVAU_rtl_7/inst/inst/blkDsp.genblk2_2.core/genPipes[0].genSIMD[0].genDSP.genblk1.dsp/DSP_PREADD.AD<23>
    DSP48E2_X7Y22        DSP_PREADD_DATA                              r  top_i/StreamingDataflowPartition_1/inst/StreamingDataflowPartition_1_MVAU_rtl_7/StreamingDataflowPartition_1_MVAU_rtl_7/inst/inst/blkDsp.genblk2_2.core/genPipes[0].genSIMD[0].genDSP.genblk1.dsp/DSP_PREADD_DATA_INST/AD[23]
  -------------------------------------------------------------------    -------------------

                         (clock clk_pl_0 rise edge)
                                                      5.333     5.333 r  
    PS8_X0Y0             PS8                          0.000     5.333 r  top_i/zynq_ps/inst/PS8_i/PLCLK[0]
                         net (fo=1, routed)           0.143     5.476    top_i/zynq_ps/inst/pl_clk_unbuffered[0]
    BUFG_PS_X0Y80        BUFG_PS (Prop_BUFG_PS_I_O)
                                                      0.025     5.501 r  top_i/zynq_ps/inst/buffer_pl_clk_0.PL_CLK_0_BUFG/O
    X1Y2 (CLOCK_ROOT)    net (fo=61545, routed)       1.732     7.233    top_i/StreamingDataflowPartition_1/inst/StreamingDataflowPartition_1_MVAU_rtl_7/StreamingDataflowPartition_1_MVAU_rtl_7/inst/inst/blkDsp.genblk2_2.core/genPipes[0].genSIMD[0].genDSP.genblk1.dsp/CLK
    DSP48E2_X7Y22        DSP_PREADD_DATA                              r  top_i/StreamingDataflowPartition_1/inst/StreamingDataflowPartition_1_MVAU_rtl_7/StreamingDataflowPartition_1_MVAU_rtl_7/inst/inst/blkDsp.genblk2_2.core/genPipes[0].genSIMD[0].genDSP.genblk1.dsp/DSP_PREADD_DATA_INST/CLK
                         clock pessimism              0.181     7.414    
                         clock uncertainty           -0.112     7.302    
    DSP48E2_X7Y22        DSP_PREADD_DATA (Setup_DSP_PREADD_DATA_DSP48E2_CLK_AD[23])
                                                      0.029     7.331    top_i/StreamingDataflowPartition_1/inst/StreamingDataflowPartition_1_MVAU_rtl_7/StreamingDataflowPartition_1_MVAU_rtl_7/inst/inst/blkDsp.genblk2_2.core/genPipes[0].genSIMD[0].genDSP.genblk1.dsp/DSP_PREADD_DATA_INST
  -------------------------------------------------------------------
                         required time                          7.331    
                         arrival time                          -6.619    
  -------------------------------------------------------------------
                         slack                                  0.712    

Slack (MET) :             0.712ns  (required time - arrival time)
  Source:                 top_i/StreamingDataflowPartition_1/inst/StreamingDataflowPartition_1_MVAU_rtl_7/StreamingDataflowPartition_1_MVAU_rtl_7_wstrm/inst/core/mem/blkStage2.Mem_reg_bram_0/CLKARDCLK
                            (rising edge-triggered cell RAMB36E2 clocked by clk_pl_0  {rise@0.000ns fall@2.667ns period=5.333ns})
  Destination:            top_i/StreamingDataflowPartition_1/inst/StreamingDataflowPartition_1_MVAU_rtl_7/StreamingDataflowPartition_1_MVAU_rtl_7/inst/inst/blkDsp.genblk2_2.core/genPipes[0].genSIMD[0].genDSP.genblk1.dsp/DSP_PREADD_DATA_INST/AD[24]
                            (rising edge-triggered cell DSP_PREADD_DATA clocked by clk_pl_0  {rise@0.000ns fall@2.667ns period=5.333ns})
  Path Group:             clk_pl_0
  Path Type:              Setup (Max at Slow Process Corner)
  Requirement:            5.333ns  (clk_pl_0 rise@5.333ns - clk_pl_0 rise@0.000ns)
  Data Path Delay:        4.376ns  (logic 3.374ns (77.102%)  route 1.002ns (22.898%))
  Logic Levels:           10  (DSP_PREADD=1 DSP_PREADD_DATA=1 LUT3=1 RAMB36E2=7)
  Clock Path Skew:        -0.162ns (DCD - SCD + CPR)
    Destination Clock Delay (DCD):    1.900ns = ( 7.233 - 5.333 ) 
    Source Clock Delay      (SCD):    2.243ns
    Clock Pessimism Removal (CPR):    0.181ns
  Clock Uncertainty:      0.112ns  ((TSJ^2 + DJ^2)^1/2) / 2 + PE
    Total System Jitter     (TSJ):    0.071ns
    Discrete Jitter          (DJ):    0.213ns
    Phase Error              (PE):    0.000ns
  Clock Net Delay (Source):      2.035ns (routing 0.569ns, distribution 1.466ns)
  Clock Net Delay (Destination): 1.732ns (routing 0.512ns, distribution 1.220ns)

    Location             Delay type                Incr(ns)  Path(ns)    Netlist Resource(s)
  -------------------------------------------------------------------    -------------------
                         (clock clk_pl_0 rise edge)
                                                      0.000     0.000 r  
    PS8_X0Y0             PS8                          0.000     0.000 r  top_i/zynq_ps/inst/PS8_i/PLCLK[0]
                         net (fo=1, routed)           0.180     0.180    top_i/zynq_ps/inst/pl_clk_unbuffered[0]
    BUFG_PS_X0Y80        BUFG_PS (Prop_BUFG_PS_I_O)
                                                      0.028     0.208 r  top_i/zynq_ps/inst/buffer_pl_clk_0.PL_CLK_0_BUFG/O
    X1Y2 (CLOCK_ROOT)    net (fo=61545, routed)       2.035     2.243    top_i/StreamingDataflowPartition_1/inst/StreamingDataflowPartition_1_MVAU_rtl_7/StreamingDataflowPartition_1_MVAU_rtl_7_wstrm/inst/core/mem/ap_clk
    RAMB36_X2Y11         RAMB36E2                                     r  top_i/StreamingDataflowPartition_1/inst/StreamingDataflowPartition_1_MVAU_rtl_7/StreamingDataflowPartition_1_MVAU_rtl_7_wstrm/inst/core/mem/blkStage2.Mem_reg_bram_0/CLKARDCLK
  -------------------------------------------------------------------    -------------------
    RAMB36_X2Y11         RAMB36E2 (Prop_RAMB36E2_RAMB36_CLKARDCLK_CASDOUTA[3])
                                                      1.123     3.366 f  top_i/StreamingDataflowPartition_1/inst/StreamingDataflowPartition_1_MVAU_rtl_7/StreamingDataflowPartition_1_MVAU_rtl_7_wstrm/inst/core/mem/blkStage2.Mem_reg_bram_0/CASDOUTA[3]
                         net (fo=1, routed)           0.034     3.400    top_i/StreamingDataflowPartition_1/inst/StreamingDataflowPartition_1_MVAU_rtl_7/StreamingDataflowPartition_1_MVAU_rtl_7_wstrm/inst/core/mem/blkStage2.Mem_reg_bram_0_n_32
    RAMB36_X2Y12         RAMB36E2 (Prop_RAMB36E2_RAMB36_CASDINA[3]_CASDOUTA[3])
                                                      0.210     3.610 f  top_i/StreamingDataflowPartition_1/inst/StreamingDataflowPartition_1_MVAU_rtl_7/StreamingDataflowPartition_1_MVAU_rtl_7_wstrm/inst/core/mem/blkStage2.Mem_reg_bram_1/CASDOUTA[3]
                         net (fo=1, routed)           0.034     3.644    top_i/StreamingDataflowPartition_1/inst/StreamingDataflowPartition_1_MVAU_rtl_7/StreamingDataflowPartition_1_MVAU_rtl_7_wstrm/inst/core/mem/blkStage2.Mem_reg_bram_1_n_32
    RAMB36_X2Y13         RAMB36E2 (Prop_RAMB36E2_RAMB36_CASDINA[3]_CASDOUTA[3])
                                                      0.210     3.854 f  top_i/StreamingDataflowPartition_1/inst/StreamingDataflowPartition_1_MVAU_rtl_7/StreamingDataflowPartition_1_MVAU_rtl_7_wstrm/inst/core/mem/blkStage2.Mem_reg_bram_2/CASDOUTA[3]
                         net (fo=1, routed)           0.034     3.888    top_i/StreamingDataflowPartition_1/inst/StreamingDataflowPartition_1_MVAU_rtl_7/StreamingDataflowPartition_1_MVAU_rtl_7_wstrm/inst/core/mem/blkStage2.Mem_reg_bram_2_n_32
    RAMB36_X2Y14         RAMB36E2 (Prop_RAMB36E2_RAMB36_CASDINA[3]_CASDOUTA[3])
                                                      0.210     4.098 f  top_i/StreamingDataflowPartition_1/inst/StreamingDataflowPartition_1_MVAU_rtl_7/StreamingDataflowPartition_1_MVAU_rtl_7_wstrm/inst/core/mem/blkStage2.Mem_reg_bram_3/CASDOUTA[3]
                         net (fo=1, routed)           0.034     4.132    top_i/StreamingDataflowPartition_1/inst/StreamingDataflowPartition_1_MVAU_rtl_7/StreamingDataflowPartition_1_MVAU_rtl_7_wstrm/inst/core/mem/blkStage2.Mem_reg_bram_3_n_32
    RAMB36_X2Y15         RAMB36E2 (Prop_RAMB36E2_RAMB36_CASDINA[3]_CASDOUTA[3])
                                                      0.210     4.342 f  top_i/StreamingDataflowPartition_1/inst/StreamingDataflowPartition_1_MVAU_rtl_7/StreamingDataflowPartition_1_MVAU_rtl_7_wstrm/inst/core/mem/blkStage2.Mem_reg_bram_4/CASDOUTA[3]
                         net (fo=1, routed)           0.034     4.376    top_i/StreamingDataflowPartition_1/inst/StreamingDataflowPartition_1_MVAU_rtl_7/StreamingDataflowPartition_1_MVAU_rtl_7_wstrm/inst/core/mem/blkStage2.Mem_reg_bram_4_n_32
    RAMB36_X2Y16         RAMB36E2 (Prop_RAMB36E2_RAMB36_CASDINA[3]_CASDOUTA[3])
                                                      0.210     4.586 f  top_i/StreamingDataflowPartition_1/inst/StreamingDataflowPartition_1_MVAU_rtl_7/StreamingDataflowPartition_1_MVAU_rtl_7_wstrm/inst/core/mem/blkStage2.Mem_reg_bram_5/CASDOUTA[3]
                         net (fo=1, routed)           0.034     4.620    top_i/StreamingDataflowPartition_1/inst/StreamingDataflowPartition_1_MVAU_rtl_7/StreamingDataflowPartition_1_MVAU_rtl_7_wstrm/inst/core/mem/blkStage2.Mem_reg_bram_5_n_32
    RAMB36_X2Y17         RAMB36E2 (Prop_RAMB36E2_RAMB36_CASDINA[3]_CASDOUTA[3])
                                                      0.210     4.830 f  top_i/StreamingDataflowPartition_1/inst/StreamingDataflowPartition_1_MVAU_rtl_7/StreamingDataflowPartition_1_MVAU_rtl_7_wstrm/inst/core/mem/blkStage2.Mem_reg_bram_6/CASDOUTA[3]
                         net (fo=1, routed)           0.034     4.864    top_i/StreamingDataflowPartition_1/inst/StreamingDataflowPartition_1_MVAU_rtl_7/StreamingDataflowPartition_1_MVAU_rtl_7_wstrm/inst/core/mem/blkStage2.Mem_reg_bram_6_n_32
    RAMB36_X2Y18         RAMB36E2 (Prop_RAMB36E2_RAMB36_CASDINA[3]_DOUTADOUT[3])
                                                      0.117     4.981 f  top_i/StreamingDataflowPartition_1/inst/StreamingDataflowPartition_1_MVAU_rtl_7/StreamingDataflowPartition_1_MVAU_rtl_7_wstrm/inst/core/mem/blkStage2.Mem_reg_bram_7/DOUTADOUT[3]
                         net (fo=1, routed)           0.482     5.463    top_i/StreamingDataflowPartition_1/inst/StreamingDataflowPartition_1_MVAU_rtl_7/StreamingDataflowPartition_1_MVAU_rtl_7_wstrm/inst/core/mem/blkStage2.Mem_reg_bram_7_n_96
    SLICE_X69Y59         LUT3 (Prop_C5LUT_SLICEL_I2_O)
                                                      0.110     5.573 f  top_i/StreamingDataflowPartition_1/inst/StreamingDataflowPartition_1_MVAU_rtl_7/StreamingDataflowPartition_1_MVAU_rtl_7_wstrm/inst/core/mem/m_axis_0_tdata[3]_INST_0/O
                         net (fo=1, routed)           0.282     5.855    top_i/StreamingDataflowPartition_1/inst/StreamingDataflowPartition_1_MVAU_rtl_7/StreamingDataflowPartition_1_MVAU_rtl_7/inst/inst/blkDsp.genblk2_2.core/genPipes[0].genSIMD[0].genDSP.genblk1.dsp/D[19]
    DSP48E2_X7Y22        DSP_PREADD_DATA (Prop_DSP_PREADD_DATA_DSP48E2_DIN[19]_D_DATA[19])
                                                      0.240     6.095 r  top_i/StreamingDataflowPartition_1/inst/StreamingDataflowPartition_1_MVAU_rtl_7/StreamingDataflowPartition_1_MVAU_rtl_7/inst/inst/blkDsp.genblk2_2.core/genPipes[0].genSIMD[0].genDSP.genblk1.dsp/DSP_PREADD_DATA_INST/D_DATA[19]
                         net (fo=1, routed)           0.000     6.095    top_i/StreamingDataflowPartition_1/inst/StreamingDataflowPartition_1_MVAU_rtl_7/StreamingDataflowPartition_1_MVAU_rtl_7/inst/inst/blkDsp.genblk2_2.core/genPipes[0].genSIMD[0].genDSP.genblk1.dsp/DSP_PREADD_DATA.D_DATA<19>
    DSP48E2_X7Y22        DSP_PREADD (Prop_DSP_PREADD_DSP48E2_D_DATA[19]_AD[24])
                                                      0.524     6.619 r  top_i/StreamingDataflowPartition_1/inst/StreamingDataflowPartition_1_MVAU_rtl_7/StreamingDataflowPartition_1_MVAU_rtl_7/inst/inst/blkDsp.genblk2_2.core/genPipes[0].genSIMD[0].genDSP.genblk1.dsp/DSP_PREADD_INST/AD[24]
                         net (fo=1, routed)           0.000     6.619    top_i/StreamingDataflowPartition_1/inst/StreamingDataflowPartition_1_MVAU_rtl_7/StreamingDataflowPartition_1_MVAU_rtl_7/inst/inst/blkDsp.genblk2_2.core/genPipes[0].genSIMD[0].genDSP.genblk1.dsp/DSP_PREADD.AD<24>
    DSP48E2_X7Y22        DSP_PREADD_DATA                              r  top_i/StreamingDataflowPartition_1/inst/StreamingDataflowPartition_1_MVAU_rtl_7/StreamingDataflowPartition_1_MVAU_rtl_7/inst/inst/blkDsp.genblk2_2.core/genPipes[0].genSIMD[0].genDSP.genblk1.dsp/DSP_PREADD_DATA_INST/AD[24]
  -------------------------------------------------------------------    -------------------

                         (clock clk_pl_0 rise edge)
                                                      5.333     5.333 r  
    PS8_X0Y0             PS8                          0.000     5.333 r  top_i/zynq_ps/inst/PS8_i/PLCLK[0]
                         net (fo=1, routed)           0.143     5.476    top_i/zynq_ps/inst/pl_clk_unbuffered[0]
    BUFG_PS_X0Y80        BUFG_PS (Prop_BUFG_PS_I_O)
                                                      0.025     5.501 r  top_i/zynq_ps/inst/buffer_pl_clk_0.PL_CLK_0_BUFG/O
    X1Y2 (CLOCK_ROOT)    net (fo=61545, routed)       1.732     7.233    top_i/StreamingDataflowPartition_1/inst/StreamingDataflowPartition_1_MVAU_rtl_7/StreamingDataflowPartition_1_MVAU_rtl_7/inst/inst/blkDsp.genblk2_2.core/genPipes[0].genSIMD[0].genDSP.genblk1.dsp/CLK
    DSP48E2_X7Y22        DSP_PREADD_DATA                              r  top_i/StreamingDataflowPartition_1/inst/StreamingDataflowPartition_1_MVAU_rtl_7/StreamingDataflowPartition_1_MVAU_rtl_7/inst/inst/blkDsp.genblk2_2.core/genPipes[0].genSIMD[0].genDSP.genblk1.dsp/DSP_PREADD_DATA_INST/CLK
                         clock pessimism              0.181     7.414    
                         clock uncertainty           -0.112     7.302    
    DSP48E2_X7Y22        DSP_PREADD_DATA (Setup_DSP_PREADD_DATA_DSP48E2_CLK_AD[24])
                                                      0.029     7.331    top_i/StreamingDataflowPartition_1/inst/StreamingDataflowPartition_1_MVAU_rtl_7/StreamingDataflowPartition_1_MVAU_rtl_7/inst/inst/blkDsp.genblk2_2.core/genPipes[0].genSIMD[0].genDSP.genblk1.dsp/DSP_PREADD_DATA_INST
  -------------------------------------------------------------------
                         required time                          7.331    
                         arrival time                          -6.619    
  -------------------------------------------------------------------
                         slack                                  0.712    

Slack (MET) :             0.712ns  (required time - arrival time)
  Source:                 top_i/StreamingDataflowPartition_1/inst/StreamingDataflowPartition_1_MVAU_rtl_7/StreamingDataflowPartition_1_MVAU_rtl_7_wstrm/inst/core/mem/blkStage2.Mem_reg_bram_0/CLKARDCLK
                            (rising edge-triggered cell RAMB36E2 clocked by clk_pl_0  {rise@0.000ns fall@2.667ns period=5.333ns})
  Destination:            top_i/StreamingDataflowPartition_1/inst/StreamingDataflowPartition_1_MVAU_rtl_7/StreamingDataflowPartition_1_MVAU_rtl_7/inst/inst/blkDsp.genblk2_2.core/genPipes[0].genSIMD[0].genDSP.genblk1.dsp/DSP_PREADD_DATA_INST/AD[25]
                            (rising edge-triggered cell DSP_PREADD_DATA clocked by clk_pl_0  {rise@0.000ns fall@2.667ns period=5.333ns})
  Path Group:             clk_pl_0
  Path Type:              Setup (Max at Slow Process Corner)
  Requirement:            5.333ns  (clk_pl_0 rise@5.333ns - clk_pl_0 rise@0.000ns)
  Data Path Delay:        4.376ns  (logic 3.374ns (77.102%)  route 1.002ns (22.898%))
  Logic Levels:           10  (DSP_PREADD=1 DSP_PREADD_DATA=1 LUT3=1 RAMB36E2=7)
  Clock Path Skew:        -0.162ns (DCD - SCD + CPR)
    Destination Clock Delay (DCD):    1.900ns = ( 7.233 - 5.333 ) 
    Source Clock Delay      (SCD):    2.243ns
    Clock Pessimism Removal (CPR):    0.181ns
  Clock Uncertainty:      0.112ns  ((TSJ^2 + DJ^2)^1/2) / 2 + PE
    Total System Jitter     (TSJ):    0.071ns
    Discrete Jitter          (DJ):    0.213ns
    Phase Error              (PE):    0.000ns
  Clock Net Delay (Source):      2.035ns (routing 0.569ns, distribution 1.466ns)
  Clock Net Delay (Destination): 1.732ns (routing 0.512ns, distribution 1.220ns)

    Location             Delay type                Incr(ns)  Path(ns)    Netlist Resource(s)
  -------------------------------------------------------------------    -------------------
                         (clock clk_pl_0 rise edge)
                                                      0.000     0.000 r  
    PS8_X0Y0             PS8                          0.000     0.000 r  top_i/zynq_ps/inst/PS8_i/PLCLK[0]
                         net (fo=1, routed)           0.180     0.180    top_i/zynq_ps/inst/pl_clk_unbuffered[0]
    BUFG_PS_X0Y80        BUFG_PS (Prop_BUFG_PS_I_O)
                                                      0.028     0.208 r  top_i/zynq_ps/inst/buffer_pl_clk_0.PL_CLK_0_BUFG/O
    X1Y2 (CLOCK_ROOT)    net (fo=61545, routed)       2.035     2.243    top_i/StreamingDataflowPartition_1/inst/StreamingDataflowPartition_1_MVAU_rtl_7/StreamingDataflowPartition_1_MVAU_rtl_7_wstrm/inst/core/mem/ap_clk
    RAMB36_X2Y11         RAMB36E2                                     r  top_i/StreamingDataflowPartition_1/inst/StreamingDataflowPartition_1_MVAU_rtl_7/StreamingDataflowPartition_1_MVAU_rtl_7_wstrm/inst/core/mem/blkStage2.Mem_reg_bram_0/CLKARDCLK
  -------------------------------------------------------------------    -------------------
    RAMB36_X2Y11         RAMB36E2 (Prop_RAMB36E2_RAMB36_CLKARDCLK_CASDOUTA[3])
                                                      1.123     3.366 f  top_i/StreamingDataflowPartition_1/inst/StreamingDataflowPartition_1_MVAU_rtl_7/StreamingDataflowPartition_1_MVAU_rtl_7_wstrm/inst/core/mem/blkStage2.Mem_reg_bram_0/CASDOUTA[3]
                         net (fo=1, routed)           0.034     3.400    top_i/StreamingDataflowPartition_1/inst/StreamingDataflowPartition_1_MVAU_rtl_7/StreamingDataflowPartition_1_MVAU_rtl_7_wstrm/inst/core/mem/blkStage2.Mem_reg_bram_0_n_32
    RAMB36_X2Y12         RAMB36E2 (Prop_RAMB36E2_RAMB36_CASDINA[3]_CASDOUTA[3])
                                                      0.210     3.610 f  top_i/StreamingDataflowPartition_1/inst/StreamingDataflowPartition_1_MVAU_rtl_7/StreamingDataflowPartition_1_MVAU_rtl_7_wstrm/inst/core/mem/blkStage2.Mem_reg_bram_1/CASDOUTA[3]
                         net (fo=1, routed)           0.034     3.644    top_i/StreamingDataflowPartition_1/inst/StreamingDataflowPartition_1_MVAU_rtl_7/StreamingDataflowPartition_1_MVAU_rtl_7_wstrm/inst/core/mem/blkStage2.Mem_reg_bram_1_n_32
    RAMB36_X2Y13         RAMB36E2 (Prop_RAMB36E2_RAMB36_CASDINA[3]_CASDOUTA[3])
                                                      0.210     3.854 f  top_i/StreamingDataflowPartition_1/inst/StreamingDataflowPartition_1_MVAU_rtl_7/StreamingDataflowPartition_1_MVAU_rtl_7_wstrm/inst/core/mem/blkStage2.Mem_reg_bram_2/CASDOUTA[3]
                         net (fo=1, routed)           0.034     3.888    top_i/StreamingDataflowPartition_1/inst/StreamingDataflowPartition_1_MVAU_rtl_7/StreamingDataflowPartition_1_MVAU_rtl_7_wstrm/inst/core/mem/blkStage2.Mem_reg_bram_2_n_32
    RAMB36_X2Y14         RAMB36E2 (Prop_RAMB36E2_RAMB36_CASDINA[3]_CASDOUTA[3])
                                                      0.210     4.098 f  top_i/StreamingDataflowPartition_1/inst/StreamingDataflowPartition_1_MVAU_rtl_7/StreamingDataflowPartition_1_MVAU_rtl_7_wstrm/inst/core/mem/blkStage2.Mem_reg_bram_3/CASDOUTA[3]
                         net (fo=1, routed)           0.034     4.132    top_i/StreamingDataflowPartition_1/inst/StreamingDataflowPartition_1_MVAU_rtl_7/StreamingDataflowPartition_1_MVAU_rtl_7_wstrm/inst/core/mem/blkStage2.Mem_reg_bram_3_n_32
    RAMB36_X2Y15         RAMB36E2 (Prop_RAMB36E2_RAMB36_CASDINA[3]_CASDOUTA[3])
                                                      0.210     4.342 f  top_i/StreamingDataflowPartition_1/inst/StreamingDataflowPartition_1_MVAU_rtl_7/StreamingDataflowPartition_1_MVAU_rtl_7_wstrm/inst/core/mem/blkStage2.Mem_reg_bram_4/CASDOUTA[3]
                         net (fo=1, routed)           0.034     4.376    top_i/StreamingDataflowPartition_1/inst/StreamingDataflowPartition_1_MVAU_rtl_7/StreamingDataflowPartition_1_MVAU_rtl_7_wstrm/inst/core/mem/blkStage2.Mem_reg_bram_4_n_32
    RAMB36_X2Y16         RAMB36E2 (Prop_RAMB36E2_RAMB36_CASDINA[3]_CASDOUTA[3])
                                                      0.210     4.586 f  top_i/StreamingDataflowPartition_1/inst/StreamingDataflowPartition_1_MVAU_rtl_7/StreamingDataflowPartition_1_MVAU_rtl_7_wstrm/inst/core/mem/blkStage2.Mem_reg_bram_5/CASDOUTA[3]
                         net (fo=1, routed)           0.034     4.620    top_i/StreamingDataflowPartition_1/inst/StreamingDataflowPartition_1_MVAU_rtl_7/StreamingDataflowPartition_1_MVAU_rtl_7_wstrm/inst/core/mem/blkStage2.Mem_reg_bram_5_n_32
    RAMB36_X2Y17         RAMB36E2 (Prop_RAMB36E2_RAMB36_CASDINA[3]_CASDOUTA[3])
                                                      0.210     4.830 f  top_i/StreamingDataflowPartition_1/inst/StreamingDataflowPartition_1_MVAU_rtl_7/StreamingDataflowPartition_1_MVAU_rtl_7_wstrm/inst/core/mem/blkStage2.Mem_reg_bram_6/CASDOUTA[3]
                         net (fo=1, routed)           0.034     4.864    top_i/StreamingDataflowPartition_1/inst/StreamingDataflowPartition_1_MVAU_rtl_7/StreamingDataflowPartition_1_MVAU_rtl_7_wstrm/inst/core/mem/blkStage2.Mem_reg_bram_6_n_32
    RAMB36_X2Y18         RAMB36E2 (Prop_RAMB36E2_RAMB36_CASDINA[3]_DOUTADOUT[3])
                                                      0.117     4.981 f  top_i/StreamingDataflowPartition_1/inst/StreamingDataflowPartition_1_MVAU_rtl_7/StreamingDataflowPartition_1_MVAU_rtl_7_wstrm/inst/core/mem/blkStage2.Mem_reg_bram_7/DOUTADOUT[3]
                         net (fo=1, routed)           0.482     5.463    top_i/StreamingDataflowPartition_1/inst/StreamingDataflowPartition_1_MVAU_rtl_7/StreamingDataflowPartition_1_MVAU_rtl_7_wstrm/inst/core/mem/blkStage2.Mem_reg_bram_7_n_96
    SLICE_X69Y59         LUT3 (Prop_C5LUT_SLICEL_I2_O)
                                                      0.110     5.573 f  top_i/StreamingDataflowPartition_1/inst/StreamingDataflowPartition_1_MVAU_rtl_7/StreamingDataflowPartition_1_MVAU_rtl_7_wstrm/inst/core/mem/m_axis_0_tdata[3]_INST_0/O
                         net (fo=1, routed)           0.282     5.855    top_i/StreamingDataflowPartition_1/inst/StreamingDataflowPartition_1_MVAU_rtl_7/StreamingDataflowPartition_1_MVAU_rtl_7/inst/inst/blkDsp.genblk2_2.core/genPipes[0].genSIMD[0].genDSP.genblk1.dsp/D[19]
    DSP48E2_X7Y22        DSP_PREADD_DATA (Prop_DSP_PREADD_DATA_DSP48E2_DIN[19]_D_DATA[19])
                                                      0.240     6.095 r  top_i/StreamingDataflowPartition_1/inst/StreamingDataflowPartition_1_MVAU_rtl_7/StreamingDataflowPartition_1_MVAU_rtl_7/inst/inst/blkDsp.genblk2_2.core/genPipes[0].genSIMD[0].genDSP.genblk1.dsp/DSP_PREADD_DATA_INST/D_DATA[19]
                         net (fo=1, routed)           0.000     6.095    top_i/StreamingDataflowPartition_1/inst/StreamingDataflowPartition_1_MVAU_rtl_7/StreamingDataflowPartition_1_MVAU_rtl_7/inst/inst/blkDsp.genblk2_2.core/genPipes[0].genSIMD[0].genDSP.genblk1.dsp/DSP_PREADD_DATA.D_DATA<19>
    DSP48E2_X7Y22        DSP_PREADD (Prop_DSP_PREADD_DSP48E2_D_DATA[19]_AD[25])
                                                      0.524     6.619 r  top_i/StreamingDataflowPartition_1/inst/StreamingDataflowPartition_1_MVAU_rtl_7/StreamingDataflowPartition_1_MVAU_rtl_7/inst/inst/blkDsp.genblk2_2.core/genPipes[0].genSIMD[0].genDSP.genblk1.dsp/DSP_PREADD_INST/AD[25]
                         net (fo=1, routed)           0.000     6.619    top_i/StreamingDataflowPartition_1/inst/StreamingDataflowPartition_1_MVAU_rtl_7/StreamingDataflowPartition_1_MVAU_rtl_7/inst/inst/blkDsp.genblk2_2.core/genPipes[0].genSIMD[0].genDSP.genblk1.dsp/DSP_PREADD.AD<25>
    DSP48E2_X7Y22        DSP_PREADD_DATA                              r  top_i/StreamingDataflowPartition_1/inst/StreamingDataflowPartition_1_MVAU_rtl_7/StreamingDataflowPartition_1_MVAU_rtl_7/inst/inst/blkDsp.genblk2_2.core/genPipes[0].genSIMD[0].genDSP.genblk1.dsp/DSP_PREADD_DATA_INST/AD[25]
  -------------------------------------------------------------------    -------------------

                         (clock clk_pl_0 rise edge)
                                                      5.333     5.333 r  
    PS8_X0Y0             PS8                          0.000     5.333 r  top_i/zynq_ps/inst/PS8_i/PLCLK[0]
                         net (fo=1, routed)           0.143     5.476    top_i/zynq_ps/inst/pl_clk_unbuffered[0]
    BUFG_PS_X0Y80        BUFG_PS (Prop_BUFG_PS_I_O)
                                                      0.025     5.501 r  top_i/zynq_ps/inst/buffer_pl_clk_0.PL_CLK_0_BUFG/O
    X1Y2 (CLOCK_ROOT)    net (fo=61545, routed)       1.732     7.233    top_i/StreamingDataflowPartition_1/inst/StreamingDataflowPartition_1_MVAU_rtl_7/StreamingDataflowPartition_1_MVAU_rtl_7/inst/inst/blkDsp.genblk2_2.core/genPipes[0].genSIMD[0].genDSP.genblk1.dsp/CLK
    DSP48E2_X7Y22        DSP_PREADD_DATA                              r  top_i/StreamingDataflowPartition_1/inst/StreamingDataflowPartition_1_MVAU_rtl_7/StreamingDataflowPartition_1_MVAU_rtl_7/inst/inst/blkDsp.genblk2_2.core/genPipes[0].genSIMD[0].genDSP.genblk1.dsp/DSP_PREADD_DATA_INST/CLK
                         clock pessimism              0.181     7.414    
                         clock uncertainty           -0.112     7.302    
    DSP48E2_X7Y22        DSP_PREADD_DATA (Setup_DSP_PREADD_DATA_DSP48E2_CLK_AD[25])
                                                      0.029     7.331    top_i/StreamingDataflowPartition_1/inst/StreamingDataflowPartition_1_MVAU_rtl_7/StreamingDataflowPartition_1_MVAU_rtl_7/inst/inst/blkDsp.genblk2_2.core/genPipes[0].genSIMD[0].genDSP.genblk1.dsp/DSP_PREADD_DATA_INST
  -------------------------------------------------------------------
                         required time                          7.331    
                         arrival time                          -6.619    
  -------------------------------------------------------------------
                         slack                                  0.712    

Slack (MET) :             0.712ns  (required time - arrival time)
  Source:                 top_i/StreamingDataflowPartition_1/inst/StreamingDataflowPartition_1_MVAU_rtl_7/StreamingDataflowPartition_1_MVAU_rtl_7_wstrm/inst/core/mem/blkStage2.Mem_reg_bram_0/CLKARDCLK
                            (rising edge-triggered cell RAMB36E2 clocked by clk_pl_0  {rise@0.000ns fall@2.667ns period=5.333ns})
  Destination:            top_i/StreamingDataflowPartition_1/inst/StreamingDataflowPartition_1_MVAU_rtl_7/StreamingDataflowPartition_1_MVAU_rtl_7/inst/inst/blkDsp.genblk2_2.core/genPipes[0].genSIMD[0].genDSP.genblk1.dsp/DSP_PREADD_DATA_INST/AD[26]
                            (rising edge-triggered cell DSP_PREADD_DATA clocked by clk_pl_0  {rise@0.000ns fall@2.667ns period=5.333ns})
  Path Group:             clk_pl_0
  Path Type:              Setup (Max at Slow Process Corner)
  Requirement:            5.333ns  (clk_pl_0 rise@5.333ns - clk_pl_0 rise@0.000ns)
  Data Path Delay:        4.376ns  (logic 3.374ns (77.102%)  route 1.002ns (22.898%))
  Logic Levels:           10  (DSP_PREADD=1 DSP_PREADD_DATA=1 LUT3=1 RAMB36E2=7)
  Clock Path Skew:        -0.162ns (DCD - SCD + CPR)
    Destination Clock Delay (DCD):    1.900ns = ( 7.233 - 5.333 ) 
    Source Clock Delay      (SCD):    2.243ns
    Clock Pessimism Removal (CPR):    0.181ns
  Clock Uncertainty:      0.112ns  ((TSJ^2 + DJ^2)^1/2) / 2 + PE
    Total System Jitter     (TSJ):    0.071ns
    Discrete Jitter          (DJ):    0.213ns
    Phase Error              (PE):    0.000ns
  Clock Net Delay (Source):      2.035ns (routing 0.569ns, distribution 1.466ns)
  Clock Net Delay (Destination): 1.732ns (routing 0.512ns, distribution 1.220ns)

    Location             Delay type                Incr(ns)  Path(ns)    Netlist Resource(s)
  -------------------------------------------------------------------    -------------------
                         (clock clk_pl_0 rise edge)
                                                      0.000     0.000 r  
    PS8_X0Y0             PS8                          0.000     0.000 r  top_i/zynq_ps/inst/PS8_i/PLCLK[0]
                         net (fo=1, routed)           0.180     0.180    top_i/zynq_ps/inst/pl_clk_unbuffered[0]
    BUFG_PS_X0Y80        BUFG_PS (Prop_BUFG_PS_I_O)
                                                      0.028     0.208 r  top_i/zynq_ps/inst/buffer_pl_clk_0.PL_CLK_0_BUFG/O
    X1Y2 (CLOCK_ROOT)    net (fo=61545, routed)       2.035     2.243    top_i/StreamingDataflowPartition_1/inst/StreamingDataflowPartition_1_MVAU_rtl_7/StreamingDataflowPartition_1_MVAU_rtl_7_wstrm/inst/core/mem/ap_clk
    RAMB36_X2Y11         RAMB36E2                                     r  top_i/StreamingDataflowPartition_1/inst/StreamingDataflowPartition_1_MVAU_rtl_7/StreamingDataflowPartition_1_MVAU_rtl_7_wstrm/inst/core/mem/blkStage2.Mem_reg_bram_0/CLKARDCLK
  -------------------------------------------------------------------    -------------------
    RAMB36_X2Y11         RAMB36E2 (Prop_RAMB36E2_RAMB36_CLKARDCLK_CASDOUTA[3])
                                                      1.123     3.366 f  top_i/StreamingDataflowPartition_1/inst/StreamingDataflowPartition_1_MVAU_rtl_7/StreamingDataflowPartition_1_MVAU_rtl_7_wstrm/inst/core/mem/blkStage2.Mem_reg_bram_0/CASDOUTA[3]
                         net (fo=1, routed)           0.034     3.400    top_i/StreamingDataflowPartition_1/inst/StreamingDataflowPartition_1_MVAU_rtl_7/StreamingDataflowPartition_1_MVAU_rtl_7_wstrm/inst/core/mem/blkStage2.Mem_reg_bram_0_n_32
    RAMB36_X2Y12         RAMB36E2 (Prop_RAMB36E2_RAMB36_CASDINA[3]_CASDOUTA[3])
                                                      0.210     3.610 f  top_i/StreamingDataflowPartition_1/inst/StreamingDataflowPartition_1_MVAU_rtl_7/StreamingDataflowPartition_1_MVAU_rtl_7_wstrm/inst/core/mem/blkStage2.Mem_reg_bram_1/CASDOUTA[3]
                         net (fo=1, routed)           0.034     3.644    top_i/StreamingDataflowPartition_1/inst/StreamingDataflowPartition_1_MVAU_rtl_7/StreamingDataflowPartition_1_MVAU_rtl_7_wstrm/inst/core/mem/blkStage2.Mem_reg_bram_1_n_32
    RAMB36_X2Y13         RAMB36E2 (Prop_RAMB36E2_RAMB36_CASDINA[3]_CASDOUTA[3])
                                                      0.210     3.854 f  top_i/StreamingDataflowPartition_1/inst/StreamingDataflowPartition_1_MVAU_rtl_7/StreamingDataflowPartition_1_MVAU_rtl_7_wstrm/inst/core/mem/blkStage2.Mem_reg_bram_2/CASDOUTA[3]
                         net (fo=1, routed)           0.034     3.888    top_i/StreamingDataflowPartition_1/inst/StreamingDataflowPartition_1_MVAU_rtl_7/StreamingDataflowPartition_1_MVAU_rtl_7_wstrm/inst/core/mem/blkStage2.Mem_reg_bram_2_n_32
    RAMB36_X2Y14         RAMB36E2 (Prop_RAMB36E2_RAMB36_CASDINA[3]_CASDOUTA[3])
                                                      0.210     4.098 f  top_i/StreamingDataflowPartition_1/inst/StreamingDataflowPartition_1_MVAU_rtl_7/StreamingDataflowPartition_1_MVAU_rtl_7_wstrm/inst/core/mem/blkStage2.Mem_reg_bram_3/CASDOUTA[3]
                         net (fo=1, routed)           0.034     4.132    top_i/StreamingDataflowPartition_1/inst/StreamingDataflowPartition_1_MVAU_rtl_7/StreamingDataflowPartition_1_MVAU_rtl_7_wstrm/inst/core/mem/blkStage2.Mem_reg_bram_3_n_32
    RAMB36_X2Y15         RAMB36E2 (Prop_RAMB36E2_RAMB36_CASDINA[3]_CASDOUTA[3])
                                                      0.210     4.342 f  top_i/StreamingDataflowPartition_1/inst/StreamingDataflowPartition_1_MVAU_rtl_7/StreamingDataflowPartition_1_MVAU_rtl_7_wstrm/inst/core/mem/blkStage2.Mem_reg_bram_4/CASDOUTA[3]
                         net (fo=1, routed)           0.034     4.376    top_i/StreamingDataflowPartition_1/inst/StreamingDataflowPartition_1_MVAU_rtl_7/StreamingDataflowPartition_1_MVAU_rtl_7_wstrm/inst/core/mem/blkStage2.Mem_reg_bram_4_n_32
    RAMB36_X2Y16         RAMB36E2 (Prop_RAMB36E2_RAMB36_CASDINA[3]_CASDOUTA[3])
                                                      0.210     4.586 f  top_i/StreamingDataflowPartition_1/inst/StreamingDataflowPartition_1_MVAU_rtl_7/StreamingDataflowPartition_1_MVAU_rtl_7_wstrm/inst/core/mem/blkStage2.Mem_reg_bram_5/CASDOUTA[3]
                         net (fo=1, routed)           0.034     4.620    top_i/StreamingDataflowPartition_1/inst/StreamingDataflowPartition_1_MVAU_rtl_7/StreamingDataflowPartition_1_MVAU_rtl_7_wstrm/inst/core/mem/blkStage2.Mem_reg_bram_5_n_32
    RAMB36_X2Y17         RAMB36E2 (Prop_RAMB36E2_RAMB36_CASDINA[3]_CASDOUTA[3])
                                                      0.210     4.830 f  top_i/StreamingDataflowPartition_1/inst/StreamingDataflowPartition_1_MVAU_rtl_7/StreamingDataflowPartition_1_MVAU_rtl_7_wstrm/inst/core/mem/blkStage2.Mem_reg_bram_6/CASDOUTA[3]
                         net (fo=1, routed)           0.034     4.864    top_i/StreamingDataflowPartition_1/inst/StreamingDataflowPartition_1_MVAU_rtl_7/StreamingDataflowPartition_1_MVAU_rtl_7_wstrm/inst/core/mem/blkStage2.Mem_reg_bram_6_n_32
    RAMB36_X2Y18         RAMB36E2 (Prop_RAMB36E2_RAMB36_CASDINA[3]_DOUTADOUT[3])
                                                      0.117     4.981 f  top_i/StreamingDataflowPartition_1/inst/StreamingDataflowPartition_1_MVAU_rtl_7/StreamingDataflowPartition_1_MVAU_rtl_7_wstrm/inst/core/mem/blkStage2.Mem_reg_bram_7/DOUTADOUT[3]
                         net (fo=1, routed)           0.482     5.463    top_i/StreamingDataflowPartition_1/inst/StreamingDataflowPartition_1_MVAU_rtl_7/StreamingDataflowPartition_1_MVAU_rtl_7_wstrm/inst/core/mem/blkStage2.Mem_reg_bram_7_n_96
    SLICE_X69Y59         LUT3 (Prop_C5LUT_SLICEL_I2_O)
                                                      0.110     5.573 f  top_i/StreamingDataflowPartition_1/inst/StreamingDataflowPartition_1_MVAU_rtl_7/StreamingDataflowPartition_1_MVAU_rtl_7_wstrm/inst/core/mem/m_axis_0_tdata[3]_INST_0/O
                         net (fo=1, routed)           0.282     5.855    top_i/StreamingDataflowPartition_1/inst/StreamingDataflowPartition_1_MVAU_rtl_7/StreamingDataflowPartition_1_MVAU_rtl_7/inst/inst/blkDsp.genblk2_2.core/genPipes[0].genSIMD[0].genDSP.genblk1.dsp/D[19]
    DSP48E2_X7Y22        DSP_PREADD_DATA (Prop_DSP_PREADD_DATA_DSP48E2_DIN[19]_D_DATA[19])
                                                      0.240     6.095 r  top_i/StreamingDataflowPartition_1/inst/StreamingDataflowPartition_1_MVAU_rtl_7/StreamingDataflowPartition_1_MVAU_rtl_7/inst/inst/blkDsp.genblk2_2.core/genPipes[0].genSIMD[0].genDSP.genblk1.dsp/DSP_PREADD_DATA_INST/D_DATA[19]
                         net (fo=1, routed)           0.000     6.095    top_i/StreamingDataflowPartition_1/inst/StreamingDataflowPartition_1_MVAU_rtl_7/StreamingDataflowPartition_1_MVAU_rtl_7/inst/inst/blkDsp.genblk2_2.core/genPipes[0].genSIMD[0].genDSP.genblk1.dsp/DSP_PREADD_DATA.D_DATA<19>
    DSP48E2_X7Y22        DSP_PREADD (Prop_DSP_PREADD_DSP48E2_D_DATA[19]_AD[26])
                                                      0.524     6.619 r  top_i/StreamingDataflowPartition_1/inst/StreamingDataflowPartition_1_MVAU_rtl_7/StreamingDataflowPartition_1_MVAU_rtl_7/inst/inst/blkDsp.genblk2_2.core/genPipes[0].genSIMD[0].genDSP.genblk1.dsp/DSP_PREADD_INST/AD[26]
                         net (fo=1, routed)           0.000     6.619    top_i/StreamingDataflowPartition_1/inst/StreamingDataflowPartition_1_MVAU_rtl_7/StreamingDataflowPartition_1_MVAU_rtl_7/inst/inst/blkDsp.genblk2_2.core/genPipes[0].genSIMD[0].genDSP.genblk1.dsp/DSP_PREADD.AD<26>
    DSP48E2_X7Y22        DSP_PREADD_DATA                              r  top_i/StreamingDataflowPartition_1/inst/StreamingDataflowPartition_1_MVAU_rtl_7/StreamingDataflowPartition_1_MVAU_rtl_7/inst/inst/blkDsp.genblk2_2.core/genPipes[0].genSIMD[0].genDSP.genblk1.dsp/DSP_PREADD_DATA_INST/AD[26]
  -------------------------------------------------------------------    -------------------

                         (clock clk_pl_0 rise edge)
                                                      5.333     5.333 r  
    PS8_X0Y0             PS8                          0.000     5.333 r  top_i/zynq_ps/inst/PS8_i/PLCLK[0]
                         net (fo=1, routed)           0.143     5.476    top_i/zynq_ps/inst/pl_clk_unbuffered[0]
    BUFG_PS_X0Y80        BUFG_PS (Prop_BUFG_PS_I_O)
                                                      0.025     5.501 r  top_i/zynq_ps/inst/buffer_pl_clk_0.PL_CLK_0_BUFG/O
    X1Y2 (CLOCK_ROOT)    net (fo=61545, routed)       1.732     7.233    top_i/StreamingDataflowPartition_1/inst/StreamingDataflowPartition_1_MVAU_rtl_7/StreamingDataflowPartition_1_MVAU_rtl_7/inst/inst/blkDsp.genblk2_2.core/genPipes[0].genSIMD[0].genDSP.genblk1.dsp/CLK
    DSP48E2_X7Y22        DSP_PREADD_DATA                              r  top_i/StreamingDataflowPartition_1/inst/StreamingDataflowPartition_1_MVAU_rtl_7/StreamingDataflowPartition_1_MVAU_rtl_7/inst/inst/blkDsp.genblk2_2.core/genPipes[0].genSIMD[0].genDSP.genblk1.dsp/DSP_PREADD_DATA_INST/CLK
                         clock pessimism              0.181     7.414    
                         clock uncertainty           -0.112     7.302    
    DSP48E2_X7Y22        DSP_PREADD_DATA (Setup_DSP_PREADD_DATA_DSP48E2_CLK_AD[26])
                                                      0.029     7.331    top_i/StreamingDataflowPartition_1/inst/StreamingDataflowPartition_1_MVAU_rtl_7/StreamingDataflowPartition_1_MVAU_rtl_7/inst/inst/blkDsp.genblk2_2.core/genPipes[0].genSIMD[0].genDSP.genblk1.dsp/DSP_PREADD_DATA_INST
  -------------------------------------------------------------------
                         required time                          7.331    
                         arrival time                          -6.619    
  -------------------------------------------------------------------
                         slack                                  0.712    

Slack (MET) :             0.796ns  (required time - arrival time)
  Source:                 top_i/StreamingDataflowPartition_1/inst/StreamingDataflowPartition_1_MVAU_rtl_7/StreamingDataflowPartition_1_MVAU_rtl_7_wstrm/inst/core/mem/blkStage2.Mem_reg_bram_0/CLKARDCLK
                            (rising edge-triggered cell RAMB36E2 clocked by clk_pl_0  {rise@0.000ns fall@2.667ns period=5.333ns})
  Destination:            top_i/StreamingDataflowPartition_1/inst/StreamingDataflowPartition_1_MVAU_rtl_7/StreamingDataflowPartition_1_MVAU_rtl_7/inst/inst/blkDsp.genblk2_2.core/genPipes[0].genSIMD[0].genDSP.genblk1.dsp/DSP_PREADD_DATA_INST/AD[17]
                            (rising edge-triggered cell DSP_PREADD_DATA clocked by clk_pl_0  {rise@0.000ns fall@2.667ns period=5.333ns})
  Path Group:             clk_pl_0
  Path Type:              Setup (Max at Slow Process Corner)
  Requirement:            5.333ns  (clk_pl_0 rise@5.333ns - clk_pl_0 rise@0.000ns)
  Data Path Delay:        4.292ns  (logic 3.407ns (79.380%)  route 0.885ns (20.620%))
  Logic Levels:           10  (DSP_PREADD=1 DSP_PREADD_DATA=1 LUT3=1 RAMB36E2=7)
  Clock Path Skew:        -0.162ns (DCD - SCD + CPR)
    Destination Clock Delay (DCD):    1.900ns = ( 7.233 - 5.333 ) 
    Source Clock Delay      (SCD):    2.243ns
    Clock Pessimism Removal (CPR):    0.181ns
  Clock Uncertainty:      0.112ns  ((TSJ^2 + DJ^2)^1/2) / 2 + PE
    Total System Jitter     (TSJ):    0.071ns
    Discrete Jitter          (DJ):    0.213ns
    Phase Error              (PE):    0.000ns
  Clock Net Delay (Source):      2.035ns (routing 0.569ns, distribution 1.466ns)
  Clock Net Delay (Destination): 1.732ns (routing 0.512ns, distribution 1.220ns)

    Location             Delay type                Incr(ns)  Path(ns)    Netlist Resource(s)
  -------------------------------------------------------------------    -------------------
                         (clock clk_pl_0 rise edge)
                                                      0.000     0.000 r  
    PS8_X0Y0             PS8                          0.000     0.000 r  top_i/zynq_ps/inst/PS8_i/PLCLK[0]
                         net (fo=1, routed)           0.180     0.180    top_i/zynq_ps/inst/pl_clk_unbuffered[0]
    BUFG_PS_X0Y80        BUFG_PS (Prop_BUFG_PS_I_O)
                                                      0.028     0.208 r  top_i/zynq_ps/inst/buffer_pl_clk_0.PL_CLK_0_BUFG/O
    X1Y2 (CLOCK_ROOT)    net (fo=61545, routed)       2.035     2.243    top_i/StreamingDataflowPartition_1/inst/StreamingDataflowPartition_1_MVAU_rtl_7/StreamingDataflowPartition_1_MVAU_rtl_7_wstrm/inst/core/mem/ap_clk
    RAMB36_X2Y11         RAMB36E2                                     r  top_i/StreamingDataflowPartition_1/inst/StreamingDataflowPartition_1_MVAU_rtl_7/StreamingDataflowPartition_1_MVAU_rtl_7_wstrm/inst/core/mem/blkStage2.Mem_reg_bram_0/CLKARDCLK
  -------------------------------------------------------------------    -------------------
    RAMB36_X2Y11         RAMB36E2 (Prop_RAMB36E2_RAMB36_CLKARDCLK_CASDOUTA[1])
                                                      1.143     3.386 f  top_i/StreamingDataflowPartition_1/inst/StreamingDataflowPartition_1_MVAU_rtl_7/StreamingDataflowPartition_1_MVAU_rtl_7_wstrm/inst/core/mem/blkStage2.Mem_reg_bram_0/CASDOUTA[1]
                         net (fo=1, routed)           0.036     3.422    top_i/StreamingDataflowPartition_1/inst/StreamingDataflowPartition_1_MVAU_rtl_7/StreamingDataflowPartition_1_MVAU_rtl_7_wstrm/inst/core/mem/blkStage2.Mem_reg_bram_0_n_34
    RAMB36_X2Y12         RAMB36E2 (Prop_RAMB36E2_RAMB36_CASDINA[1]_CASDOUTA[1])
                                                      0.210     3.632 f  top_i/StreamingDataflowPartition_1/inst/StreamingDataflowPartition_1_MVAU_rtl_7/StreamingDataflowPartition_1_MVAU_rtl_7_wstrm/inst/core/mem/blkStage2.Mem_reg_bram_1/CASDOUTA[1]
                         net (fo=1, routed)           0.036     3.668    top_i/StreamingDataflowPartition_1/inst/StreamingDataflowPartition_1_MVAU_rtl_7/StreamingDataflowPartition_1_MVAU_rtl_7_wstrm/inst/core/mem/blkStage2.Mem_reg_bram_1_n_34
    RAMB36_X2Y13         RAMB36E2 (Prop_RAMB36E2_RAMB36_CASDINA[1]_CASDOUTA[1])
                                                      0.210     3.878 f  top_i/StreamingDataflowPartition_1/inst/StreamingDataflowPartition_1_MVAU_rtl_7/StreamingDataflowPartition_1_MVAU_rtl_7_wstrm/inst/core/mem/blkStage2.Mem_reg_bram_2/CASDOUTA[1]
                         net (fo=1, routed)           0.036     3.914    top_i/StreamingDataflowPartition_1/inst/StreamingDataflowPartition_1_MVAU_rtl_7/StreamingDataflowPartition_1_MVAU_rtl_7_wstrm/inst/core/mem/blkStage2.Mem_reg_bram_2_n_34
    RAMB36_X2Y14         RAMB36E2 (Prop_RAMB36E2_RAMB36_CASDINA[1]_CASDOUTA[1])
                                                      0.210     4.124 f  top_i/StreamingDataflowPartition_1/inst/StreamingDataflowPartition_1_MVAU_rtl_7/StreamingDataflowPartition_1_MVAU_rtl_7_wstrm/inst/core/mem/blkStage2.Mem_reg_bram_3/CASDOUTA[1]
                         net (fo=1, routed)           0.036     4.160    top_i/StreamingDataflowPartition_1/inst/StreamingDataflowPartition_1_MVAU_rtl_7/StreamingDataflowPartition_1_MVAU_rtl_7_wstrm/inst/core/mem/blkStage2.Mem_reg_bram_3_n_34
    RAMB36_X2Y15         RAMB36E2 (Prop_RAMB36E2_RAMB36_CASDINA[1]_CASDOUTA[1])
                                                      0.210     4.370 f  top_i/StreamingDataflowPartition_1/inst/StreamingDataflowPartition_1_MVAU_rtl_7/StreamingDataflowPartition_1_MVAU_rtl_7_wstrm/inst/core/mem/blkStage2.Mem_reg_bram_4/CASDOUTA[1]
                         net (fo=1, routed)           0.036     4.406    top_i/StreamingDataflowPartition_1/inst/StreamingDataflowPartition_1_MVAU_rtl_7/StreamingDataflowPartition_1_MVAU_rtl_7_wstrm/inst/core/mem/blkStage2.Mem_reg_bram_4_n_34
    RAMB36_X2Y16         RAMB36E2 (Prop_RAMB36E2_RAMB36_CASDINA[1]_CASDOUTA[1])
                                                      0.210     4.616 f  top_i/StreamingDataflowPartition_1/inst/StreamingDataflowPartition_1_MVAU_rtl_7/StreamingDataflowPartition_1_MVAU_rtl_7_wstrm/inst/core/mem/blkStage2.Mem_reg_bram_5/CASDOUTA[1]
                         net (fo=1, routed)           0.036     4.652    top_i/StreamingDataflowPartition_1/inst/StreamingDataflowPartition_1_MVAU_rtl_7/StreamingDataflowPartition_1_MVAU_rtl_7_wstrm/inst/core/mem/blkStage2.Mem_reg_bram_5_n_34
    RAMB36_X2Y17         RAMB36E2 (Prop_RAMB36E2_RAMB36_CASDINA[1]_CASDOUTA[1])
                                                      0.210     4.862 f  top_i/StreamingDataflowPartition_1/inst/StreamingDataflowPartition_1_MVAU_rtl_7/StreamingDataflowPartition_1_MVAU_rtl_7_wstrm/inst/core/mem/blkStage2.Mem_reg_bram_6/CASDOUTA[1]
                         net (fo=1, routed)           0.036     4.898    top_i/StreamingDataflowPartition_1/inst/StreamingDataflowPartition_1_MVAU_rtl_7/StreamingDataflowPartition_1_MVAU_rtl_7_wstrm/inst/core/mem/blkStage2.Mem_reg_bram_6_n_34
    RAMB36_X2Y18         RAMB36E2 (Prop_RAMB36E2_RAMB36_CASDINA[1]_DOUTADOUT[1])
                                                      0.117     5.015 f  top_i/StreamingDataflowPartition_1/inst/StreamingDataflowPartition_1_MVAU_rtl_7/StreamingDataflowPartition_1_MVAU_rtl_7_wstrm/inst/core/mem/blkStage2.Mem_reg_bram_7/DOUTADOUT[1]
                         net (fo=1, routed)           0.481     5.496    top_i/StreamingDataflowPartition_1/inst/StreamingDataflowPartition_1_MVAU_rtl_7/StreamingDataflowPartition_1_MVAU_rtl_7_wstrm/inst/core/mem/blkStage2.Mem_reg_bram_7_n_98
    SLICE_X69Y59         LUT3 (Prop_C6LUT_SLICEL_I2_O)
                                                      0.123     5.619 f  top_i/StreamingDataflowPartition_1/inst/StreamingDataflowPartition_1_MVAU_rtl_7/StreamingDataflowPartition_1_MVAU_rtl_7_wstrm/inst/core/mem/m_axis_0_tdata[1]_INST_0/O
                         net (fo=1, routed)           0.152     5.771    top_i/StreamingDataflowPartition_1/inst/StreamingDataflowPartition_1_MVAU_rtl_7/StreamingDataflowPartition_1_MVAU_rtl_7/inst/inst/blkDsp.genblk2_2.core/genPipes[0].genSIMD[0].genDSP.genblk1.dsp/D[17]
    DSP48E2_X7Y22        DSP_PREADD_DATA (Prop_DSP_PREADD_DATA_DSP48E2_DIN[17]_D_DATA[17])
                                                      0.240     6.011 r  top_i/StreamingDataflowPartition_1/inst/StreamingDataflowPartition_1_MVAU_rtl_7/StreamingDataflowPartition_1_MVAU_rtl_7/inst/inst/blkDsp.genblk2_2.core/genPipes[0].genSIMD[0].genDSP.genblk1.dsp/DSP_PREADD_DATA_INST/D_DATA[17]
                         net (fo=1, routed)           0.000     6.011    top_i/StreamingDataflowPartition_1/inst/StreamingDataflowPartition_1_MVAU_rtl_7/StreamingDataflowPartition_1_MVAU_rtl_7/inst/inst/blkDsp.genblk2_2.core/genPipes[0].genSIMD[0].genDSP.genblk1.dsp/DSP_PREADD_DATA.D_DATA<17>
    DSP48E2_X7Y22        DSP_PREADD (Prop_DSP_PREADD_DSP48E2_D_DATA[17]_AD[17])
                                                      0.524     6.535 r  top_i/StreamingDataflowPartition_1/inst/StreamingDataflowPartition_1_MVAU_rtl_7/StreamingDataflowPartition_1_MVAU_rtl_7/inst/inst/blkDsp.genblk2_2.core/genPipes[0].genSIMD[0].genDSP.genblk1.dsp/DSP_PREADD_INST/AD[17]
                         net (fo=1, routed)           0.000     6.535    top_i/StreamingDataflowPartition_1/inst/StreamingDataflowPartition_1_MVAU_rtl_7/StreamingDataflowPartition_1_MVAU_rtl_7/inst/inst/blkDsp.genblk2_2.core/genPipes[0].genSIMD[0].genDSP.genblk1.dsp/DSP_PREADD.AD<17>
    DSP48E2_X7Y22        DSP_PREADD_DATA                              r  top_i/StreamingDataflowPartition_1/inst/StreamingDataflowPartition_1_MVAU_rtl_7/StreamingDataflowPartition_1_MVAU_rtl_7/inst/inst/blkDsp.genblk2_2.core/genPipes[0].genSIMD[0].genDSP.genblk1.dsp/DSP_PREADD_DATA_INST/AD[17]
  -------------------------------------------------------------------    -------------------

                         (clock clk_pl_0 rise edge)
                                                      5.333     5.333 r  
    PS8_X0Y0             PS8                          0.000     5.333 r  top_i/zynq_ps/inst/PS8_i/PLCLK[0]
                         net (fo=1, routed)           0.143     5.476    top_i/zynq_ps/inst/pl_clk_unbuffered[0]
    BUFG_PS_X0Y80        BUFG_PS (Prop_BUFG_PS_I_O)
                                                      0.025     5.501 r  top_i/zynq_ps/inst/buffer_pl_clk_0.PL_CLK_0_BUFG/O
    X1Y2 (CLOCK_ROOT)    net (fo=61545, routed)       1.732     7.233    top_i/StreamingDataflowPartition_1/inst/StreamingDataflowPartition_1_MVAU_rtl_7/StreamingDataflowPartition_1_MVAU_rtl_7/inst/inst/blkDsp.genblk2_2.core/genPipes[0].genSIMD[0].genDSP.genblk1.dsp/CLK
    DSP48E2_X7Y22        DSP_PREADD_DATA                              r  top_i/StreamingDataflowPartition_1/inst/StreamingDataflowPartition_1_MVAU_rtl_7/StreamingDataflowPartition_1_MVAU_rtl_7/inst/inst/blkDsp.genblk2_2.core/genPipes[0].genSIMD[0].genDSP.genblk1.dsp/DSP_PREADD_DATA_INST/CLK
                         clock pessimism              0.181     7.414    
                         clock uncertainty           -0.112     7.302    
    DSP48E2_X7Y22        DSP_PREADD_DATA (Setup_DSP_PREADD_DATA_DSP48E2_CLK_AD[17])
                                                      0.029     7.331    top_i/StreamingDataflowPartition_1/inst/StreamingDataflowPartition_1_MVAU_rtl_7/StreamingDataflowPartition_1_MVAU_rtl_7/inst/inst/blkDsp.genblk2_2.core/genPipes[0].genSIMD[0].genDSP.genblk1.dsp/DSP_PREADD_DATA_INST
  -------------------------------------------------------------------
                         required time                          7.331    
                         arrival time                          -6.535    
  -------------------------------------------------------------------
                         slack                                  0.796    

Slack (MET) :             0.796ns  (required time - arrival time)
  Source:                 top_i/StreamingDataflowPartition_1/inst/StreamingDataflowPartition_1_MVAU_rtl_7/StreamingDataflowPartition_1_MVAU_rtl_7_wstrm/inst/core/mem/blkStage2.Mem_reg_bram_0/CLKARDCLK
                            (rising edge-triggered cell RAMB36E2 clocked by clk_pl_0  {rise@0.000ns fall@2.667ns period=5.333ns})
  Destination:            top_i/StreamingDataflowPartition_1/inst/StreamingDataflowPartition_1_MVAU_rtl_7/StreamingDataflowPartition_1_MVAU_rtl_7/inst/inst/blkDsp.genblk2_2.core/genPipes[0].genSIMD[0].genDSP.genblk1.dsp/DSP_PREADD_DATA_INST/AD[18]
                            (rising edge-triggered cell DSP_PREADD_DATA clocked by clk_pl_0  {rise@0.000ns fall@2.667ns period=5.333ns})
  Path Group:             clk_pl_0
  Path Type:              Setup (Max at Slow Process Corner)
  Requirement:            5.333ns  (clk_pl_0 rise@5.333ns - clk_pl_0 rise@0.000ns)
  Data Path Delay:        4.292ns  (logic 3.407ns (79.380%)  route 0.885ns (20.620%))
  Logic Levels:           10  (DSP_PREADD=1 DSP_PREADD_DATA=1 LUT3=1 RAMB36E2=7)
  Clock Path Skew:        -0.162ns (DCD - SCD + CPR)
    Destination Clock Delay (DCD):    1.900ns = ( 7.233 - 5.333 ) 
    Source Clock Delay      (SCD):    2.243ns
    Clock Pessimism Removal (CPR):    0.181ns
  Clock Uncertainty:      0.112ns  ((TSJ^2 + DJ^2)^1/2) / 2 + PE
    Total System Jitter     (TSJ):    0.071ns
    Discrete Jitter          (DJ):    0.213ns
    Phase Error              (PE):    0.000ns
  Clock Net Delay (Source):      2.035ns (routing 0.569ns, distribution 1.466ns)
  Clock Net Delay (Destination): 1.732ns (routing 0.512ns, distribution 1.220ns)

    Location             Delay type                Incr(ns)  Path(ns)    Netlist Resource(s)
  -------------------------------------------------------------------    -------------------
                         (clock clk_pl_0 rise edge)
                                                      0.000     0.000 r  
    PS8_X0Y0             PS8                          0.000     0.000 r  top_i/zynq_ps/inst/PS8_i/PLCLK[0]
                         net (fo=1, routed)           0.180     0.180    top_i/zynq_ps/inst/pl_clk_unbuffered[0]
    BUFG_PS_X0Y80        BUFG_PS (Prop_BUFG_PS_I_O)
                                                      0.028     0.208 r  top_i/zynq_ps/inst/buffer_pl_clk_0.PL_CLK_0_BUFG/O
    X1Y2 (CLOCK_ROOT)    net (fo=61545, routed)       2.035     2.243    top_i/StreamingDataflowPartition_1/inst/StreamingDataflowPartition_1_MVAU_rtl_7/StreamingDataflowPartition_1_MVAU_rtl_7_wstrm/inst/core/mem/ap_clk
    RAMB36_X2Y11         RAMB36E2                                     r  top_i/StreamingDataflowPartition_1/inst/StreamingDataflowPartition_1_MVAU_rtl_7/StreamingDataflowPartition_1_MVAU_rtl_7_wstrm/inst/core/mem/blkStage2.Mem_reg_bram_0/CLKARDCLK
  -------------------------------------------------------------------    -------------------
    RAMB36_X2Y11         RAMB36E2 (Prop_RAMB36E2_RAMB36_CLKARDCLK_CASDOUTA[1])
                                                      1.143     3.386 f  top_i/StreamingDataflowPartition_1/inst/StreamingDataflowPartition_1_MVAU_rtl_7/StreamingDataflowPartition_1_MVAU_rtl_7_wstrm/inst/core/mem/blkStage2.Mem_reg_bram_0/CASDOUTA[1]
                         net (fo=1, routed)           0.036     3.422    top_i/StreamingDataflowPartition_1/inst/StreamingDataflowPartition_1_MVAU_rtl_7/StreamingDataflowPartition_1_MVAU_rtl_7_wstrm/inst/core/mem/blkStage2.Mem_reg_bram_0_n_34
    RAMB36_X2Y12         RAMB36E2 (Prop_RAMB36E2_RAMB36_CASDINA[1]_CASDOUTA[1])
                                                      0.210     3.632 f  top_i/StreamingDataflowPartition_1/inst/StreamingDataflowPartition_1_MVAU_rtl_7/StreamingDataflowPartition_1_MVAU_rtl_7_wstrm/inst/core/mem/blkStage2.Mem_reg_bram_1/CASDOUTA[1]
                         net (fo=1, routed)           0.036     3.668    top_i/StreamingDataflowPartition_1/inst/StreamingDataflowPartition_1_MVAU_rtl_7/StreamingDataflowPartition_1_MVAU_rtl_7_wstrm/inst/core/mem/blkStage2.Mem_reg_bram_1_n_34
    RAMB36_X2Y13         RAMB36E2 (Prop_RAMB36E2_RAMB36_CASDINA[1]_CASDOUTA[1])
                                                      0.210     3.878 f  top_i/StreamingDataflowPartition_1/inst/StreamingDataflowPartition_1_MVAU_rtl_7/StreamingDataflowPartition_1_MVAU_rtl_7_wstrm/inst/core/mem/blkStage2.Mem_reg_bram_2/CASDOUTA[1]
                         net (fo=1, routed)           0.036     3.914    top_i/StreamingDataflowPartition_1/inst/StreamingDataflowPartition_1_MVAU_rtl_7/StreamingDataflowPartition_1_MVAU_rtl_7_wstrm/inst/core/mem/blkStage2.Mem_reg_bram_2_n_34
    RAMB36_X2Y14         RAMB36E2 (Prop_RAMB36E2_RAMB36_CASDINA[1]_CASDOUTA[1])
                                                      0.210     4.124 f  top_i/StreamingDataflowPartition_1/inst/StreamingDataflowPartition_1_MVAU_rtl_7/StreamingDataflowPartition_1_MVAU_rtl_7_wstrm/inst/core/mem/blkStage2.Mem_reg_bram_3/CASDOUTA[1]
                         net (fo=1, routed)           0.036     4.160    top_i/StreamingDataflowPartition_1/inst/StreamingDataflowPartition_1_MVAU_rtl_7/StreamingDataflowPartition_1_MVAU_rtl_7_wstrm/inst/core/mem/blkStage2.Mem_reg_bram_3_n_34
    RAMB36_X2Y15         RAMB36E2 (Prop_RAMB36E2_RAMB36_CASDINA[1]_CASDOUTA[1])
                                                      0.210     4.370 f  top_i/StreamingDataflowPartition_1/inst/StreamingDataflowPartition_1_MVAU_rtl_7/StreamingDataflowPartition_1_MVAU_rtl_7_wstrm/inst/core/mem/blkStage2.Mem_reg_bram_4/CASDOUTA[1]
                         net (fo=1, routed)           0.036     4.406    top_i/StreamingDataflowPartition_1/inst/StreamingDataflowPartition_1_MVAU_rtl_7/StreamingDataflowPartition_1_MVAU_rtl_7_wstrm/inst/core/mem/blkStage2.Mem_reg_bram_4_n_34
    RAMB36_X2Y16         RAMB36E2 (Prop_RAMB36E2_RAMB36_CASDINA[1]_CASDOUTA[1])
                                                      0.210     4.616 f  top_i/StreamingDataflowPartition_1/inst/StreamingDataflowPartition_1_MVAU_rtl_7/StreamingDataflowPartition_1_MVAU_rtl_7_wstrm/inst/core/mem/blkStage2.Mem_reg_bram_5/CASDOUTA[1]
                         net (fo=1, routed)           0.036     4.652    top_i/StreamingDataflowPartition_1/inst/StreamingDataflowPartition_1_MVAU_rtl_7/StreamingDataflowPartition_1_MVAU_rtl_7_wstrm/inst/core/mem/blkStage2.Mem_reg_bram_5_n_34
    RAMB36_X2Y17         RAMB36E2 (Prop_RAMB36E2_RAMB36_CASDINA[1]_CASDOUTA[1])
                                                      0.210     4.862 f  top_i/StreamingDataflowPartition_1/inst/StreamingDataflowPartition_1_MVAU_rtl_7/StreamingDataflowPartition_1_MVAU_rtl_7_wstrm/inst/core/mem/blkStage2.Mem_reg_bram_6/CASDOUTA[1]
                         net (fo=1, routed)           0.036     4.898    top_i/StreamingDataflowPartition_1/inst/StreamingDataflowPartition_1_MVAU_rtl_7/StreamingDataflowPartition_1_MVAU_rtl_7_wstrm/inst/core/mem/blkStage2.Mem_reg_bram_6_n_34
    RAMB36_X2Y18         RAMB36E2 (Prop_RAMB36E2_RAMB36_CASDINA[1]_DOUTADOUT[1])
                                                      0.117     5.015 f  top_i/StreamingDataflowPartition_1/inst/StreamingDataflowPartition_1_MVAU_rtl_7/StreamingDataflowPartition_1_MVAU_rtl_7_wstrm/inst/core/mem/blkStage2.Mem_reg_bram_7/DOUTADOUT[1]
                         net (fo=1, routed)           0.481     5.496    top_i/StreamingDataflowPartition_1/inst/StreamingDataflowPartition_1_MVAU_rtl_7/StreamingDataflowPartition_1_MVAU_rtl_7_wstrm/inst/core/mem/blkStage2.Mem_reg_bram_7_n_98
    SLICE_X69Y59         LUT3 (Prop_C6LUT_SLICEL_I2_O)
                                                      0.123     5.619 f  top_i/StreamingDataflowPartition_1/inst/StreamingDataflowPartition_1_MVAU_rtl_7/StreamingDataflowPartition_1_MVAU_rtl_7_wstrm/inst/core/mem/m_axis_0_tdata[1]_INST_0/O
                         net (fo=1, routed)           0.152     5.771    top_i/StreamingDataflowPartition_1/inst/StreamingDataflowPartition_1_MVAU_rtl_7/StreamingDataflowPartition_1_MVAU_rtl_7/inst/inst/blkDsp.genblk2_2.core/genPipes[0].genSIMD[0].genDSP.genblk1.dsp/D[17]
    DSP48E2_X7Y22        DSP_PREADD_DATA (Prop_DSP_PREADD_DATA_DSP48E2_DIN[17]_D_DATA[17])
                                                      0.240     6.011 r  top_i/StreamingDataflowPartition_1/inst/StreamingDataflowPartition_1_MVAU_rtl_7/StreamingDataflowPartition_1_MVAU_rtl_7/inst/inst/blkDsp.genblk2_2.core/genPipes[0].genSIMD[0].genDSP.genblk1.dsp/DSP_PREADD_DATA_INST/D_DATA[17]
                         net (fo=1, routed)           0.000     6.011    top_i/StreamingDataflowPartition_1/inst/StreamingDataflowPartition_1_MVAU_rtl_7/StreamingDataflowPartition_1_MVAU_rtl_7/inst/inst/blkDsp.genblk2_2.core/genPipes[0].genSIMD[0].genDSP.genblk1.dsp/DSP_PREADD_DATA.D_DATA<17>
    DSP48E2_X7Y22        DSP_PREADD (Prop_DSP_PREADD_DSP48E2_D_DATA[17]_AD[18])
                                                      0.524     6.535 r  top_i/StreamingDataflowPartition_1/inst/StreamingDataflowPartition_1_MVAU_rtl_7/StreamingDataflowPartition_1_MVAU_rtl_7/inst/inst/blkDsp.genblk2_2.core/genPipes[0].genSIMD[0].genDSP.genblk1.dsp/DSP_PREADD_INST/AD[18]
                         net (fo=1, routed)           0.000     6.535    top_i/StreamingDataflowPartition_1/inst/StreamingDataflowPartition_1_MVAU_rtl_7/StreamingDataflowPartition_1_MVAU_rtl_7/inst/inst/blkDsp.genblk2_2.core/genPipes[0].genSIMD[0].genDSP.genblk1.dsp/DSP_PREADD.AD<18>
    DSP48E2_X7Y22        DSP_PREADD_DATA                              r  top_i/StreamingDataflowPartition_1/inst/StreamingDataflowPartition_1_MVAU_rtl_7/StreamingDataflowPartition_1_MVAU_rtl_7/inst/inst/blkDsp.genblk2_2.core/genPipes[0].genSIMD[0].genDSP.genblk1.dsp/DSP_PREADD_DATA_INST/AD[18]
  -------------------------------------------------------------------    -------------------

                         (clock clk_pl_0 rise edge)
                                                      5.333     5.333 r  
    PS8_X0Y0             PS8                          0.000     5.333 r  top_i/zynq_ps/inst/PS8_i/PLCLK[0]
                         net (fo=1, routed)           0.143     5.476    top_i/zynq_ps/inst/pl_clk_unbuffered[0]
    BUFG_PS_X0Y80        BUFG_PS (Prop_BUFG_PS_I_O)
                                                      0.025     5.501 r  top_i/zynq_ps/inst/buffer_pl_clk_0.PL_CLK_0_BUFG/O
    X1Y2 (CLOCK_ROOT)    net (fo=61545, routed)       1.732     7.233    top_i/StreamingDataflowPartition_1/inst/StreamingDataflowPartition_1_MVAU_rtl_7/StreamingDataflowPartition_1_MVAU_rtl_7/inst/inst/blkDsp.genblk2_2.core/genPipes[0].genSIMD[0].genDSP.genblk1.dsp/CLK
    DSP48E2_X7Y22        DSP_PREADD_DATA                              r  top_i/StreamingDataflowPartition_1/inst/StreamingDataflowPartition_1_MVAU_rtl_7/StreamingDataflowPartition_1_MVAU_rtl_7/inst/inst/blkDsp.genblk2_2.core/genPipes[0].genSIMD[0].genDSP.genblk1.dsp/DSP_PREADD_DATA_INST/CLK
                         clock pessimism              0.181     7.414    
                         clock uncertainty           -0.112     7.302    
    DSP48E2_X7Y22        DSP_PREADD_DATA (Setup_DSP_PREADD_DATA_DSP48E2_CLK_AD[18])
                                                      0.029     7.331    top_i/StreamingDataflowPartition_1/inst/StreamingDataflowPartition_1_MVAU_rtl_7/StreamingDataflowPartition_1_MVAU_rtl_7/inst/inst/blkDsp.genblk2_2.core/genPipes[0].genSIMD[0].genDSP.genblk1.dsp/DSP_PREADD_DATA_INST
  -------------------------------------------------------------------
                         required time                          7.331    
                         arrival time                          -6.535    
  -------------------------------------------------------------------
                         slack                                  0.796    





Min Delay Paths
--------------------------------------------------------------------------------------
Slack (MET) :             0.010ns  (arrival time - required time)
  Source:                 top_i/StreamingDataflowPartition_1/inst/StreamingDataflowPartition_1_MVAU_rtl_1/StreamingDataflowPartition_1_MVAU_rtl_1/inst/inst/blkDsp.genblk2_2.core/genPipes[13].genSIMD[0].X1_reg[1]/C
                            (rising edge-triggered cell FDRE clocked by clk_pl_0  {rise@0.000ns fall@2.667ns period=5.333ns})
  Destination:            top_i/StreamingDataflowPartition_1/inst/StreamingDataflowPartition_1_MVAU_rtl_1/StreamingDataflowPartition_1_MVAU_rtl_1/inst/inst/blkDsp.genblk2_2.core/genPipes[13].genSIMD[0].X2_reg[1]/D
                            (rising edge-triggered cell FDRE clocked by clk_pl_0  {rise@0.000ns fall@2.667ns period=5.333ns})
  Path Group:             clk_pl_0
  Path Type:              Hold (Min at Slow Process Corner)
  Requirement:            0.000ns  (clk_pl_0 rise@0.000ns - clk_pl_0 rise@0.000ns)
  Data Path Delay:        0.155ns  (logic 0.059ns (38.065%)  route 0.096ns (61.935%))
  Logic Levels:           0  
  Clock Path Skew:        0.085ns (DCD - SCD - CPR)
    Destination Clock Delay (DCD):    2.058ns
    Source Clock Delay      (SCD):    1.800ns
    Clock Pessimism Removal (CPR):    0.172ns
  Clock Net Delay (Source):      1.632ns (routing 0.512ns, distribution 1.120ns)
  Clock Net Delay (Destination): 1.850ns (routing 0.569ns, distribution 1.281ns)

    Location             Delay type                Incr(ns)  Path(ns)    Netlist Resource(s)
  -------------------------------------------------------------------    -------------------
                         (clock clk_pl_0 rise edge)
                                                      0.000     0.000 r  
    PS8_X0Y0             PS8                          0.000     0.000 r  top_i/zynq_ps/inst/PS8_i/PLCLK[0]
                         net (fo=1, routed)           0.143     0.143    top_i/zynq_ps/inst/pl_clk_unbuffered[0]
    BUFG_PS_X0Y80        BUFG_PS (Prop_BUFG_PS_I_O)
                                                      0.025     0.168 r  top_i/zynq_ps/inst/buffer_pl_clk_0.PL_CLK_0_BUFG/O
    X1Y2 (CLOCK_ROOT)    net (fo=61545, routed)       1.632     1.800    top_i/StreamingDataflowPartition_1/inst/StreamingDataflowPartition_1_MVAU_rtl_1/StreamingDataflowPartition_1_MVAU_rtl_1/inst/inst/blkDsp.genblk2_2.core/ap_clk
    SLICE_X55Y351        FDRE                                         r  top_i/StreamingDataflowPartition_1/inst/StreamingDataflowPartition_1_MVAU_rtl_1/StreamingDataflowPartition_1_MVAU_rtl_1/inst/inst/blkDsp.genblk2_2.core/genPipes[13].genSIMD[0].X1_reg[1]/C
  -------------------------------------------------------------------    -------------------
    SLICE_X55Y351        FDRE (Prop_DFF_SLICEL_C_Q)
                                                      0.059     1.859 r  top_i/StreamingDataflowPartition_1/inst/StreamingDataflowPartition_1_MVAU_rtl_1/StreamingDataflowPartition_1_MVAU_rtl_1/inst/inst/blkDsp.genblk2_2.core/genPipes[13].genSIMD[0].X1_reg[1]/Q
                         net (fo=1, routed)           0.096     1.955    top_i/StreamingDataflowPartition_1/inst/StreamingDataflowPartition_1_MVAU_rtl_1/StreamingDataflowPartition_1_MVAU_rtl_1/inst/inst/blkDsp.genblk2_2.core/genPipes[13].genSIMD[0].X1[1]
    SLICE_X56Y351        FDRE                                         r  top_i/StreamingDataflowPartition_1/inst/StreamingDataflowPartition_1_MVAU_rtl_1/StreamingDataflowPartition_1_MVAU_rtl_1/inst/inst/blkDsp.genblk2_2.core/genPipes[13].genSIMD[0].X2_reg[1]/D
  -------------------------------------------------------------------    -------------------

                         (clock clk_pl_0 rise edge)
                                                      0.000     0.000 r  
    PS8_X0Y0             PS8                          0.000     0.000 r  top_i/zynq_ps/inst/PS8_i/PLCLK[0]
                         net (fo=1, routed)           0.180     0.180    top_i/zynq_ps/inst/pl_clk_unbuffered[0]
    BUFG_PS_X0Y80        BUFG_PS (Prop_BUFG_PS_I_O)
                                                      0.028     0.208 r  top_i/zynq_ps/inst/buffer_pl_clk_0.PL_CLK_0_BUFG/O
    X1Y2 (CLOCK_ROOT)    net (fo=61545, routed)       1.850     2.058    top_i/StreamingDataflowPartition_1/inst/StreamingDataflowPartition_1_MVAU_rtl_1/StreamingDataflowPartition_1_MVAU_rtl_1/inst/inst/blkDsp.genblk2_2.core/ap_clk
    SLICE_X56Y351        FDRE                                         r  top_i/StreamingDataflowPartition_1/inst/StreamingDataflowPartition_1_MVAU_rtl_1/StreamingDataflowPartition_1_MVAU_rtl_1/inst/inst/blkDsp.genblk2_2.core/genPipes[13].genSIMD[0].X2_reg[1]/C
                         clock pessimism             -0.172     1.886    
    SLICE_X56Y351        FDRE (Hold_FFF_SLICEM_C_D)
                                                      0.060     1.946    top_i/StreamingDataflowPartition_1/inst/StreamingDataflowPartition_1_MVAU_rtl_1/StreamingDataflowPartition_1_MVAU_rtl_1/inst/inst/blkDsp.genblk2_2.core/genPipes[13].genSIMD[0].X2_reg[1]
  -------------------------------------------------------------------
                         required time                         -1.946    
                         arrival time                           1.955    
  -------------------------------------------------------------------
                         slack                                  0.010    

Slack (MET) :             0.010ns  (arrival time - required time)
  Source:                 top_i/StreamingDataflowPartition_1/inst/StreamingDataflowPartition_1_StreamingMaxPool_hls_4/inst/regslice_both_out_V_U/data_p1_reg[6]/C
                            (rising edge-triggered cell FDRE clocked by clk_pl_0  {rise@0.000ns fall@2.667ns period=5.333ns})
  Destination:            top_i/StreamingDataflowPartition_1/inst/StreamingDataflowPartition_1_StreamingFIFO_rtl_52/inst/impl/srl_reg[0][6]/D
                            (rising edge-triggered cell FDRE clocked by clk_pl_0  {rise@0.000ns fall@2.667ns period=5.333ns})
  Path Group:             clk_pl_0
  Path Type:              Hold (Min at Slow Process Corner)
  Requirement:            0.000ns  (clk_pl_0 rise@0.000ns - clk_pl_0 rise@0.000ns)
  Data Path Delay:        0.124ns  (logic 0.058ns (46.774%)  route 0.066ns (53.226%))
  Logic Levels:           0  
  Clock Path Skew:        0.052ns (DCD - SCD - CPR)
    Destination Clock Delay (DCD):    2.227ns
    Source Clock Delay      (SCD):    1.943ns
    Clock Pessimism Removal (CPR):    0.232ns
  Clock Net Delay (Source):      1.775ns (routing 0.512ns, distribution 1.263ns)
  Clock Net Delay (Destination): 2.019ns (routing 0.569ns, distribution 1.450ns)

    Location             Delay type                Incr(ns)  Path(ns)    Netlist Resource(s)
  -------------------------------------------------------------------    -------------------
                         (clock clk_pl_0 rise edge)
                                                      0.000     0.000 r  
    PS8_X0Y0             PS8                          0.000     0.000 r  top_i/zynq_ps/inst/PS8_i/PLCLK[0]
                         net (fo=1, routed)           0.143     0.143    top_i/zynq_ps/inst/pl_clk_unbuffered[0]
    BUFG_PS_X0Y80        BUFG_PS (Prop_BUFG_PS_I_O)
                                                      0.025     0.168 r  top_i/zynq_ps/inst/buffer_pl_clk_0.PL_CLK_0_BUFG/O
    X1Y2 (CLOCK_ROOT)    net (fo=61545, routed)       1.775     1.943    top_i/StreamingDataflowPartition_1/inst/StreamingDataflowPartition_1_StreamingMaxPool_hls_4/inst/regslice_both_out_V_U/ap_clk
    SLICE_X87Y256        FDRE                                         r  top_i/StreamingDataflowPartition_1/inst/StreamingDataflowPartition_1_StreamingMaxPool_hls_4/inst/regslice_both_out_V_U/data_p1_reg[6]/C
  -------------------------------------------------------------------    -------------------
    SLICE_X87Y256        FDRE (Prop_AFF_SLICEL_C_Q)
                                                      0.058     2.001 r  top_i/StreamingDataflowPartition_1/inst/StreamingDataflowPartition_1_StreamingMaxPool_hls_4/inst/regslice_both_out_V_U/data_p1_reg[6]/Q
                         net (fo=2, routed)           0.066     2.067    top_i/StreamingDataflowPartition_1/inst/StreamingDataflowPartition_1_StreamingFIFO_rtl_52/inst/impl/D[6]
    SLICE_X87Y255        FDRE                                         r  top_i/StreamingDataflowPartition_1/inst/StreamingDataflowPartition_1_StreamingFIFO_rtl_52/inst/impl/srl_reg[0][6]/D
  -------------------------------------------------------------------    -------------------

                         (clock clk_pl_0 rise edge)
                                                      0.000     0.000 r  
    PS8_X0Y0             PS8                          0.000     0.000 r  top_i/zynq_ps/inst/PS8_i/PLCLK[0]
                         net (fo=1, routed)           0.180     0.180    top_i/zynq_ps/inst/pl_clk_unbuffered[0]
    BUFG_PS_X0Y80        BUFG_PS (Prop_BUFG_PS_I_O)
                                                      0.028     0.208 r  top_i/zynq_ps/inst/buffer_pl_clk_0.PL_CLK_0_BUFG/O
    X1Y2 (CLOCK_ROOT)    net (fo=61545, routed)       2.019     2.227    top_i/StreamingDataflowPartition_1/inst/StreamingDataflowPartition_1_StreamingFIFO_rtl_52/inst/impl/ap_clk
    SLICE_X87Y255        FDRE                                         r  top_i/StreamingDataflowPartition_1/inst/StreamingDataflowPartition_1_StreamingFIFO_rtl_52/inst/impl/srl_reg[0][6]/C
                         clock pessimism             -0.232     1.995    
    SLICE_X87Y255        FDRE (Hold_DFF2_SLICEL_C_D)
                                                      0.062     2.057    top_i/StreamingDataflowPartition_1/inst/StreamingDataflowPartition_1_StreamingFIFO_rtl_52/inst/impl/srl_reg[0][6]
  -------------------------------------------------------------------
                         required time                         -2.057    
                         arrival time                           2.067    
  -------------------------------------------------------------------
                         slack                                  0.010    

Slack (MET) :             0.010ns  (arrival time - required time)
  Source:                 top_i/StreamingDataflowPartition_1/inst/StreamingDataflowPartition_1_StreamingFIFO_rtl_26/inst/impl/srlo_reg[117]/C
                            (rising edge-triggered cell FDRE clocked by clk_pl_0  {rise@0.000ns fall@2.667ns period=5.333ns})
  Destination:            top_i/StreamingDataflowPartition_1/inst/StreamingDataflowPartition_1_FMPadding_rtl_2/inst/impl/padding/A_reg[dat][117]/D
                            (rising edge-triggered cell FDRE clocked by clk_pl_0  {rise@0.000ns fall@2.667ns period=5.333ns})
  Path Group:             clk_pl_0
  Path Type:              Hold (Min at Slow Process Corner)
  Requirement:            0.000ns  (clk_pl_0 rise@0.000ns - clk_pl_0 rise@0.000ns)
  Data Path Delay:        0.162ns  (logic 0.059ns (36.420%)  route 0.103ns (63.580%))
  Logic Levels:           0  
  Clock Path Skew:        0.090ns (DCD - SCD - CPR)
    Destination Clock Delay (DCD):    2.044ns
    Source Clock Delay      (SCD):    1.786ns
    Clock Pessimism Removal (CPR):    0.168ns
  Clock Net Delay (Source):      1.618ns (routing 0.512ns, distribution 1.106ns)
  Clock Net Delay (Destination): 1.836ns (routing 0.569ns, distribution 1.267ns)

    Location             Delay type                Incr(ns)  Path(ns)    Netlist Resource(s)
  -------------------------------------------------------------------    -------------------
                         (clock clk_pl_0 rise edge)
                                                      0.000     0.000 r  
    PS8_X0Y0             PS8                          0.000     0.000 r  top_i/zynq_ps/inst/PS8_i/PLCLK[0]
                         net (fo=1, routed)           0.143     0.143    top_i/zynq_ps/inst/pl_clk_unbuffered[0]
    BUFG_PS_X0Y80        BUFG_PS (Prop_BUFG_PS_I_O)
                                                      0.025     0.168 r  top_i/zynq_ps/inst/buffer_pl_clk_0.PL_CLK_0_BUFG/O
    X1Y2 (CLOCK_ROOT)    net (fo=61545, routed)       1.618     1.786    top_i/StreamingDataflowPartition_1/inst/StreamingDataflowPartition_1_StreamingFIFO_rtl_26/inst/impl/ap_clk
    SLICE_X58Y256        FDRE                                         r  top_i/StreamingDataflowPartition_1/inst/StreamingDataflowPartition_1_StreamingFIFO_rtl_26/inst/impl/srlo_reg[117]/C
  -------------------------------------------------------------------    -------------------
    SLICE_X58Y256        FDRE (Prop_BFF_SLICEL_C_Q)
                                                      0.059     1.845 r  top_i/StreamingDataflowPartition_1/inst/StreamingDataflowPartition_1_StreamingFIFO_rtl_26/inst/impl/srlo_reg[117]/Q
                         net (fo=2, routed)           0.103     1.948    top_i/StreamingDataflowPartition_1/inst/StreamingDataflowPartition_1_FMPadding_rtl_2/inst/impl/padding/Q[117]
    SLICE_X59Y255        FDRE                                         r  top_i/StreamingDataflowPartition_1/inst/StreamingDataflowPartition_1_FMPadding_rtl_2/inst/impl/padding/A_reg[dat][117]/D
  -------------------------------------------------------------------    -------------------

                         (clock clk_pl_0 rise edge)
                                                      0.000     0.000 r  
    PS8_X0Y0             PS8                          0.000     0.000 r  top_i/zynq_ps/inst/PS8_i/PLCLK[0]
                         net (fo=1, routed)           0.180     0.180    top_i/zynq_ps/inst/pl_clk_unbuffered[0]
    BUFG_PS_X0Y80        BUFG_PS (Prop_BUFG_PS_I_O)
                                                      0.028     0.208 r  top_i/zynq_ps/inst/buffer_pl_clk_0.PL_CLK_0_BUFG/O
    X1Y2 (CLOCK_ROOT)    net (fo=61545, routed)       1.836     2.044    top_i/StreamingDataflowPartition_1/inst/StreamingDataflowPartition_1_FMPadding_rtl_2/inst/impl/padding/ap_clk
    SLICE_X59Y255        FDRE                                         r  top_i/StreamingDataflowPartition_1/inst/StreamingDataflowPartition_1_FMPadding_rtl_2/inst/impl/padding/A_reg[dat][117]/C
                         clock pessimism             -0.168     1.876    
    SLICE_X59Y255        FDRE (Hold_EFF2_SLICEL_C_D)
                                                      0.062     1.938    top_i/StreamingDataflowPartition_1/inst/StreamingDataflowPartition_1_FMPadding_rtl_2/inst/impl/padding/A_reg[dat][117]
  -------------------------------------------------------------------
                         required time                         -1.938    
                         arrival time                           1.948    
  -------------------------------------------------------------------
                         slack                                  0.010    

Slack (MET) :             0.010ns  (arrival time - required time)
  Source:                 top_i/StreamingDataflowPartition_1/inst/StreamingDataflowPartition_1_StreamingFIFO_rtl_17/inst/impl/srlo_reg[499]/C
                            (rising edge-triggered cell FDRE clocked by clk_pl_0  {rise@0.000ns fall@2.667ns period=5.333ns})
  Destination:            top_i/StreamingDataflowPartition_1/inst/StreamingDataflowPartition_1_FMPadding_rtl_1/inst/impl/padding/A_reg[dat][499]/D
                            (rising edge-triggered cell FDRE clocked by clk_pl_0  {rise@0.000ns fall@2.667ns period=5.333ns})
  Path Group:             clk_pl_0
  Path Type:              Hold (Min at Slow Process Corner)
  Requirement:            0.000ns  (clk_pl_0 rise@0.000ns - clk_pl_0 rise@0.000ns)
  Data Path Delay:        0.169ns  (logic 0.058ns (34.319%)  route 0.111ns (65.680%))
  Logic Levels:           0  
  Clock Path Skew:        0.097ns (DCD - SCD - CPR)
    Destination Clock Delay (DCD):    2.185ns
    Source Clock Delay      (SCD):    1.908ns
    Clock Pessimism Removal (CPR):    0.180ns
  Clock Net Delay (Source):      1.740ns (routing 0.512ns, distribution 1.228ns)
  Clock Net Delay (Destination): 1.977ns (routing 0.569ns, distribution 1.408ns)

    Location             Delay type                Incr(ns)  Path(ns)    Netlist Resource(s)
  -------------------------------------------------------------------    -------------------
                         (clock clk_pl_0 rise edge)
                                                      0.000     0.000 r  
    PS8_X0Y0             PS8                          0.000     0.000 r  top_i/zynq_ps/inst/PS8_i/PLCLK[0]
                         net (fo=1, routed)           0.143     0.143    top_i/zynq_ps/inst/pl_clk_unbuffered[0]
    BUFG_PS_X0Y80        BUFG_PS (Prop_BUFG_PS_I_O)
                                                      0.025     0.168 r  top_i/zynq_ps/inst/buffer_pl_clk_0.PL_CLK_0_BUFG/O
    X1Y2 (CLOCK_ROOT)    net (fo=61545, routed)       1.740     1.908    top_i/StreamingDataflowPartition_1/inst/StreamingDataflowPartition_1_StreamingFIFO_rtl_17/inst/impl/ap_clk
    SLICE_X20Y337        FDRE                                         r  top_i/StreamingDataflowPartition_1/inst/StreamingDataflowPartition_1_StreamingFIFO_rtl_17/inst/impl/srlo_reg[499]/C
  -------------------------------------------------------------------    -------------------
    SLICE_X20Y337        FDRE (Prop_CFF_SLICEL_C_Q)
                                                      0.058     1.966 r  top_i/StreamingDataflowPartition_1/inst/StreamingDataflowPartition_1_StreamingFIFO_rtl_17/inst/impl/srlo_reg[499]/Q
                         net (fo=2, routed)           0.111     2.077    top_i/StreamingDataflowPartition_1/inst/StreamingDataflowPartition_1_FMPadding_rtl_1/inst/impl/padding/Q[499]
    SLICE_X21Y337        FDRE                                         r  top_i/StreamingDataflowPartition_1/inst/StreamingDataflowPartition_1_FMPadding_rtl_1/inst/impl/padding/A_reg[dat][499]/D
  -------------------------------------------------------------------    -------------------

                         (clock clk_pl_0 rise edge)
                                                      0.000     0.000 r  
    PS8_X0Y0             PS8                          0.000     0.000 r  top_i/zynq_ps/inst/PS8_i/PLCLK[0]
                         net (fo=1, routed)           0.180     0.180    top_i/zynq_ps/inst/pl_clk_unbuffered[0]
    BUFG_PS_X0Y80        BUFG_PS (Prop_BUFG_PS_I_O)
                                                      0.028     0.208 r  top_i/zynq_ps/inst/buffer_pl_clk_0.PL_CLK_0_BUFG/O
    X1Y2 (CLOCK_ROOT)    net (fo=61545, routed)       1.977     2.185    top_i/StreamingDataflowPartition_1/inst/StreamingDataflowPartition_1_FMPadding_rtl_1/inst/impl/padding/ap_clk
    SLICE_X21Y337        FDRE                                         r  top_i/StreamingDataflowPartition_1/inst/StreamingDataflowPartition_1_FMPadding_rtl_1/inst/impl/padding/A_reg[dat][499]/C
                         clock pessimism             -0.180     2.005    
    SLICE_X21Y337        FDRE (Hold_EFF2_SLICEM_C_D)
                                                      0.062     2.067    top_i/StreamingDataflowPartition_1/inst/StreamingDataflowPartition_1_FMPadding_rtl_1/inst/impl/padding/A_reg[dat][499]
  -------------------------------------------------------------------
                         required time                         -2.067    
                         arrival time                           2.077    
  -------------------------------------------------------------------
                         slack                                  0.010    

Slack (MET) :             0.010ns  (arrival time - required time)
  Source:                 top_i/StreamingDataflowPartition_1/inst/StreamingDataflowPartition_1_FMPadding_rtl_6/inst/impl/padding/B_reg[dat][35]/C
                            (rising edge-triggered cell FDRE clocked by clk_pl_0  {rise@0.000ns fall@2.667ns period=5.333ns})
  Destination:            top_i/StreamingDataflowPartition_1/inst/StreamingDataflowPartition_1_StreamingFIFO_rtl_62/inst/impl/srl_reg[0][35]/D
                            (rising edge-triggered cell FDRE clocked by clk_pl_0  {rise@0.000ns fall@2.667ns period=5.333ns})
  Path Group:             clk_pl_0
  Path Type:              Hold (Min at Slow Process Corner)
  Requirement:            0.000ns  (clk_pl_0 rise@0.000ns - clk_pl_0 rise@0.000ns)
  Data Path Delay:        0.148ns  (logic 0.058ns (39.189%)  route 0.090ns (60.811%))
  Logic Levels:           0  
  Clock Path Skew:        0.076ns (DCD - SCD - CPR)
    Destination Clock Delay (DCD):    2.198ns
    Source Clock Delay      (SCD):    1.943ns
    Clock Pessimism Removal (CPR):    0.179ns
  Clock Net Delay (Source):      1.775ns (routing 0.512ns, distribution 1.263ns)
  Clock Net Delay (Destination): 1.990ns (routing 0.569ns, distribution 1.421ns)

    Location             Delay type                Incr(ns)  Path(ns)    Netlist Resource(s)
  -------------------------------------------------------------------    -------------------
                         (clock clk_pl_0 rise edge)
                                                      0.000     0.000 r  
    PS8_X0Y0             PS8                          0.000     0.000 r  top_i/zynq_ps/inst/PS8_i/PLCLK[0]
                         net (fo=1, routed)           0.143     0.143    top_i/zynq_ps/inst/pl_clk_unbuffered[0]
    BUFG_PS_X0Y80        BUFG_PS (Prop_BUFG_PS_I_O)
                                                      0.025     0.168 r  top_i/zynq_ps/inst/buffer_pl_clk_0.PL_CLK_0_BUFG/O
    X1Y2 (CLOCK_ROOT)    net (fo=61545, routed)       1.775     1.943    top_i/StreamingDataflowPartition_1/inst/StreamingDataflowPartition_1_FMPadding_rtl_6/inst/impl/padding/ap_clk
    SLICE_X74Y243        FDRE                                         r  top_i/StreamingDataflowPartition_1/inst/StreamingDataflowPartition_1_FMPadding_rtl_6/inst/impl/padding/B_reg[dat][35]/C
  -------------------------------------------------------------------    -------------------
    SLICE_X74Y243        FDRE (Prop_DFF_SLICEM_C_Q)
                                                      0.058     2.001 r  top_i/StreamingDataflowPartition_1/inst/StreamingDataflowPartition_1_FMPadding_rtl_6/inst/impl/padding/B_reg[dat][35]/Q
                         net (fo=2, routed)           0.090     2.091    top_i/StreamingDataflowPartition_1/inst/StreamingDataflowPartition_1_StreamingFIFO_rtl_62/inst/impl/srl_reg[0][511]_0[35]
    SLICE_X73Y243        FDRE                                         r  top_i/StreamingDataflowPartition_1/inst/StreamingDataflowPartition_1_StreamingFIFO_rtl_62/inst/impl/srl_reg[0][35]/D
  -------------------------------------------------------------------    -------------------

                         (clock clk_pl_0 rise edge)
                                                      0.000     0.000 r  
    PS8_X0Y0             PS8                          0.000     0.000 r  top_i/zynq_ps/inst/PS8_i/PLCLK[0]
                         net (fo=1, routed)           0.180     0.180    top_i/zynq_ps/inst/pl_clk_unbuffered[0]
    BUFG_PS_X0Y80        BUFG_PS (Prop_BUFG_PS_I_O)
                                                      0.028     0.208 r  top_i/zynq_ps/inst/buffer_pl_clk_0.PL_CLK_0_BUFG/O
    X1Y2 (CLOCK_ROOT)    net (fo=61545, routed)       1.990     2.198    top_i/StreamingDataflowPartition_1/inst/StreamingDataflowPartition_1_StreamingFIFO_rtl_62/inst/impl/ap_clk
    SLICE_X73Y243        FDRE                                         r  top_i/StreamingDataflowPartition_1/inst/StreamingDataflowPartition_1_StreamingFIFO_rtl_62/inst/impl/srl_reg[0][35]/C
                         clock pessimism             -0.179     2.019    
    SLICE_X73Y243        FDRE (Hold_BFF2_SLICEM_C_D)
                                                      0.062     2.081    top_i/StreamingDataflowPartition_1/inst/StreamingDataflowPartition_1_StreamingFIFO_rtl_62/inst/impl/srl_reg[0][35]
  -------------------------------------------------------------------
                         required time                         -2.081    
                         arrival time                           2.091    
  -------------------------------------------------------------------
                         slack                                  0.010    

Slack (MET) :             0.010ns  (arrival time - required time)
  Source:                 top_i/StreamingDataflowPartition_1/inst/StreamingDataflowPartition_1_MVAU_rtl_2/StreamingDataflowPartition_1_MVAU_rtl_2/inst/inst/B_reg[dat][15][4]/C
                            (rising edge-triggered cell FDRE clocked by clk_pl_0  {rise@0.000ns fall@2.667ns period=5.333ns})
  Destination:            top_i/StreamingDataflowPartition_1/inst/StreamingDataflowPartition_1_StreamingFIFO_rtl_31/inst/impl/srl_reg[0][319]/D
                            (rising edge-triggered cell FDRE clocked by clk_pl_0  {rise@0.000ns fall@2.667ns period=5.333ns})
  Path Group:             clk_pl_0
  Path Type:              Hold (Min at Slow Process Corner)
  Requirement:            0.000ns  (clk_pl_0 rise@0.000ns - clk_pl_0 rise@0.000ns)
  Data Path Delay:        0.131ns  (logic 0.060ns (45.777%)  route 0.071ns (54.223%))
  Logic Levels:           0  
  Clock Path Skew:        0.059ns (DCD - SCD - CPR)
    Destination Clock Delay (DCD):    2.193ns
    Source Clock Delay      (SCD):    1.910ns
    Clock Pessimism Removal (CPR):    0.224ns
  Clock Net Delay (Source):      1.742ns (routing 0.512ns, distribution 1.230ns)
  Clock Net Delay (Destination): 1.985ns (routing 0.569ns, distribution 1.416ns)

    Location             Delay type                Incr(ns)  Path(ns)    Netlist Resource(s)
  -------------------------------------------------------------------    -------------------
                         (clock clk_pl_0 rise edge)
                                                      0.000     0.000 r  
    PS8_X0Y0             PS8                          0.000     0.000 r  top_i/zynq_ps/inst/PS8_i/PLCLK[0]
                         net (fo=1, routed)           0.143     0.143    top_i/zynq_ps/inst/pl_clk_unbuffered[0]
    BUFG_PS_X0Y80        BUFG_PS (Prop_BUFG_PS_I_O)
                                                      0.025     0.168 r  top_i/zynq_ps/inst/buffer_pl_clk_0.PL_CLK_0_BUFG/O
    X1Y2 (CLOCK_ROOT)    net (fo=61545, routed)       1.742     1.910    top_i/StreamingDataflowPartition_1/inst/StreamingDataflowPartition_1_MVAU_rtl_2/StreamingDataflowPartition_1_MVAU_rtl_2/inst/inst/ap_clk
    SLICE_X90Y167        FDRE                                         r  top_i/StreamingDataflowPartition_1/inst/StreamingDataflowPartition_1_MVAU_rtl_2/StreamingDataflowPartition_1_MVAU_rtl_2/inst/inst/B_reg[dat][15][4]/C
  -------------------------------------------------------------------    -------------------
    SLICE_X90Y167        FDRE (Prop_BFF2_SLICEL_C_Q)
                                                      0.060     1.970 r  top_i/StreamingDataflowPartition_1/inst/StreamingDataflowPartition_1_MVAU_rtl_2/StreamingDataflowPartition_1_MVAU_rtl_2/inst/inst/B_reg[dat][15][4]/Q
                         net (fo=2, routed)           0.071     2.041    top_i/StreamingDataflowPartition_1/inst/StreamingDataflowPartition_1_StreamingFIFO_rtl_31/inst/impl/srl_reg[0][335]_0[319]
    SLICE_X90Y165        FDRE                                         r  top_i/StreamingDataflowPartition_1/inst/StreamingDataflowPartition_1_StreamingFIFO_rtl_31/inst/impl/srl_reg[0][319]/D
  -------------------------------------------------------------------    -------------------

                         (clock clk_pl_0 rise edge)
                                                      0.000     0.000 r  
    PS8_X0Y0             PS8                          0.000     0.000 r  top_i/zynq_ps/inst/PS8_i/PLCLK[0]
                         net (fo=1, routed)           0.180     0.180    top_i/zynq_ps/inst/pl_clk_unbuffered[0]
    BUFG_PS_X0Y80        BUFG_PS (Prop_BUFG_PS_I_O)
                                                      0.028     0.208 r  top_i/zynq_ps/inst/buffer_pl_clk_0.PL_CLK_0_BUFG/O
    X1Y2 (CLOCK_ROOT)    net (fo=61545, routed)       1.985     2.193    top_i/StreamingDataflowPartition_1/inst/StreamingDataflowPartition_1_StreamingFIFO_rtl_31/inst/impl/ap_clk
    SLICE_X90Y165        FDRE                                         r  top_i/StreamingDataflowPartition_1/inst/StreamingDataflowPartition_1_StreamingFIFO_rtl_31/inst/impl/srl_reg[0][319]/C
                         clock pessimism             -0.224     1.969    
    SLICE_X90Y165        FDRE (Hold_FFF2_SLICEL_C_D)
                                                      0.062     2.031    top_i/StreamingDataflowPartition_1/inst/StreamingDataflowPartition_1_StreamingFIFO_rtl_31/inst/impl/srl_reg[0][319]
  -------------------------------------------------------------------
                         required time                         -2.031    
                         arrival time                           2.041    
  -------------------------------------------------------------------
                         slack                                  0.010    

Slack (MET) :             0.010ns  (arrival time - required time)
  Source:                 top_i/smartconnect_0/inst/s01_entry_pipeline/s01_si_converter/inst/converter.wrap_narrow_inst/w_accum_reg[data][13]/C
                            (rising edge-triggered cell FDRE clocked by clk_pl_0  {rise@0.000ns fall@2.667ns period=5.333ns})
  Destination:            top_i/smartconnect_0/inst/s01_entry_pipeline/s01_si_converter/inst/converter.wrap_narrow_inst/w_payld_fifo/gen_srls[85].srl_nx1/shift_reg_reg[0]_srl32/D
                            (rising edge-triggered cell SRLC32E clocked by clk_pl_0  {rise@0.000ns fall@2.667ns period=5.333ns})
  Path Group:             clk_pl_0
  Path Type:              Hold (Min at Slow Process Corner)
  Requirement:            0.000ns  (clk_pl_0 rise@0.000ns - clk_pl_0 rise@0.000ns)
  Data Path Delay:        0.163ns  (logic 0.059ns (36.107%)  route 0.104ns (63.893%))
  Logic Levels:           0  
  Clock Path Skew:        0.099ns (DCD - SCD - CPR)
    Destination Clock Delay (DCD):    2.047ns
    Source Clock Delay      (SCD):    1.735ns
    Clock Pessimism Removal (CPR):    0.213ns
  Clock Net Delay (Source):      1.567ns (routing 0.512ns, distribution 1.055ns)
  Clock Net Delay (Destination): 1.839ns (routing 0.569ns, distribution 1.270ns)

    Location             Delay type                Incr(ns)  Path(ns)    Netlist Resource(s)
  -------------------------------------------------------------------    -------------------
                         (clock clk_pl_0 rise edge)
                                                      0.000     0.000 r  
    PS8_X0Y0             PS8                          0.000     0.000 r  top_i/zynq_ps/inst/PS8_i/PLCLK[0]
                         net (fo=1, routed)           0.143     0.143    top_i/zynq_ps/inst/pl_clk_unbuffered[0]
    BUFG_PS_X0Y80        BUFG_PS (Prop_BUFG_PS_I_O)
                                                      0.025     0.168 r  top_i/zynq_ps/inst/buffer_pl_clk_0.PL_CLK_0_BUFG/O
    X1Y2 (CLOCK_ROOT)    net (fo=61545, routed)       1.567     1.735    top_i/smartconnect_0/inst/s01_entry_pipeline/s01_si_converter/inst/converter.wrap_narrow_inst/aclk
    SLICE_X55Y71         FDRE                                         r  top_i/smartconnect_0/inst/s01_entry_pipeline/s01_si_converter/inst/converter.wrap_narrow_inst/w_accum_reg[data][13]/C
  -------------------------------------------------------------------    -------------------
    SLICE_X55Y71         FDRE (Prop_DFF_SLICEL_C_Q)
                                                      0.059     1.794 r  top_i/smartconnect_0/inst/s01_entry_pipeline/s01_si_converter/inst/converter.wrap_narrow_inst/w_accum_reg[data][13]/Q
                         net (fo=2, routed)           0.104     1.899    top_i/smartconnect_0/inst/s01_entry_pipeline/s01_si_converter/inst/converter.wrap_narrow_inst/w_payld_fifo/gen_srls[85].srl_nx1/w_accum_mesg[0]
    SLICE_X54Y70         SRLC32E                                      r  top_i/smartconnect_0/inst/s01_entry_pipeline/s01_si_converter/inst/converter.wrap_narrow_inst/w_payld_fifo/gen_srls[85].srl_nx1/shift_reg_reg[0]_srl32/D
  -------------------------------------------------------------------    -------------------

                         (clock clk_pl_0 rise edge)
                                                      0.000     0.000 r  
    PS8_X0Y0             PS8                          0.000     0.000 r  top_i/zynq_ps/inst/PS8_i/PLCLK[0]
                         net (fo=1, routed)           0.180     0.180    top_i/zynq_ps/inst/pl_clk_unbuffered[0]
    BUFG_PS_X0Y80        BUFG_PS (Prop_BUFG_PS_I_O)
                                                      0.028     0.208 r  top_i/zynq_ps/inst/buffer_pl_clk_0.PL_CLK_0_BUFG/O
    X1Y2 (CLOCK_ROOT)    net (fo=61545, routed)       1.839     2.047    top_i/smartconnect_0/inst/s01_entry_pipeline/s01_si_converter/inst/converter.wrap_narrow_inst/w_payld_fifo/gen_srls[85].srl_nx1/aclk
    SLICE_X54Y70         SRLC32E                                      r  top_i/smartconnect_0/inst/s01_entry_pipeline/s01_si_converter/inst/converter.wrap_narrow_inst/w_payld_fifo/gen_srls[85].srl_nx1/shift_reg_reg[0]_srl32/CLK
                         clock pessimism             -0.213     1.835    
    SLICE_X54Y70         SRLC32E (Hold_D6LUT_SLICEM_CLK_D)
                                                      0.054     1.889    top_i/smartconnect_0/inst/s01_entry_pipeline/s01_si_converter/inst/converter.wrap_narrow_inst/w_payld_fifo/gen_srls[85].srl_nx1/shift_reg_reg[0]_srl32
  -------------------------------------------------------------------
                         required time                         -1.889    
                         arrival time                           1.899    
  -------------------------------------------------------------------
                         slack                                  0.010    

Slack (MET) :             0.010ns  (arrival time - required time)
  Source:                 top_i/StreamingDataflowPartition_1/inst/StreamingDataflowPartition_1_StreamingFIFO_rtl_17/inst/impl/srlo_reg[240]/C
                            (rising edge-triggered cell FDRE clocked by clk_pl_0  {rise@0.000ns fall@2.667ns period=5.333ns})
  Destination:            top_i/StreamingDataflowPartition_1/inst/StreamingDataflowPartition_1_FMPadding_rtl_1/inst/impl/padding/A_reg[dat][240]/D
                            (rising edge-triggered cell FDRE clocked by clk_pl_0  {rise@0.000ns fall@2.667ns period=5.333ns})
  Path Group:             clk_pl_0
  Path Type:              Hold (Min at Slow Process Corner)
  Requirement:            0.000ns  (clk_pl_0 rise@0.000ns - clk_pl_0 rise@0.000ns)
  Data Path Delay:        0.172ns  (logic 0.058ns (33.671%)  route 0.114ns (66.329%))
  Logic Levels:           0  
  Clock Path Skew:        0.102ns (DCD - SCD - CPR)
    Destination Clock Delay (DCD):    2.181ns
    Source Clock Delay      (SCD):    1.899ns
    Clock Pessimism Removal (CPR):    0.180ns
  Clock Net Delay (Source):      1.731ns (routing 0.512ns, distribution 1.219ns)
  Clock Net Delay (Destination): 1.973ns (routing 0.569ns, distribution 1.404ns)

    Location             Delay type                Incr(ns)  Path(ns)    Netlist Resource(s)
  -------------------------------------------------------------------    -------------------
                         (clock clk_pl_0 rise edge)
                                                      0.000     0.000 r  
    PS8_X0Y0             PS8                          0.000     0.000 r  top_i/zynq_ps/inst/PS8_i/PLCLK[0]
                         net (fo=1, routed)           0.143     0.143    top_i/zynq_ps/inst/pl_clk_unbuffered[0]
    BUFG_PS_X0Y80        BUFG_PS (Prop_BUFG_PS_I_O)
                                                      0.025     0.168 r  top_i/zynq_ps/inst/buffer_pl_clk_0.PL_CLK_0_BUFG/O
    X1Y2 (CLOCK_ROOT)    net (fo=61545, routed)       1.731     1.899    top_i/StreamingDataflowPartition_1/inst/StreamingDataflowPartition_1_StreamingFIFO_rtl_17/inst/impl/ap_clk
    SLICE_X21Y331        FDRE                                         r  top_i/StreamingDataflowPartition_1/inst/StreamingDataflowPartition_1_StreamingFIFO_rtl_17/inst/impl/srlo_reg[240]/C
  -------------------------------------------------------------------    -------------------
    SLICE_X21Y331        FDRE (Prop_CFF_SLICEM_C_Q)
                                                      0.058     1.957 r  top_i/StreamingDataflowPartition_1/inst/StreamingDataflowPartition_1_StreamingFIFO_rtl_17/inst/impl/srlo_reg[240]/Q
                         net (fo=2, routed)           0.114     2.071    top_i/StreamingDataflowPartition_1/inst/StreamingDataflowPartition_1_FMPadding_rtl_1/inst/impl/padding/Q[240]
    SLICE_X20Y330        FDRE                                         r  top_i/StreamingDataflowPartition_1/inst/StreamingDataflowPartition_1_FMPadding_rtl_1/inst/impl/padding/A_reg[dat][240]/D
  -------------------------------------------------------------------    -------------------

                         (clock clk_pl_0 rise edge)
                                                      0.000     0.000 r  
    PS8_X0Y0             PS8                          0.000     0.000 r  top_i/zynq_ps/inst/PS8_i/PLCLK[0]
                         net (fo=1, routed)           0.180     0.180    top_i/zynq_ps/inst/pl_clk_unbuffered[0]
    BUFG_PS_X0Y80        BUFG_PS (Prop_BUFG_PS_I_O)
                                                      0.028     0.208 r  top_i/zynq_ps/inst/buffer_pl_clk_0.PL_CLK_0_BUFG/O
    X1Y2 (CLOCK_ROOT)    net (fo=61545, routed)       1.973     2.181    top_i/StreamingDataflowPartition_1/inst/StreamingDataflowPartition_1_FMPadding_rtl_1/inst/impl/padding/ap_clk
    SLICE_X20Y330        FDRE                                         r  top_i/StreamingDataflowPartition_1/inst/StreamingDataflowPartition_1_FMPadding_rtl_1/inst/impl/padding/A_reg[dat][240]/C
                         clock pessimism             -0.180     2.001    
    SLICE_X20Y330        FDRE (Hold_FFF_SLICEL_C_D)
                                                      0.060     2.061    top_i/StreamingDataflowPartition_1/inst/StreamingDataflowPartition_1_FMPadding_rtl_1/inst/impl/padding/A_reg[dat][240]
  -------------------------------------------------------------------
                         required time                         -2.061    
                         arrival time                           2.071    
  -------------------------------------------------------------------
                         slack                                  0.010    

Slack (MET) :             0.010ns  (arrival time - required time)
  Source:                 top_i/StreamingDataflowPartition_1/inst/StreamingDataflowPartition_1_FMPadding_rtl_3/inst/impl/padding/B_reg[dat][70]/C
                            (rising edge-triggered cell FDRE clocked by clk_pl_0  {rise@0.000ns fall@2.667ns period=5.333ns})
  Destination:            top_i/StreamingDataflowPartition_1/inst/StreamingDataflowPartition_1_StreamingFIFO_rtl_36/inst/impl/srl_reg[0][70]/D
                            (rising edge-triggered cell FDRE clocked by clk_pl_0  {rise@0.000ns fall@2.667ns period=5.333ns})
  Path Group:             clk_pl_0
  Path Type:              Hold (Min at Slow Process Corner)
  Requirement:            0.000ns  (clk_pl_0 rise@0.000ns - clk_pl_0 rise@0.000ns)
  Data Path Delay:        0.149ns  (logic 0.058ns (38.926%)  route 0.091ns (61.074%))
  Logic Levels:           0  
  Clock Path Skew:        0.078ns (DCD - SCD - CPR)
    Destination Clock Delay (DCD):    2.237ns
    Source Clock Delay      (SCD):    1.978ns
    Clock Pessimism Removal (CPR):    0.181ns
  Clock Net Delay (Source):      1.810ns (routing 0.512ns, distribution 1.298ns)
  Clock Net Delay (Destination): 2.029ns (routing 0.569ns, distribution 1.460ns)

    Location             Delay type                Incr(ns)  Path(ns)    Netlist Resource(s)
  -------------------------------------------------------------------    -------------------
                         (clock clk_pl_0 rise edge)
                                                      0.000     0.000 r  
    PS8_X0Y0             PS8                          0.000     0.000 r  top_i/zynq_ps/inst/PS8_i/PLCLK[0]
                         net (fo=1, routed)           0.143     0.143    top_i/zynq_ps/inst/pl_clk_unbuffered[0]
    BUFG_PS_X0Y80        BUFG_PS (Prop_BUFG_PS_I_O)
                                                      0.025     0.168 r  top_i/zynq_ps/inst/buffer_pl_clk_0.PL_CLK_0_BUFG/O
    X1Y2 (CLOCK_ROOT)    net (fo=61545, routed)       1.810     1.978    top_i/StreamingDataflowPartition_1/inst/StreamingDataflowPartition_1_FMPadding_rtl_3/inst/impl/padding/ap_clk
    SLICE_X94Y231        FDRE                                         r  top_i/StreamingDataflowPartition_1/inst/StreamingDataflowPartition_1_FMPadding_rtl_3/inst/impl/padding/B_reg[dat][70]/C
  -------------------------------------------------------------------    -------------------
    SLICE_X94Y231        FDRE (Prop_DFF_SLICEM_C_Q)
                                                      0.058     2.036 r  top_i/StreamingDataflowPartition_1/inst/StreamingDataflowPartition_1_FMPadding_rtl_3/inst/impl/padding/B_reg[dat][70]/Q
                         net (fo=2, routed)           0.091     2.127    top_i/StreamingDataflowPartition_1/inst/StreamingDataflowPartition_1_StreamingFIFO_rtl_36/inst/impl/srl_reg[0][511]_0[70]
    SLICE_X96Y231        FDRE                                         r  top_i/StreamingDataflowPartition_1/inst/StreamingDataflowPartition_1_StreamingFIFO_rtl_36/inst/impl/srl_reg[0][70]/D
  -------------------------------------------------------------------    -------------------

                         (clock clk_pl_0 rise edge)
                                                      0.000     0.000 r  
    PS8_X0Y0             PS8                          0.000     0.000 r  top_i/zynq_ps/inst/PS8_i/PLCLK[0]
                         net (fo=1, routed)           0.180     0.180    top_i/zynq_ps/inst/pl_clk_unbuffered[0]
    BUFG_PS_X0Y80        BUFG_PS (Prop_BUFG_PS_I_O)
                                                      0.028     0.208 r  top_i/zynq_ps/inst/buffer_pl_clk_0.PL_CLK_0_BUFG/O
    X1Y2 (CLOCK_ROOT)    net (fo=61545, routed)       2.029     2.237    top_i/StreamingDataflowPartition_1/inst/StreamingDataflowPartition_1_StreamingFIFO_rtl_36/inst/impl/ap_clk
    SLICE_X96Y231        FDRE                                         r  top_i/StreamingDataflowPartition_1/inst/StreamingDataflowPartition_1_StreamingFIFO_rtl_36/inst/impl/srl_reg[0][70]/C
                         clock pessimism             -0.181     2.056    
    SLICE_X96Y231        FDRE (Hold_DFF2_SLICEM_C_D)
                                                      0.061     2.117    top_i/StreamingDataflowPartition_1/inst/StreamingDataflowPartition_1_StreamingFIFO_rtl_36/inst/impl/srl_reg[0][70]
  -------------------------------------------------------------------
                         required time                         -2.117    
                         arrival time                           2.127    
  -------------------------------------------------------------------
                         slack                                  0.010    

Slack (MET) :             0.010ns  (arrival time - required time)
  Source:                 top_i/StreamingDataflowPartition_1/inst/StreamingDataflowPartition_1_FMPadding_rtl_4/inst/impl/padding/B_reg[dat][243]/C
                            (rising edge-triggered cell FDRE clocked by clk_pl_0  {rise@0.000ns fall@2.667ns period=5.333ns})
  Destination:            top_i/StreamingDataflowPartition_1/inst/StreamingDataflowPartition_1_StreamingFIFO_rtl_45/inst/impl/srl_reg[0][243]/D
                            (rising edge-triggered cell FDRE clocked by clk_pl_0  {rise@0.000ns fall@2.667ns period=5.333ns})
  Path Group:             clk_pl_0
  Path Type:              Hold (Min at Slow Process Corner)
  Requirement:            0.000ns  (clk_pl_0 rise@0.000ns - clk_pl_0 rise@0.000ns)
  Data Path Delay:        0.128ns  (logic 0.060ns (46.728%)  route 0.068ns (53.273%))
  Logic Levels:           0  
  Clock Path Skew:        0.056ns (DCD - SCD - CPR)
    Destination Clock Delay (DCD):    2.248ns
    Source Clock Delay      (SCD):    1.964ns
    Clock Pessimism Removal (CPR):    0.228ns
  Clock Net Delay (Source):      1.796ns (routing 0.512ns, distribution 1.284ns)
  Clock Net Delay (Destination): 2.040ns (routing 0.569ns, distribution 1.471ns)

    Location             Delay type                Incr(ns)  Path(ns)    Netlist Resource(s)
  -------------------------------------------------------------------    -------------------
                         (clock clk_pl_0 rise edge)
                                                      0.000     0.000 r  
    PS8_X0Y0             PS8                          0.000     0.000 r  top_i/zynq_ps/inst/PS8_i/PLCLK[0]
                         net (fo=1, routed)           0.143     0.143    top_i/zynq_ps/inst/pl_clk_unbuffered[0]
    BUFG_PS_X0Y80        BUFG_PS (Prop_BUFG_PS_I_O)
                                                      0.025     0.168 r  top_i/zynq_ps/inst/buffer_pl_clk_0.PL_CLK_0_BUFG/O
    X1Y2 (CLOCK_ROOT)    net (fo=61545, routed)       1.796     1.964    top_i/StreamingDataflowPartition_1/inst/StreamingDataflowPartition_1_FMPadding_rtl_4/inst/impl/padding/ap_clk
    SLICE_X101Y170       FDRE                                         r  top_i/StreamingDataflowPartition_1/inst/StreamingDataflowPartition_1_FMPadding_rtl_4/inst/impl/padding/B_reg[dat][243]/C
  -------------------------------------------------------------------    -------------------
    SLICE_X101Y170       FDRE (Prop_BFF2_SLICEL_C_Q)
                                                      0.060     2.024 r  top_i/StreamingDataflowPartition_1/inst/StreamingDataflowPartition_1_FMPadding_rtl_4/inst/impl/padding/B_reg[dat][243]/Q
                         net (fo=2, routed)           0.068     2.092    top_i/StreamingDataflowPartition_1/inst/StreamingDataflowPartition_1_StreamingFIFO_rtl_45/inst/impl/srl_reg[0][511]_0[243]
    SLICE_X101Y171       FDRE                                         r  top_i/StreamingDataflowPartition_1/inst/StreamingDataflowPartition_1_StreamingFIFO_rtl_45/inst/impl/srl_reg[0][243]/D
  -------------------------------------------------------------------    -------------------

                         (clock clk_pl_0 rise edge)
                                                      0.000     0.000 r  
    PS8_X0Y0             PS8                          0.000     0.000 r  top_i/zynq_ps/inst/PS8_i/PLCLK[0]
                         net (fo=1, routed)           0.180     0.180    top_i/zynq_ps/inst/pl_clk_unbuffered[0]
    BUFG_PS_X0Y80        BUFG_PS (Prop_BUFG_PS_I_O)
                                                      0.028     0.208 r  top_i/zynq_ps/inst/buffer_pl_clk_0.PL_CLK_0_BUFG/O
    X1Y2 (CLOCK_ROOT)    net (fo=61545, routed)       2.040     2.248    top_i/StreamingDataflowPartition_1/inst/StreamingDataflowPartition_1_StreamingFIFO_rtl_45/inst/impl/ap_clk
    SLICE_X101Y171       FDRE                                         r  top_i/StreamingDataflowPartition_1/inst/StreamingDataflowPartition_1_StreamingFIFO_rtl_45/inst/impl/srl_reg[0][243]/C
                         clock pessimism             -0.228     2.020    
    SLICE_X101Y171       FDRE (Hold_CFF2_SLICEL_C_D)
                                                      0.062     2.082    top_i/StreamingDataflowPartition_1/inst/StreamingDataflowPartition_1_StreamingFIFO_rtl_45/inst/impl/srl_reg[0][243]
  -------------------------------------------------------------------
                         required time                         -2.082    
                         arrival time                           2.092    
  -------------------------------------------------------------------
                         slack                                  0.010    





Pulse Width Checks
--------------------------------------------------------------------------------------
Clock Name:         clk_pl_0
Waveform(ns):       { 0.000 2.667 }
Period(ns):         5.333
Sources:            { top_i/zynq_ps/inst/PS8_i/PLCLK[0] }

Check Type        Corner  Lib Pin             Reference Pin  Required(ns)  Actual(ns)  Slack(ns)  Location      Pin
Min Period        n/a     PS8/MAXIGP0ACLK     n/a            3.000         5.333       2.333      PS8_X0Y0      top_i/zynq_ps/inst/PS8_i/MAXIGP0ACLK
Min Period        n/a     PS8/SAXIGP2RCLK     n/a            3.000         5.333       2.333      PS8_X0Y0      top_i/zynq_ps/inst/PS8_i/SAXIGP2RCLK
Min Period        n/a     PS8/SAXIGP2WCLK     n/a            3.000         5.333       2.333      PS8_X0Y0      top_i/zynq_ps/inst/PS8_i/SAXIGP2WCLK
Min Period        n/a     RAMB36E2/CLKARDCLK  n/a            1.569         5.333       3.764      RAMB36_X1Y60  top_i/StreamingDataflowPartition_1/inst/StreamingDataflowPartition_1_MVAU_rtl_1/StreamingDataflowPartition_1_MVAU_rtl_1_wstrm/inst/core/mem/blkStage2.Mem_reg_0/CLKARDCLK
Min Period        n/a     RAMB36E2/CLKBWRCLK  n/a            1.569         5.333       3.764      RAMB36_X1Y60  top_i/StreamingDataflowPartition_1/inst/StreamingDataflowPartition_1_MVAU_rtl_1/StreamingDataflowPartition_1_MVAU_rtl_1_wstrm/inst/core/mem/blkStage2.Mem_reg_0/CLKBWRCLK
Min Period        n/a     RAMB36E2/CLKARDCLK  n/a            1.569         5.333       3.764      RAMB36_X1Y61  top_i/StreamingDataflowPartition_1/inst/StreamingDataflowPartition_1_MVAU_rtl_1/StreamingDataflowPartition_1_MVAU_rtl_1_wstrm/inst/core/mem/blkStage2.Mem_reg_1/CLKARDCLK
Min Period        n/a     RAMB36E2/CLKBWRCLK  n/a            1.569         5.333       3.764      RAMB36_X1Y61  top_i/StreamingDataflowPartition_1/inst/StreamingDataflowPartition_1_MVAU_rtl_1/StreamingDataflowPartition_1_MVAU_rtl_1_wstrm/inst/core/mem/blkStage2.Mem_reg_1/CLKBWRCLK
Min Period        n/a     RAMB36E2/CLKARDCLK  n/a            1.569         5.333       3.764      RAMB36_X1Y68  top_i/StreamingDataflowPartition_1/inst/StreamingDataflowPartition_1_MVAU_rtl_1/StreamingDataflowPartition_1_MVAU_rtl_1_wstrm/inst/core/mem/blkStage2.Mem_reg_10/CLKARDCLK
Min Period        n/a     RAMB36E2/CLKBWRCLK  n/a            1.569         5.333       3.764      RAMB36_X1Y68  top_i/StreamingDataflowPartition_1/inst/StreamingDataflowPartition_1_MVAU_rtl_1/StreamingDataflowPartition_1_MVAU_rtl_1_wstrm/inst/core/mem/blkStage2.Mem_reg_10/CLKBWRCLK
Min Period        n/a     RAMB36E2/CLKARDCLK  n/a            1.569         5.333       3.764      RAMB36_X1Y69  top_i/StreamingDataflowPartition_1/inst/StreamingDataflowPartition_1_MVAU_rtl_1/StreamingDataflowPartition_1_MVAU_rtl_1_wstrm/inst/core/mem/blkStage2.Mem_reg_11/CLKARDCLK
Low Pulse Width   Slow    PS8/MAXIGP0ACLK     n/a            1.500         2.666       1.166      PS8_X0Y0      top_i/zynq_ps/inst/PS8_i/MAXIGP0ACLK
Low Pulse Width   Fast    PS8/MAXIGP0ACLK     n/a            1.500         2.667       1.167      PS8_X0Y0      top_i/zynq_ps/inst/PS8_i/MAXIGP0ACLK
Low Pulse Width   Slow    PS8/SAXIGP2RCLK     n/a            1.500         2.667       1.167      PS8_X0Y0      top_i/zynq_ps/inst/PS8_i/SAXIGP2RCLK
Low Pulse Width   Fast    PS8/SAXIGP2RCLK     n/a            1.500         2.666       1.166      PS8_X0Y0      top_i/zynq_ps/inst/PS8_i/SAXIGP2RCLK
Low Pulse Width   Slow    PS8/SAXIGP2WCLK     n/a            1.500         2.667       1.167      PS8_X0Y0      top_i/zynq_ps/inst/PS8_i/SAXIGP2WCLK
Low Pulse Width   Fast    PS8/SAXIGP2WCLK     n/a            1.500         2.666       1.166      PS8_X0Y0      top_i/zynq_ps/inst/PS8_i/SAXIGP2WCLK
Low Pulse Width   Slow    RAMB36E2/CLKARDCLK  n/a            0.542         2.666       2.124      RAMB36_X1Y60  top_i/StreamingDataflowPartition_1/inst/StreamingDataflowPartition_1_MVAU_rtl_1/StreamingDataflowPartition_1_MVAU_rtl_1_wstrm/inst/core/mem/blkStage2.Mem_reg_0/CLKARDCLK
Low Pulse Width   Fast    RAMB36E2/CLKARDCLK  n/a            0.542         2.667       2.125      RAMB36_X1Y60  top_i/StreamingDataflowPartition_1/inst/StreamingDataflowPartition_1_MVAU_rtl_1/StreamingDataflowPartition_1_MVAU_rtl_1_wstrm/inst/core/mem/blkStage2.Mem_reg_0/CLKARDCLK
Low Pulse Width   Slow    RAMB36E2/CLKBWRCLK  n/a            0.542         2.667       2.125      RAMB36_X1Y60  top_i/StreamingDataflowPartition_1/inst/StreamingDataflowPartition_1_MVAU_rtl_1/StreamingDataflowPartition_1_MVAU_rtl_1_wstrm/inst/core/mem/blkStage2.Mem_reg_0/CLKBWRCLK
Low Pulse Width   Fast    RAMB36E2/CLKBWRCLK  n/a            0.542         2.667       2.125      RAMB36_X1Y60  top_i/StreamingDataflowPartition_1/inst/StreamingDataflowPartition_1_MVAU_rtl_1/StreamingDataflowPartition_1_MVAU_rtl_1_wstrm/inst/core/mem/blkStage2.Mem_reg_0/CLKBWRCLK
High Pulse Width  Slow    PS8/MAXIGP0ACLK     n/a            1.500         2.667       1.167      PS8_X0Y0      top_i/zynq_ps/inst/PS8_i/MAXIGP0ACLK
High Pulse Width  Fast    PS8/MAXIGP0ACLK     n/a            1.500         2.667       1.167      PS8_X0Y0      top_i/zynq_ps/inst/PS8_i/MAXIGP0ACLK
High Pulse Width  Slow    PS8/SAXIGP2RCLK     n/a            1.500         2.667       1.167      PS8_X0Y0      top_i/zynq_ps/inst/PS8_i/SAXIGP2RCLK
High Pulse Width  Fast    PS8/SAXIGP2RCLK     n/a            1.500         2.667       1.167      PS8_X0Y0      top_i/zynq_ps/inst/PS8_i/SAXIGP2RCLK
High Pulse Width  Slow    PS8/SAXIGP2WCLK     n/a            1.500         2.667       1.167      PS8_X0Y0      top_i/zynq_ps/inst/PS8_i/SAXIGP2WCLK
High Pulse Width  Fast    PS8/SAXIGP2WCLK     n/a            1.500         2.667       1.167      PS8_X0Y0      top_i/zynq_ps/inst/PS8_i/SAXIGP2WCLK
High Pulse Width  Slow    RAMB36E2/CLKARDCLK  n/a            0.542         2.667       2.125      RAMB36_X1Y60  top_i/StreamingDataflowPartition_1/inst/StreamingDataflowPartition_1_MVAU_rtl_1/StreamingDataflowPartition_1_MVAU_rtl_1_wstrm/inst/core/mem/blkStage2.Mem_reg_0/CLKARDCLK
High Pulse Width  Fast    RAMB36E2/CLKARDCLK  n/a            0.542         2.666       2.124      RAMB36_X1Y60  top_i/StreamingDataflowPartition_1/inst/StreamingDataflowPartition_1_MVAU_rtl_1/StreamingDataflowPartition_1_MVAU_rtl_1_wstrm/inst/core/mem/blkStage2.Mem_reg_0/CLKARDCLK
High Pulse Width  Slow    RAMB36E2/CLKBWRCLK  n/a            0.542         2.667       2.125      RAMB36_X1Y60  top_i/StreamingDataflowPartition_1/inst/StreamingDataflowPartition_1_MVAU_rtl_1/StreamingDataflowPartition_1_MVAU_rtl_1_wstrm/inst/core/mem/blkStage2.Mem_reg_0/CLKBWRCLK
High Pulse Width  Fast    RAMB36E2/CLKBWRCLK  n/a            0.542         2.666       2.124      RAMB36_X1Y60  top_i/StreamingDataflowPartition_1/inst/StreamingDataflowPartition_1_MVAU_rtl_1/StreamingDataflowPartition_1_MVAU_rtl_1_wstrm/inst/core/mem/blkStage2.Mem_reg_0/CLKBWRCLK



---------------------------------------------------------------------------------------------------
Path Group:  **async_default**
From Clock:  clk_pl_0
  To Clock:  clk_pl_0

Setup :            0  Failing Endpoints,  Worst Slack        3.958ns,  Total Violation        0.000ns
Hold  :            0  Failing Endpoints,  Worst Slack        0.173ns,  Total Violation        0.000ns
---------------------------------------------------------------------------------------------------


Max Delay Paths
--------------------------------------------------------------------------------------
Slack (MET) :             3.958ns  (required time - arrival time)
  Source:                 top_i/axi_interconnect_0/s00_couplers/auto_ds/inst/gen_downsizer.gen_simple_downsizer.axi_downsizer_inst/USE_WRITE.write_addr_inst/cmd_queue/inst/fifo_gen_inst/inst_fifo_gen/gconvfifo.rf/grf.rf/rstblk/ngwrdrst.grst.g7serrst.gnsckt_wrst.rst_wr_reg2_inst/arststages_ff_reg[1]/C
                            (rising edge-triggered cell FDPE clocked by clk_pl_0  {rise@0.000ns fall@2.667ns period=5.333ns})
  Destination:            top_i/axi_interconnect_0/s00_couplers/auto_ds/inst/gen_downsizer.gen_simple_downsizer.axi_downsizer_inst/USE_WRITE.write_addr_inst/cmd_queue/inst/fifo_gen_inst/inst_fifo_gen/gconvfifo.rf/grf.rf/gntv_or_sync_fifo.gl0.wr/wpntr/gcc0.gc0.count_d1_reg[3]/CLR
                            (recovery check against rising-edge clock clk_pl_0  {rise@0.000ns fall@2.667ns period=5.333ns})
  Path Group:             **async_default**
  Path Type:              Recovery (Max at Slow Process Corner)
  Requirement:            5.333ns  (clk_pl_0 rise@5.333ns - clk_pl_0 rise@0.000ns)
  Data Path Delay:        1.088ns  (logic 0.180ns (16.540%)  route 0.908ns (83.460%))
  Logic Levels:           1  (LUT3=1)
  Clock Path Skew:        -0.109ns (DCD - SCD + CPR)
    Destination Clock Delay (DCD):    1.730ns = ( 7.063 - 5.333 ) 
    Source Clock Delay      (SCD):    2.003ns
    Clock Pessimism Removal (CPR):    0.164ns
  Clock Uncertainty:      0.112ns  ((TSJ^2 + DJ^2)^1/2) / 2 + PE
    Total System Jitter     (TSJ):    0.071ns
    Discrete Jitter          (DJ):    0.213ns
    Phase Error              (PE):    0.000ns
  Clock Net Delay (Source):      1.795ns (routing 0.569ns, distribution 1.226ns)
  Clock Net Delay (Destination): 1.562ns (routing 0.512ns, distribution 1.050ns)

    Location             Delay type                Incr(ns)  Path(ns)    Netlist Resource(s)
  -------------------------------------------------------------------    -------------------
                         (clock clk_pl_0 rise edge)
                                                      0.000     0.000 r  
    PS8_X0Y0             PS8                          0.000     0.000 r  top_i/zynq_ps/inst/PS8_i/PLCLK[0]
                         net (fo=1, routed)           0.180     0.180    top_i/zynq_ps/inst/pl_clk_unbuffered[0]
    BUFG_PS_X0Y80        BUFG_PS (Prop_BUFG_PS_I_O)
                                                      0.028     0.208 r  top_i/zynq_ps/inst/buffer_pl_clk_0.PL_CLK_0_BUFG/O
    X1Y2 (CLOCK_ROOT)    net (fo=61545, routed)       1.795     2.003    top_i/axi_interconnect_0/s00_couplers/auto_ds/inst/gen_downsizer.gen_simple_downsizer.axi_downsizer_inst/USE_WRITE.write_addr_inst/cmd_queue/inst/fifo_gen_inst/inst_fifo_gen/gconvfifo.rf/grf.rf/rstblk/ngwrdrst.grst.g7serrst.gnsckt_wrst.rst_wr_reg2_inst/dest_clk
    SLICE_X57Y106        FDPE                                         r  top_i/axi_interconnect_0/s00_couplers/auto_ds/inst/gen_downsizer.gen_simple_downsizer.axi_downsizer_inst/USE_WRITE.write_addr_inst/cmd_queue/inst/fifo_gen_inst/inst_fifo_gen/gconvfifo.rf/grf.rf/rstblk/ngwrdrst.grst.g7serrst.gnsckt_wrst.rst_wr_reg2_inst/arststages_ff_reg[1]/C
  -------------------------------------------------------------------    -------------------
    SLICE_X57Y106        FDPE (Prop_BFF2_SLICEM_C_Q)
                                                      0.080     2.083 f  top_i/axi_interconnect_0/s00_couplers/auto_ds/inst/gen_downsizer.gen_simple_downsizer.axi_downsizer_inst/USE_WRITE.write_addr_inst/cmd_queue/inst/fifo_gen_inst/inst_fifo_gen/gconvfifo.rf/grf.rf/rstblk/ngwrdrst.grst.g7serrst.gnsckt_wrst.rst_wr_reg2_inst/arststages_ff_reg[1]/Q
                         net (fo=3, routed)           0.371     2.454    top_i/axi_interconnect_0/s00_couplers/auto_ds/inst/gen_downsizer.gen_simple_downsizer.axi_downsizer_inst/USE_WRITE.write_addr_inst/cmd_queue/inst/fifo_gen_inst/inst_fifo_gen/gconvfifo.rf/grf.rf/rstblk/ngwrdrst.rst_wr_reg2
    SLICE_X57Y106        LUT3 (Prop_E6LUT_SLICEM_I2_O)
                                                      0.100     2.554 f  top_i/axi_interconnect_0/s00_couplers/auto_ds/inst/gen_downsizer.gen_simple_downsizer.axi_downsizer_inst/USE_WRITE.write_addr_inst/cmd_queue/inst/fifo_gen_inst/inst_fifo_gen/gconvfifo.rf/grf.rf/rstblk/gpregsm1.curr_fwft_state[1]_i_2/O
                         net (fo=32, routed)          0.538     3.091    top_i/axi_interconnect_0/s00_couplers/auto_ds/inst/gen_downsizer.gen_simple_downsizer.axi_downsizer_inst/USE_WRITE.write_addr_inst/cmd_queue/inst/fifo_gen_inst/inst_fifo_gen/gconvfifo.rf/grf.rf/gntv_or_sync_fifo.gl0.wr/wpntr/AR[0]
    SLICE_X56Y110        FDCE                                         f  top_i/axi_interconnect_0/s00_couplers/auto_ds/inst/gen_downsizer.gen_simple_downsizer.axi_downsizer_inst/USE_WRITE.write_addr_inst/cmd_queue/inst/fifo_gen_inst/inst_fifo_gen/gconvfifo.rf/grf.rf/gntv_or_sync_fifo.gl0.wr/wpntr/gcc0.gc0.count_d1_reg[3]/CLR
  -------------------------------------------------------------------    -------------------

                         (clock clk_pl_0 rise edge)
                                                      5.333     5.333 r  
    PS8_X0Y0             PS8                          0.000     5.333 r  top_i/zynq_ps/inst/PS8_i/PLCLK[0]
                         net (fo=1, routed)           0.143     5.476    top_i/zynq_ps/inst/pl_clk_unbuffered[0]
    BUFG_PS_X0Y80        BUFG_PS (Prop_BUFG_PS_I_O)
                                                      0.025     5.501 r  top_i/zynq_ps/inst/buffer_pl_clk_0.PL_CLK_0_BUFG/O
    X1Y2 (CLOCK_ROOT)    net (fo=61545, routed)       1.562     7.063    top_i/axi_interconnect_0/s00_couplers/auto_ds/inst/gen_downsizer.gen_simple_downsizer.axi_downsizer_inst/USE_WRITE.write_addr_inst/cmd_queue/inst/fifo_gen_inst/inst_fifo_gen/gconvfifo.rf/grf.rf/gntv_or_sync_fifo.gl0.wr/wpntr/clk
    SLICE_X56Y110        FDCE                                         r  top_i/axi_interconnect_0/s00_couplers/auto_ds/inst/gen_downsizer.gen_simple_downsizer.axi_downsizer_inst/USE_WRITE.write_addr_inst/cmd_queue/inst/fifo_gen_inst/inst_fifo_gen/gconvfifo.rf/grf.rf/gntv_or_sync_fifo.gl0.wr/wpntr/gcc0.gc0.count_d1_reg[3]/C
                         clock pessimism              0.164     7.227    
                         clock uncertainty           -0.112     7.115    
    SLICE_X56Y110        FDCE (Recov_EFF_SLICEM_C_CLR)
                                                     -0.066     7.049    top_i/axi_interconnect_0/s00_couplers/auto_ds/inst/gen_downsizer.gen_simple_downsizer.axi_downsizer_inst/USE_WRITE.write_addr_inst/cmd_queue/inst/fifo_gen_inst/inst_fifo_gen/gconvfifo.rf/grf.rf/gntv_or_sync_fifo.gl0.wr/wpntr/gcc0.gc0.count_d1_reg[3]
  -------------------------------------------------------------------
                         required time                          7.049    
                         arrival time                          -3.091    
  -------------------------------------------------------------------
                         slack                                  3.958    

Slack (MET) :             4.032ns  (required time - arrival time)
  Source:                 top_i/axi_interconnect_0/s00_couplers/auto_ds/inst/gen_downsizer.gen_simple_downsizer.axi_downsizer_inst/USE_WRITE.write_addr_inst/cmd_queue/inst/fifo_gen_inst/inst_fifo_gen/gconvfifo.rf/grf.rf/rstblk/ngwrdrst.grst.g7serrst.gnsckt_wrst.rst_wr_reg2_inst/arststages_ff_reg[1]/C
                            (rising edge-triggered cell FDPE clocked by clk_pl_0  {rise@0.000ns fall@2.667ns period=5.333ns})
  Destination:            top_i/axi_interconnect_0/s00_couplers/auto_ds/inst/gen_downsizer.gen_simple_downsizer.axi_downsizer_inst/USE_WRITE.write_addr_inst/cmd_queue/inst/fifo_gen_inst/inst_fifo_gen/gconvfifo.rf/grf.rf/gntv_or_sync_fifo.gl0.wr/gwss.wsts/ram_full_fb_i_reg/CLR
                            (recovery check against rising-edge clock clk_pl_0  {rise@0.000ns fall@2.667ns period=5.333ns})
  Path Group:             **async_default**
  Path Type:              Recovery (Max at Slow Process Corner)
  Requirement:            5.333ns  (clk_pl_0 rise@5.333ns - clk_pl_0 rise@0.000ns)
  Data Path Delay:        1.018ns  (logic 0.180ns (17.677%)  route 0.838ns (82.323%))
  Logic Levels:           1  (LUT3=1)
  Clock Path Skew:        -0.105ns (DCD - SCD + CPR)
    Destination Clock Delay (DCD):    1.734ns = ( 7.067 - 5.333 ) 
    Source Clock Delay      (SCD):    2.003ns
    Clock Pessimism Removal (CPR):    0.164ns
  Clock Uncertainty:      0.112ns  ((TSJ^2 + DJ^2)^1/2) / 2 + PE
    Total System Jitter     (TSJ):    0.071ns
    Discrete Jitter          (DJ):    0.213ns
    Phase Error              (PE):    0.000ns
  Clock Net Delay (Source):      1.795ns (routing 0.569ns, distribution 1.226ns)
  Clock Net Delay (Destination): 1.566ns (routing 0.512ns, distribution 1.054ns)

    Location             Delay type                Incr(ns)  Path(ns)    Netlist Resource(s)
  -------------------------------------------------------------------    -------------------
                         (clock clk_pl_0 rise edge)
                                                      0.000     0.000 r  
    PS8_X0Y0             PS8                          0.000     0.000 r  top_i/zynq_ps/inst/PS8_i/PLCLK[0]
                         net (fo=1, routed)           0.180     0.180    top_i/zynq_ps/inst/pl_clk_unbuffered[0]
    BUFG_PS_X0Y80        BUFG_PS (Prop_BUFG_PS_I_O)
                                                      0.028     0.208 r  top_i/zynq_ps/inst/buffer_pl_clk_0.PL_CLK_0_BUFG/O
    X1Y2 (CLOCK_ROOT)    net (fo=61545, routed)       1.795     2.003    top_i/axi_interconnect_0/s00_couplers/auto_ds/inst/gen_downsizer.gen_simple_downsizer.axi_downsizer_inst/USE_WRITE.write_addr_inst/cmd_queue/inst/fifo_gen_inst/inst_fifo_gen/gconvfifo.rf/grf.rf/rstblk/ngwrdrst.grst.g7serrst.gnsckt_wrst.rst_wr_reg2_inst/dest_clk
    SLICE_X57Y106        FDPE                                         r  top_i/axi_interconnect_0/s00_couplers/auto_ds/inst/gen_downsizer.gen_simple_downsizer.axi_downsizer_inst/USE_WRITE.write_addr_inst/cmd_queue/inst/fifo_gen_inst/inst_fifo_gen/gconvfifo.rf/grf.rf/rstblk/ngwrdrst.grst.g7serrst.gnsckt_wrst.rst_wr_reg2_inst/arststages_ff_reg[1]/C
  -------------------------------------------------------------------    -------------------
    SLICE_X57Y106        FDPE (Prop_BFF2_SLICEM_C_Q)
                                                      0.080     2.083 f  top_i/axi_interconnect_0/s00_couplers/auto_ds/inst/gen_downsizer.gen_simple_downsizer.axi_downsizer_inst/USE_WRITE.write_addr_inst/cmd_queue/inst/fifo_gen_inst/inst_fifo_gen/gconvfifo.rf/grf.rf/rstblk/ngwrdrst.grst.g7serrst.gnsckt_wrst.rst_wr_reg2_inst/arststages_ff_reg[1]/Q
                         net (fo=3, routed)           0.371     2.454    top_i/axi_interconnect_0/s00_couplers/auto_ds/inst/gen_downsizer.gen_simple_downsizer.axi_downsizer_inst/USE_WRITE.write_addr_inst/cmd_queue/inst/fifo_gen_inst/inst_fifo_gen/gconvfifo.rf/grf.rf/rstblk/ngwrdrst.rst_wr_reg2
    SLICE_X57Y106        LUT3 (Prop_E6LUT_SLICEM_I2_O)
                                                      0.100     2.554 f  top_i/axi_interconnect_0/s00_couplers/auto_ds/inst/gen_downsizer.gen_simple_downsizer.axi_downsizer_inst/USE_WRITE.write_addr_inst/cmd_queue/inst/fifo_gen_inst/inst_fifo_gen/gconvfifo.rf/grf.rf/rstblk/gpregsm1.curr_fwft_state[1]_i_2/O
                         net (fo=32, routed)          0.468     3.021    top_i/axi_interconnect_0/s00_couplers/auto_ds/inst/gen_downsizer.gen_simple_downsizer.axi_downsizer_inst/USE_WRITE.write_addr_inst/cmd_queue/inst/fifo_gen_inst/inst_fifo_gen/gconvfifo.rf/grf.rf/gntv_or_sync_fifo.gl0.wr/gwss.wsts/AR[0]
    SLICE_X55Y110        FDCE                                         f  top_i/axi_interconnect_0/s00_couplers/auto_ds/inst/gen_downsizer.gen_simple_downsizer.axi_downsizer_inst/USE_WRITE.write_addr_inst/cmd_queue/inst/fifo_gen_inst/inst_fifo_gen/gconvfifo.rf/grf.rf/gntv_or_sync_fifo.gl0.wr/gwss.wsts/ram_full_fb_i_reg/CLR
  -------------------------------------------------------------------    -------------------

                         (clock clk_pl_0 rise edge)
                                                      5.333     5.333 r  
    PS8_X0Y0             PS8                          0.000     5.333 r  top_i/zynq_ps/inst/PS8_i/PLCLK[0]
                         net (fo=1, routed)           0.143     5.476    top_i/zynq_ps/inst/pl_clk_unbuffered[0]
    BUFG_PS_X0Y80        BUFG_PS (Prop_BUFG_PS_I_O)
                                                      0.025     5.501 r  top_i/zynq_ps/inst/buffer_pl_clk_0.PL_CLK_0_BUFG/O
    X1Y2 (CLOCK_ROOT)    net (fo=61545, routed)       1.566     7.067    top_i/axi_interconnect_0/s00_couplers/auto_ds/inst/gen_downsizer.gen_simple_downsizer.axi_downsizer_inst/USE_WRITE.write_addr_inst/cmd_queue/inst/fifo_gen_inst/inst_fifo_gen/gconvfifo.rf/grf.rf/gntv_or_sync_fifo.gl0.wr/gwss.wsts/clk
    SLICE_X55Y110        FDCE                                         r  top_i/axi_interconnect_0/s00_couplers/auto_ds/inst/gen_downsizer.gen_simple_downsizer.axi_downsizer_inst/USE_WRITE.write_addr_inst/cmd_queue/inst/fifo_gen_inst/inst_fifo_gen/gconvfifo.rf/grf.rf/gntv_or_sync_fifo.gl0.wr/gwss.wsts/ram_full_fb_i_reg/C
                         clock pessimism              0.164     7.231    
                         clock uncertainty           -0.112     7.119    
    SLICE_X55Y110        FDCE (Recov_HFF2_SLICEL_C_CLR)
                                                     -0.066     7.053    top_i/axi_interconnect_0/s00_couplers/auto_ds/inst/gen_downsizer.gen_simple_downsizer.axi_downsizer_inst/USE_WRITE.write_addr_inst/cmd_queue/inst/fifo_gen_inst/inst_fifo_gen/gconvfifo.rf/grf.rf/gntv_or_sync_fifo.gl0.wr/gwss.wsts/ram_full_fb_i_reg
  -------------------------------------------------------------------
                         required time                          7.053    
                         arrival time                          -3.021    
  -------------------------------------------------------------------
                         slack                                  4.032    

Slack (MET) :             4.032ns  (required time - arrival time)
  Source:                 top_i/axi_interconnect_0/s00_couplers/auto_ds/inst/gen_downsizer.gen_simple_downsizer.axi_downsizer_inst/USE_WRITE.write_addr_inst/cmd_queue/inst/fifo_gen_inst/inst_fifo_gen/gconvfifo.rf/grf.rf/rstblk/ngwrdrst.grst.g7serrst.gnsckt_wrst.rst_wr_reg2_inst/arststages_ff_reg[1]/C
                            (rising edge-triggered cell FDPE clocked by clk_pl_0  {rise@0.000ns fall@2.667ns period=5.333ns})
  Destination:            top_i/axi_interconnect_0/s00_couplers/auto_ds/inst/gen_downsizer.gen_simple_downsizer.axi_downsizer_inst/USE_WRITE.write_addr_inst/cmd_queue/inst/fifo_gen_inst/inst_fifo_gen/gconvfifo.rf/grf.rf/gntv_or_sync_fifo.gl0.wr/gwss.wsts/ram_full_i_reg/CLR
                            (recovery check against rising-edge clock clk_pl_0  {rise@0.000ns fall@2.667ns period=5.333ns})
  Path Group:             **async_default**
  Path Type:              Recovery (Max at Slow Process Corner)
  Requirement:            5.333ns  (clk_pl_0 rise@5.333ns - clk_pl_0 rise@0.000ns)
  Data Path Delay:        1.018ns  (logic 0.180ns (17.677%)  route 0.838ns (82.323%))
  Logic Levels:           1  (LUT3=1)
  Clock Path Skew:        -0.105ns (DCD - SCD + CPR)
    Destination Clock Delay (DCD):    1.734ns = ( 7.067 - 5.333 ) 
    Source Clock Delay      (SCD):    2.003ns
    Clock Pessimism Removal (CPR):    0.164ns
  Clock Uncertainty:      0.112ns  ((TSJ^2 + DJ^2)^1/2) / 2 + PE
    Total System Jitter     (TSJ):    0.071ns
    Discrete Jitter          (DJ):    0.213ns
    Phase Error              (PE):    0.000ns
  Clock Net Delay (Source):      1.795ns (routing 0.569ns, distribution 1.226ns)
  Clock Net Delay (Destination): 1.566ns (routing 0.512ns, distribution 1.054ns)

    Location             Delay type                Incr(ns)  Path(ns)    Netlist Resource(s)
  -------------------------------------------------------------------    -------------------
                         (clock clk_pl_0 rise edge)
                                                      0.000     0.000 r  
    PS8_X0Y0             PS8                          0.000     0.000 r  top_i/zynq_ps/inst/PS8_i/PLCLK[0]
                         net (fo=1, routed)           0.180     0.180    top_i/zynq_ps/inst/pl_clk_unbuffered[0]
    BUFG_PS_X0Y80        BUFG_PS (Prop_BUFG_PS_I_O)
                                                      0.028     0.208 r  top_i/zynq_ps/inst/buffer_pl_clk_0.PL_CLK_0_BUFG/O
    X1Y2 (CLOCK_ROOT)    net (fo=61545, routed)       1.795     2.003    top_i/axi_interconnect_0/s00_couplers/auto_ds/inst/gen_downsizer.gen_simple_downsizer.axi_downsizer_inst/USE_WRITE.write_addr_inst/cmd_queue/inst/fifo_gen_inst/inst_fifo_gen/gconvfifo.rf/grf.rf/rstblk/ngwrdrst.grst.g7serrst.gnsckt_wrst.rst_wr_reg2_inst/dest_clk
    SLICE_X57Y106        FDPE                                         r  top_i/axi_interconnect_0/s00_couplers/auto_ds/inst/gen_downsizer.gen_simple_downsizer.axi_downsizer_inst/USE_WRITE.write_addr_inst/cmd_queue/inst/fifo_gen_inst/inst_fifo_gen/gconvfifo.rf/grf.rf/rstblk/ngwrdrst.grst.g7serrst.gnsckt_wrst.rst_wr_reg2_inst/arststages_ff_reg[1]/C
  -------------------------------------------------------------------    -------------------
    SLICE_X57Y106        FDPE (Prop_BFF2_SLICEM_C_Q)
                                                      0.080     2.083 f  top_i/axi_interconnect_0/s00_couplers/auto_ds/inst/gen_downsizer.gen_simple_downsizer.axi_downsizer_inst/USE_WRITE.write_addr_inst/cmd_queue/inst/fifo_gen_inst/inst_fifo_gen/gconvfifo.rf/grf.rf/rstblk/ngwrdrst.grst.g7serrst.gnsckt_wrst.rst_wr_reg2_inst/arststages_ff_reg[1]/Q
                         net (fo=3, routed)           0.371     2.454    top_i/axi_interconnect_0/s00_couplers/auto_ds/inst/gen_downsizer.gen_simple_downsizer.axi_downsizer_inst/USE_WRITE.write_addr_inst/cmd_queue/inst/fifo_gen_inst/inst_fifo_gen/gconvfifo.rf/grf.rf/rstblk/ngwrdrst.rst_wr_reg2
    SLICE_X57Y106        LUT3 (Prop_E6LUT_SLICEM_I2_O)
                                                      0.100     2.554 f  top_i/axi_interconnect_0/s00_couplers/auto_ds/inst/gen_downsizer.gen_simple_downsizer.axi_downsizer_inst/USE_WRITE.write_addr_inst/cmd_queue/inst/fifo_gen_inst/inst_fifo_gen/gconvfifo.rf/grf.rf/rstblk/gpregsm1.curr_fwft_state[1]_i_2/O
                         net (fo=32, routed)          0.468     3.021    top_i/axi_interconnect_0/s00_couplers/auto_ds/inst/gen_downsizer.gen_simple_downsizer.axi_downsizer_inst/USE_WRITE.write_addr_inst/cmd_queue/inst/fifo_gen_inst/inst_fifo_gen/gconvfifo.rf/grf.rf/gntv_or_sync_fifo.gl0.wr/gwss.wsts/AR[0]
    SLICE_X55Y110        FDCE                                         f  top_i/axi_interconnect_0/s00_couplers/auto_ds/inst/gen_downsizer.gen_simple_downsizer.axi_downsizer_inst/USE_WRITE.write_addr_inst/cmd_queue/inst/fifo_gen_inst/inst_fifo_gen/gconvfifo.rf/grf.rf/gntv_or_sync_fifo.gl0.wr/gwss.wsts/ram_full_i_reg/CLR
  -------------------------------------------------------------------    -------------------

                         (clock clk_pl_0 rise edge)
                                                      5.333     5.333 r  
    PS8_X0Y0             PS8                          0.000     5.333 r  top_i/zynq_ps/inst/PS8_i/PLCLK[0]
                         net (fo=1, routed)           0.143     5.476    top_i/zynq_ps/inst/pl_clk_unbuffered[0]
    BUFG_PS_X0Y80        BUFG_PS (Prop_BUFG_PS_I_O)
                                                      0.025     5.501 r  top_i/zynq_ps/inst/buffer_pl_clk_0.PL_CLK_0_BUFG/O
    X1Y2 (CLOCK_ROOT)    net (fo=61545, routed)       1.566     7.067    top_i/axi_interconnect_0/s00_couplers/auto_ds/inst/gen_downsizer.gen_simple_downsizer.axi_downsizer_inst/USE_WRITE.write_addr_inst/cmd_queue/inst/fifo_gen_inst/inst_fifo_gen/gconvfifo.rf/grf.rf/gntv_or_sync_fifo.gl0.wr/gwss.wsts/clk
    SLICE_X55Y110        FDCE                                         r  top_i/axi_interconnect_0/s00_couplers/auto_ds/inst/gen_downsizer.gen_simple_downsizer.axi_downsizer_inst/USE_WRITE.write_addr_inst/cmd_queue/inst/fifo_gen_inst/inst_fifo_gen/gconvfifo.rf/grf.rf/gntv_or_sync_fifo.gl0.wr/gwss.wsts/ram_full_i_reg/C
                         clock pessimism              0.164     7.231    
                         clock uncertainty           -0.112     7.119    
    SLICE_X55Y110        FDCE (Recov_GFF2_SLICEL_C_CLR)
                                                     -0.066     7.053    top_i/axi_interconnect_0/s00_couplers/auto_ds/inst/gen_downsizer.gen_simple_downsizer.axi_downsizer_inst/USE_WRITE.write_addr_inst/cmd_queue/inst/fifo_gen_inst/inst_fifo_gen/gconvfifo.rf/grf.rf/gntv_or_sync_fifo.gl0.wr/gwss.wsts/ram_full_i_reg
  -------------------------------------------------------------------
                         required time                          7.053    
                         arrival time                          -3.021    
  -------------------------------------------------------------------
                         slack                                  4.032    

Slack (MET) :             4.032ns  (required time - arrival time)
  Source:                 top_i/axi_interconnect_0/s00_couplers/auto_ds/inst/gen_downsizer.gen_simple_downsizer.axi_downsizer_inst/USE_WRITE.write_addr_inst/cmd_queue/inst/fifo_gen_inst/inst_fifo_gen/gconvfifo.rf/grf.rf/rstblk/ngwrdrst.grst.g7serrst.gnsckt_wrst.rst_wr_reg2_inst/arststages_ff_reg[1]/C
                            (rising edge-triggered cell FDPE clocked by clk_pl_0  {rise@0.000ns fall@2.667ns period=5.333ns})
  Destination:            top_i/axi_interconnect_0/s00_couplers/auto_ds/inst/gen_downsizer.gen_simple_downsizer.axi_downsizer_inst/USE_WRITE.write_addr_inst/cmd_queue/inst/fifo_gen_inst/inst_fifo_gen/gconvfifo.rf/grf.rf/gntv_or_sync_fifo.gl0.wr/wpntr/gcc0.gc0.count_d1_reg[1]/CLR
                            (recovery check against rising-edge clock clk_pl_0  {rise@0.000ns fall@2.667ns period=5.333ns})
  Path Group:             **async_default**
  Path Type:              Recovery (Max at Slow Process Corner)
  Requirement:            5.333ns  (clk_pl_0 rise@5.333ns - clk_pl_0 rise@0.000ns)
  Data Path Delay:        1.018ns  (logic 0.180ns (17.677%)  route 0.838ns (82.323%))
  Logic Levels:           1  (LUT3=1)
  Clock Path Skew:        -0.105ns (DCD - SCD + CPR)
    Destination Clock Delay (DCD):    1.734ns = ( 7.067 - 5.333 ) 
    Source Clock Delay      (SCD):    2.003ns
    Clock Pessimism Removal (CPR):    0.164ns
  Clock Uncertainty:      0.112ns  ((TSJ^2 + DJ^2)^1/2) / 2 + PE
    Total System Jitter     (TSJ):    0.071ns
    Discrete Jitter          (DJ):    0.213ns
    Phase Error              (PE):    0.000ns
  Clock Net Delay (Source):      1.795ns (routing 0.569ns, distribution 1.226ns)
  Clock Net Delay (Destination): 1.566ns (routing 0.512ns, distribution 1.054ns)

    Location             Delay type                Incr(ns)  Path(ns)    Netlist Resource(s)
  -------------------------------------------------------------------    -------------------
                         (clock clk_pl_0 rise edge)
                                                      0.000     0.000 r  
    PS8_X0Y0             PS8                          0.000     0.000 r  top_i/zynq_ps/inst/PS8_i/PLCLK[0]
                         net (fo=1, routed)           0.180     0.180    top_i/zynq_ps/inst/pl_clk_unbuffered[0]
    BUFG_PS_X0Y80        BUFG_PS (Prop_BUFG_PS_I_O)
                                                      0.028     0.208 r  top_i/zynq_ps/inst/buffer_pl_clk_0.PL_CLK_0_BUFG/O
    X1Y2 (CLOCK_ROOT)    net (fo=61545, routed)       1.795     2.003    top_i/axi_interconnect_0/s00_couplers/auto_ds/inst/gen_downsizer.gen_simple_downsizer.axi_downsizer_inst/USE_WRITE.write_addr_inst/cmd_queue/inst/fifo_gen_inst/inst_fifo_gen/gconvfifo.rf/grf.rf/rstblk/ngwrdrst.grst.g7serrst.gnsckt_wrst.rst_wr_reg2_inst/dest_clk
    SLICE_X57Y106        FDPE                                         r  top_i/axi_interconnect_0/s00_couplers/auto_ds/inst/gen_downsizer.gen_simple_downsizer.axi_downsizer_inst/USE_WRITE.write_addr_inst/cmd_queue/inst/fifo_gen_inst/inst_fifo_gen/gconvfifo.rf/grf.rf/rstblk/ngwrdrst.grst.g7serrst.gnsckt_wrst.rst_wr_reg2_inst/arststages_ff_reg[1]/C
  -------------------------------------------------------------------    -------------------
    SLICE_X57Y106        FDPE (Prop_BFF2_SLICEM_C_Q)
                                                      0.080     2.083 f  top_i/axi_interconnect_0/s00_couplers/auto_ds/inst/gen_downsizer.gen_simple_downsizer.axi_downsizer_inst/USE_WRITE.write_addr_inst/cmd_queue/inst/fifo_gen_inst/inst_fifo_gen/gconvfifo.rf/grf.rf/rstblk/ngwrdrst.grst.g7serrst.gnsckt_wrst.rst_wr_reg2_inst/arststages_ff_reg[1]/Q
                         net (fo=3, routed)           0.371     2.454    top_i/axi_interconnect_0/s00_couplers/auto_ds/inst/gen_downsizer.gen_simple_downsizer.axi_downsizer_inst/USE_WRITE.write_addr_inst/cmd_queue/inst/fifo_gen_inst/inst_fifo_gen/gconvfifo.rf/grf.rf/rstblk/ngwrdrst.rst_wr_reg2
    SLICE_X57Y106        LUT3 (Prop_E6LUT_SLICEM_I2_O)
                                                      0.100     2.554 f  top_i/axi_interconnect_0/s00_couplers/auto_ds/inst/gen_downsizer.gen_simple_downsizer.axi_downsizer_inst/USE_WRITE.write_addr_inst/cmd_queue/inst/fifo_gen_inst/inst_fifo_gen/gconvfifo.rf/grf.rf/rstblk/gpregsm1.curr_fwft_state[1]_i_2/O
                         net (fo=32, routed)          0.468     3.021    top_i/axi_interconnect_0/s00_couplers/auto_ds/inst/gen_downsizer.gen_simple_downsizer.axi_downsizer_inst/USE_WRITE.write_addr_inst/cmd_queue/inst/fifo_gen_inst/inst_fifo_gen/gconvfifo.rf/grf.rf/gntv_or_sync_fifo.gl0.wr/wpntr/AR[0]
    SLICE_X55Y110        FDCE                                         f  top_i/axi_interconnect_0/s00_couplers/auto_ds/inst/gen_downsizer.gen_simple_downsizer.axi_downsizer_inst/USE_WRITE.write_addr_inst/cmd_queue/inst/fifo_gen_inst/inst_fifo_gen/gconvfifo.rf/grf.rf/gntv_or_sync_fifo.gl0.wr/wpntr/gcc0.gc0.count_d1_reg[1]/CLR
  -------------------------------------------------------------------    -------------------

                         (clock clk_pl_0 rise edge)
                                                      5.333     5.333 r  
    PS8_X0Y0             PS8                          0.000     5.333 r  top_i/zynq_ps/inst/PS8_i/PLCLK[0]
                         net (fo=1, routed)           0.143     5.476    top_i/zynq_ps/inst/pl_clk_unbuffered[0]
    BUFG_PS_X0Y80        BUFG_PS (Prop_BUFG_PS_I_O)
                                                      0.025     5.501 r  top_i/zynq_ps/inst/buffer_pl_clk_0.PL_CLK_0_BUFG/O
    X1Y2 (CLOCK_ROOT)    net (fo=61545, routed)       1.566     7.067    top_i/axi_interconnect_0/s00_couplers/auto_ds/inst/gen_downsizer.gen_simple_downsizer.axi_downsizer_inst/USE_WRITE.write_addr_inst/cmd_queue/inst/fifo_gen_inst/inst_fifo_gen/gconvfifo.rf/grf.rf/gntv_or_sync_fifo.gl0.wr/wpntr/clk
    SLICE_X55Y110        FDCE                                         r  top_i/axi_interconnect_0/s00_couplers/auto_ds/inst/gen_downsizer.gen_simple_downsizer.axi_downsizer_inst/USE_WRITE.write_addr_inst/cmd_queue/inst/fifo_gen_inst/inst_fifo_gen/gconvfifo.rf/grf.rf/gntv_or_sync_fifo.gl0.wr/wpntr/gcc0.gc0.count_d1_reg[1]/C
                         clock pessimism              0.164     7.231    
                         clock uncertainty           -0.112     7.119    
    SLICE_X55Y110        FDCE (Recov_HFF_SLICEL_C_CLR)
                                                     -0.066     7.053    top_i/axi_interconnect_0/s00_couplers/auto_ds/inst/gen_downsizer.gen_simple_downsizer.axi_downsizer_inst/USE_WRITE.write_addr_inst/cmd_queue/inst/fifo_gen_inst/inst_fifo_gen/gconvfifo.rf/grf.rf/gntv_or_sync_fifo.gl0.wr/wpntr/gcc0.gc0.count_d1_reg[1]
  -------------------------------------------------------------------
                         required time                          7.053    
                         arrival time                          -3.021    
  -------------------------------------------------------------------
                         slack                                  4.032    

Slack (MET) :             4.032ns  (required time - arrival time)
  Source:                 top_i/axi_interconnect_0/s00_couplers/auto_ds/inst/gen_downsizer.gen_simple_downsizer.axi_downsizer_inst/USE_WRITE.write_addr_inst/cmd_queue/inst/fifo_gen_inst/inst_fifo_gen/gconvfifo.rf/grf.rf/rstblk/ngwrdrst.grst.g7serrst.gnsckt_wrst.rst_wr_reg2_inst/arststages_ff_reg[1]/C
                            (rising edge-triggered cell FDPE clocked by clk_pl_0  {rise@0.000ns fall@2.667ns period=5.333ns})
  Destination:            top_i/axi_interconnect_0/s00_couplers/auto_ds/inst/gen_downsizer.gen_simple_downsizer.axi_downsizer_inst/USE_WRITE.write_addr_inst/cmd_queue/inst/fifo_gen_inst/inst_fifo_gen/gconvfifo.rf/grf.rf/gntv_or_sync_fifo.gl0.wr/wpntr/gcc0.gc0.count_d1_reg[2]/CLR
                            (recovery check against rising-edge clock clk_pl_0  {rise@0.000ns fall@2.667ns period=5.333ns})
  Path Group:             **async_default**
  Path Type:              Recovery (Max at Slow Process Corner)
  Requirement:            5.333ns  (clk_pl_0 rise@5.333ns - clk_pl_0 rise@0.000ns)
  Data Path Delay:        1.018ns  (logic 0.180ns (17.677%)  route 0.838ns (82.323%))
  Logic Levels:           1  (LUT3=1)
  Clock Path Skew:        -0.105ns (DCD - SCD + CPR)
    Destination Clock Delay (DCD):    1.734ns = ( 7.067 - 5.333 ) 
    Source Clock Delay      (SCD):    2.003ns
    Clock Pessimism Removal (CPR):    0.164ns
  Clock Uncertainty:      0.112ns  ((TSJ^2 + DJ^2)^1/2) / 2 + PE
    Total System Jitter     (TSJ):    0.071ns
    Discrete Jitter          (DJ):    0.213ns
    Phase Error              (PE):    0.000ns
  Clock Net Delay (Source):      1.795ns (routing 0.569ns, distribution 1.226ns)
  Clock Net Delay (Destination): 1.566ns (routing 0.512ns, distribution 1.054ns)

    Location             Delay type                Incr(ns)  Path(ns)    Netlist Resource(s)
  -------------------------------------------------------------------    -------------------
                         (clock clk_pl_0 rise edge)
                                                      0.000     0.000 r  
    PS8_X0Y0             PS8                          0.000     0.000 r  top_i/zynq_ps/inst/PS8_i/PLCLK[0]
                         net (fo=1, routed)           0.180     0.180    top_i/zynq_ps/inst/pl_clk_unbuffered[0]
    BUFG_PS_X0Y80        BUFG_PS (Prop_BUFG_PS_I_O)
                                                      0.028     0.208 r  top_i/zynq_ps/inst/buffer_pl_clk_0.PL_CLK_0_BUFG/O
    X1Y2 (CLOCK_ROOT)    net (fo=61545, routed)       1.795     2.003    top_i/axi_interconnect_0/s00_couplers/auto_ds/inst/gen_downsizer.gen_simple_downsizer.axi_downsizer_inst/USE_WRITE.write_addr_inst/cmd_queue/inst/fifo_gen_inst/inst_fifo_gen/gconvfifo.rf/grf.rf/rstblk/ngwrdrst.grst.g7serrst.gnsckt_wrst.rst_wr_reg2_inst/dest_clk
    SLICE_X57Y106        FDPE                                         r  top_i/axi_interconnect_0/s00_couplers/auto_ds/inst/gen_downsizer.gen_simple_downsizer.axi_downsizer_inst/USE_WRITE.write_addr_inst/cmd_queue/inst/fifo_gen_inst/inst_fifo_gen/gconvfifo.rf/grf.rf/rstblk/ngwrdrst.grst.g7serrst.gnsckt_wrst.rst_wr_reg2_inst/arststages_ff_reg[1]/C
  -------------------------------------------------------------------    -------------------
    SLICE_X57Y106        FDPE (Prop_BFF2_SLICEM_C_Q)
                                                      0.080     2.083 f  top_i/axi_interconnect_0/s00_couplers/auto_ds/inst/gen_downsizer.gen_simple_downsizer.axi_downsizer_inst/USE_WRITE.write_addr_inst/cmd_queue/inst/fifo_gen_inst/inst_fifo_gen/gconvfifo.rf/grf.rf/rstblk/ngwrdrst.grst.g7serrst.gnsckt_wrst.rst_wr_reg2_inst/arststages_ff_reg[1]/Q
                         net (fo=3, routed)           0.371     2.454    top_i/axi_interconnect_0/s00_couplers/auto_ds/inst/gen_downsizer.gen_simple_downsizer.axi_downsizer_inst/USE_WRITE.write_addr_inst/cmd_queue/inst/fifo_gen_inst/inst_fifo_gen/gconvfifo.rf/grf.rf/rstblk/ngwrdrst.rst_wr_reg2
    SLICE_X57Y106        LUT3 (Prop_E6LUT_SLICEM_I2_O)
                                                      0.100     2.554 f  top_i/axi_interconnect_0/s00_couplers/auto_ds/inst/gen_downsizer.gen_simple_downsizer.axi_downsizer_inst/USE_WRITE.write_addr_inst/cmd_queue/inst/fifo_gen_inst/inst_fifo_gen/gconvfifo.rf/grf.rf/rstblk/gpregsm1.curr_fwft_state[1]_i_2/O
                         net (fo=32, routed)          0.468     3.021    top_i/axi_interconnect_0/s00_couplers/auto_ds/inst/gen_downsizer.gen_simple_downsizer.axi_downsizer_inst/USE_WRITE.write_addr_inst/cmd_queue/inst/fifo_gen_inst/inst_fifo_gen/gconvfifo.rf/grf.rf/gntv_or_sync_fifo.gl0.wr/wpntr/AR[0]
    SLICE_X55Y110        FDCE                                         f  top_i/axi_interconnect_0/s00_couplers/auto_ds/inst/gen_downsizer.gen_simple_downsizer.axi_downsizer_inst/USE_WRITE.write_addr_inst/cmd_queue/inst/fifo_gen_inst/inst_fifo_gen/gconvfifo.rf/grf.rf/gntv_or_sync_fifo.gl0.wr/wpntr/gcc0.gc0.count_d1_reg[2]/CLR
  -------------------------------------------------------------------    -------------------

                         (clock clk_pl_0 rise edge)
                                                      5.333     5.333 r  
    PS8_X0Y0             PS8                          0.000     5.333 r  top_i/zynq_ps/inst/PS8_i/PLCLK[0]
                         net (fo=1, routed)           0.143     5.476    top_i/zynq_ps/inst/pl_clk_unbuffered[0]
    BUFG_PS_X0Y80        BUFG_PS (Prop_BUFG_PS_I_O)
                                                      0.025     5.501 r  top_i/zynq_ps/inst/buffer_pl_clk_0.PL_CLK_0_BUFG/O
    X1Y2 (CLOCK_ROOT)    net (fo=61545, routed)       1.566     7.067    top_i/axi_interconnect_0/s00_couplers/auto_ds/inst/gen_downsizer.gen_simple_downsizer.axi_downsizer_inst/USE_WRITE.write_addr_inst/cmd_queue/inst/fifo_gen_inst/inst_fifo_gen/gconvfifo.rf/grf.rf/gntv_or_sync_fifo.gl0.wr/wpntr/clk
    SLICE_X55Y110        FDCE                                         r  top_i/axi_interconnect_0/s00_couplers/auto_ds/inst/gen_downsizer.gen_simple_downsizer.axi_downsizer_inst/USE_WRITE.write_addr_inst/cmd_queue/inst/fifo_gen_inst/inst_fifo_gen/gconvfifo.rf/grf.rf/gntv_or_sync_fifo.gl0.wr/wpntr/gcc0.gc0.count_d1_reg[2]/C
                         clock pessimism              0.164     7.231    
                         clock uncertainty           -0.112     7.119    
    SLICE_X55Y110        FDCE (Recov_GFF_SLICEL_C_CLR)
                                                     -0.066     7.053    top_i/axi_interconnect_0/s00_couplers/auto_ds/inst/gen_downsizer.gen_simple_downsizer.axi_downsizer_inst/USE_WRITE.write_addr_inst/cmd_queue/inst/fifo_gen_inst/inst_fifo_gen/gconvfifo.rf/grf.rf/gntv_or_sync_fifo.gl0.wr/wpntr/gcc0.gc0.count_d1_reg[2]
  -------------------------------------------------------------------
                         required time                          7.053    
                         arrival time                          -3.021    
  -------------------------------------------------------------------
                         slack                                  4.032    

Slack (MET) :             4.032ns  (required time - arrival time)
  Source:                 top_i/axi_interconnect_0/s00_couplers/auto_ds/inst/gen_downsizer.gen_simple_downsizer.axi_downsizer_inst/USE_WRITE.write_addr_inst/cmd_queue/inst/fifo_gen_inst/inst_fifo_gen/gconvfifo.rf/grf.rf/rstblk/ngwrdrst.grst.g7serrst.gnsckt_wrst.rst_wr_reg2_inst/arststages_ff_reg[1]/C
                            (rising edge-triggered cell FDPE clocked by clk_pl_0  {rise@0.000ns fall@2.667ns period=5.333ns})
  Destination:            top_i/axi_interconnect_0/s00_couplers/auto_ds/inst/gen_downsizer.gen_simple_downsizer.axi_downsizer_inst/USE_WRITE.write_addr_inst/cmd_queue/inst/fifo_gen_inst/inst_fifo_gen/gconvfifo.rf/grf.rf/gntv_or_sync_fifo.gl0.wr/wpntr/gcc0.gc0.count_reg[1]/CLR
                            (recovery check against rising-edge clock clk_pl_0  {rise@0.000ns fall@2.667ns period=5.333ns})
  Path Group:             **async_default**
  Path Type:              Recovery (Max at Slow Process Corner)
  Requirement:            5.333ns  (clk_pl_0 rise@5.333ns - clk_pl_0 rise@0.000ns)
  Data Path Delay:        1.018ns  (logic 0.180ns (17.677%)  route 0.838ns (82.323%))
  Logic Levels:           1  (LUT3=1)
  Clock Path Skew:        -0.105ns (DCD - SCD + CPR)
    Destination Clock Delay (DCD):    1.734ns = ( 7.067 - 5.333 ) 
    Source Clock Delay      (SCD):    2.003ns
    Clock Pessimism Removal (CPR):    0.164ns
  Clock Uncertainty:      0.112ns  ((TSJ^2 + DJ^2)^1/2) / 2 + PE
    Total System Jitter     (TSJ):    0.071ns
    Discrete Jitter          (DJ):    0.213ns
    Phase Error              (PE):    0.000ns
  Clock Net Delay (Source):      1.795ns (routing 0.569ns, distribution 1.226ns)
  Clock Net Delay (Destination): 1.566ns (routing 0.512ns, distribution 1.054ns)

    Location             Delay type                Incr(ns)  Path(ns)    Netlist Resource(s)
  -------------------------------------------------------------------    -------------------
                         (clock clk_pl_0 rise edge)
                                                      0.000     0.000 r  
    PS8_X0Y0             PS8                          0.000     0.000 r  top_i/zynq_ps/inst/PS8_i/PLCLK[0]
                         net (fo=1, routed)           0.180     0.180    top_i/zynq_ps/inst/pl_clk_unbuffered[0]
    BUFG_PS_X0Y80        BUFG_PS (Prop_BUFG_PS_I_O)
                                                      0.028     0.208 r  top_i/zynq_ps/inst/buffer_pl_clk_0.PL_CLK_0_BUFG/O
    X1Y2 (CLOCK_ROOT)    net (fo=61545, routed)       1.795     2.003    top_i/axi_interconnect_0/s00_couplers/auto_ds/inst/gen_downsizer.gen_simple_downsizer.axi_downsizer_inst/USE_WRITE.write_addr_inst/cmd_queue/inst/fifo_gen_inst/inst_fifo_gen/gconvfifo.rf/grf.rf/rstblk/ngwrdrst.grst.g7serrst.gnsckt_wrst.rst_wr_reg2_inst/dest_clk
    SLICE_X57Y106        FDPE                                         r  top_i/axi_interconnect_0/s00_couplers/auto_ds/inst/gen_downsizer.gen_simple_downsizer.axi_downsizer_inst/USE_WRITE.write_addr_inst/cmd_queue/inst/fifo_gen_inst/inst_fifo_gen/gconvfifo.rf/grf.rf/rstblk/ngwrdrst.grst.g7serrst.gnsckt_wrst.rst_wr_reg2_inst/arststages_ff_reg[1]/C
  -------------------------------------------------------------------    -------------------
    SLICE_X57Y106        FDPE (Prop_BFF2_SLICEM_C_Q)
                                                      0.080     2.083 f  top_i/axi_interconnect_0/s00_couplers/auto_ds/inst/gen_downsizer.gen_simple_downsizer.axi_downsizer_inst/USE_WRITE.write_addr_inst/cmd_queue/inst/fifo_gen_inst/inst_fifo_gen/gconvfifo.rf/grf.rf/rstblk/ngwrdrst.grst.g7serrst.gnsckt_wrst.rst_wr_reg2_inst/arststages_ff_reg[1]/Q
                         net (fo=3, routed)           0.371     2.454    top_i/axi_interconnect_0/s00_couplers/auto_ds/inst/gen_downsizer.gen_simple_downsizer.axi_downsizer_inst/USE_WRITE.write_addr_inst/cmd_queue/inst/fifo_gen_inst/inst_fifo_gen/gconvfifo.rf/grf.rf/rstblk/ngwrdrst.rst_wr_reg2
    SLICE_X57Y106        LUT3 (Prop_E6LUT_SLICEM_I2_O)
                                                      0.100     2.554 f  top_i/axi_interconnect_0/s00_couplers/auto_ds/inst/gen_downsizer.gen_simple_downsizer.axi_downsizer_inst/USE_WRITE.write_addr_inst/cmd_queue/inst/fifo_gen_inst/inst_fifo_gen/gconvfifo.rf/grf.rf/rstblk/gpregsm1.curr_fwft_state[1]_i_2/O
                         net (fo=32, routed)          0.468     3.021    top_i/axi_interconnect_0/s00_couplers/auto_ds/inst/gen_downsizer.gen_simple_downsizer.axi_downsizer_inst/USE_WRITE.write_addr_inst/cmd_queue/inst/fifo_gen_inst/inst_fifo_gen/gconvfifo.rf/grf.rf/gntv_or_sync_fifo.gl0.wr/wpntr/AR[0]
    SLICE_X55Y110        FDCE                                         f  top_i/axi_interconnect_0/s00_couplers/auto_ds/inst/gen_downsizer.gen_simple_downsizer.axi_downsizer_inst/USE_WRITE.write_addr_inst/cmd_queue/inst/fifo_gen_inst/inst_fifo_gen/gconvfifo.rf/grf.rf/gntv_or_sync_fifo.gl0.wr/wpntr/gcc0.gc0.count_reg[1]/CLR
  -------------------------------------------------------------------    -------------------

                         (clock clk_pl_0 rise edge)
                                                      5.333     5.333 r  
    PS8_X0Y0             PS8                          0.000     5.333 r  top_i/zynq_ps/inst/PS8_i/PLCLK[0]
                         net (fo=1, routed)           0.143     5.476    top_i/zynq_ps/inst/pl_clk_unbuffered[0]
    BUFG_PS_X0Y80        BUFG_PS (Prop_BUFG_PS_I_O)
                                                      0.025     5.501 r  top_i/zynq_ps/inst/buffer_pl_clk_0.PL_CLK_0_BUFG/O
    X1Y2 (CLOCK_ROOT)    net (fo=61545, routed)       1.566     7.067    top_i/axi_interconnect_0/s00_couplers/auto_ds/inst/gen_downsizer.gen_simple_downsizer.axi_downsizer_inst/USE_WRITE.write_addr_inst/cmd_queue/inst/fifo_gen_inst/inst_fifo_gen/gconvfifo.rf/grf.rf/gntv_or_sync_fifo.gl0.wr/wpntr/clk
    SLICE_X55Y110        FDCE                                         r  top_i/axi_interconnect_0/s00_couplers/auto_ds/inst/gen_downsizer.gen_simple_downsizer.axi_downsizer_inst/USE_WRITE.write_addr_inst/cmd_queue/inst/fifo_gen_inst/inst_fifo_gen/gconvfifo.rf/grf.rf/gntv_or_sync_fifo.gl0.wr/wpntr/gcc0.gc0.count_reg[1]/C
                         clock pessimism              0.164     7.231    
                         clock uncertainty           -0.112     7.119    
    SLICE_X55Y110        FDCE (Recov_FFF_SLICEL_C_CLR)
                                                     -0.066     7.053    top_i/axi_interconnect_0/s00_couplers/auto_ds/inst/gen_downsizer.gen_simple_downsizer.axi_downsizer_inst/USE_WRITE.write_addr_inst/cmd_queue/inst/fifo_gen_inst/inst_fifo_gen/gconvfifo.rf/grf.rf/gntv_or_sync_fifo.gl0.wr/wpntr/gcc0.gc0.count_reg[1]
  -------------------------------------------------------------------
                         required time                          7.053    
                         arrival time                          -3.021    
  -------------------------------------------------------------------
                         slack                                  4.032    

Slack (MET) :             4.060ns  (required time - arrival time)
  Source:                 top_i/axi_interconnect_0/s00_couplers/auto_ds/inst/gen_downsizer.gen_simple_downsizer.axi_downsizer_inst/USE_WRITE.write_addr_inst/cmd_queue/inst/fifo_gen_inst/inst_fifo_gen/gconvfifo.rf/grf.rf/rstblk/ngwrdrst.grst.g7serrst.gnsckt_wrst.rst_wr_reg2_inst/arststages_ff_reg[1]/C
                            (rising edge-triggered cell FDPE clocked by clk_pl_0  {rise@0.000ns fall@2.667ns period=5.333ns})
  Destination:            top_i/axi_interconnect_0/s00_couplers/auto_ds/inst/gen_downsizer.gen_simple_downsizer.axi_downsizer_inst/USE_WRITE.write_addr_inst/cmd_queue/inst/fifo_gen_inst/inst_fifo_gen/gconvfifo.rf/grf.rf/gntv_or_sync_fifo.gl0.rd/rpntr/gc0.count_reg[0]/PRE
                            (recovery check against rising-edge clock clk_pl_0  {rise@0.000ns fall@2.667ns period=5.333ns})
  Path Group:             **async_default**
  Path Type:              Recovery (Max at Slow Process Corner)
  Requirement:            5.333ns  (clk_pl_0 rise@5.333ns - clk_pl_0 rise@0.000ns)
  Data Path Delay:        0.987ns  (logic 0.180ns (18.229%)  route 0.807ns (81.771%))
  Logic Levels:           1  (LUT3=1)
  Clock Path Skew:        -0.108ns (DCD - SCD + CPR)
    Destination Clock Delay (DCD):    1.731ns = ( 7.064 - 5.333 ) 
    Source Clock Delay      (SCD):    2.003ns
    Clock Pessimism Removal (CPR):    0.164ns
  Clock Uncertainty:      0.112ns  ((TSJ^2 + DJ^2)^1/2) / 2 + PE
    Total System Jitter     (TSJ):    0.071ns
    Discrete Jitter          (DJ):    0.213ns
    Phase Error              (PE):    0.000ns
  Clock Net Delay (Source):      1.795ns (routing 0.569ns, distribution 1.226ns)
  Clock Net Delay (Destination): 1.563ns (routing 0.512ns, distribution 1.051ns)

    Location             Delay type                Incr(ns)  Path(ns)    Netlist Resource(s)
  -------------------------------------------------------------------    -------------------
                         (clock clk_pl_0 rise edge)
                                                      0.000     0.000 r  
    PS8_X0Y0             PS8                          0.000     0.000 r  top_i/zynq_ps/inst/PS8_i/PLCLK[0]
                         net (fo=1, routed)           0.180     0.180    top_i/zynq_ps/inst/pl_clk_unbuffered[0]
    BUFG_PS_X0Y80        BUFG_PS (Prop_BUFG_PS_I_O)
                                                      0.028     0.208 r  top_i/zynq_ps/inst/buffer_pl_clk_0.PL_CLK_0_BUFG/O
    X1Y2 (CLOCK_ROOT)    net (fo=61545, routed)       1.795     2.003    top_i/axi_interconnect_0/s00_couplers/auto_ds/inst/gen_downsizer.gen_simple_downsizer.axi_downsizer_inst/USE_WRITE.write_addr_inst/cmd_queue/inst/fifo_gen_inst/inst_fifo_gen/gconvfifo.rf/grf.rf/rstblk/ngwrdrst.grst.g7serrst.gnsckt_wrst.rst_wr_reg2_inst/dest_clk
    SLICE_X57Y106        FDPE                                         r  top_i/axi_interconnect_0/s00_couplers/auto_ds/inst/gen_downsizer.gen_simple_downsizer.axi_downsizer_inst/USE_WRITE.write_addr_inst/cmd_queue/inst/fifo_gen_inst/inst_fifo_gen/gconvfifo.rf/grf.rf/rstblk/ngwrdrst.grst.g7serrst.gnsckt_wrst.rst_wr_reg2_inst/arststages_ff_reg[1]/C
  -------------------------------------------------------------------    -------------------
    SLICE_X57Y106        FDPE (Prop_BFF2_SLICEM_C_Q)
                                                      0.080     2.083 f  top_i/axi_interconnect_0/s00_couplers/auto_ds/inst/gen_downsizer.gen_simple_downsizer.axi_downsizer_inst/USE_WRITE.write_addr_inst/cmd_queue/inst/fifo_gen_inst/inst_fifo_gen/gconvfifo.rf/grf.rf/rstblk/ngwrdrst.grst.g7serrst.gnsckt_wrst.rst_wr_reg2_inst/arststages_ff_reg[1]/Q
                         net (fo=3, routed)           0.371     2.454    top_i/axi_interconnect_0/s00_couplers/auto_ds/inst/gen_downsizer.gen_simple_downsizer.axi_downsizer_inst/USE_WRITE.write_addr_inst/cmd_queue/inst/fifo_gen_inst/inst_fifo_gen/gconvfifo.rf/grf.rf/rstblk/ngwrdrst.rst_wr_reg2
    SLICE_X57Y106        LUT3 (Prop_E6LUT_SLICEM_I2_O)
                                                      0.100     2.554 f  top_i/axi_interconnect_0/s00_couplers/auto_ds/inst/gen_downsizer.gen_simple_downsizer.axi_downsizer_inst/USE_WRITE.write_addr_inst/cmd_queue/inst/fifo_gen_inst/inst_fifo_gen/gconvfifo.rf/grf.rf/rstblk/gpregsm1.curr_fwft_state[1]_i_2/O
                         net (fo=32, routed)          0.437     2.990    top_i/axi_interconnect_0/s00_couplers/auto_ds/inst/gen_downsizer.gen_simple_downsizer.axi_downsizer_inst/USE_WRITE.write_addr_inst/cmd_queue/inst/fifo_gen_inst/inst_fifo_gen/gconvfifo.rf/grf.rf/gntv_or_sync_fifo.gl0.rd/rpntr/gc0.count_d1_reg[4]_1
    SLICE_X55Y108        FDPE                                         f  top_i/axi_interconnect_0/s00_couplers/auto_ds/inst/gen_downsizer.gen_simple_downsizer.axi_downsizer_inst/USE_WRITE.write_addr_inst/cmd_queue/inst/fifo_gen_inst/inst_fifo_gen/gconvfifo.rf/grf.rf/gntv_or_sync_fifo.gl0.rd/rpntr/gc0.count_reg[0]/PRE
  -------------------------------------------------------------------    -------------------

                         (clock clk_pl_0 rise edge)
                                                      5.333     5.333 r  
    PS8_X0Y0             PS8                          0.000     5.333 r  top_i/zynq_ps/inst/PS8_i/PLCLK[0]
                         net (fo=1, routed)           0.143     5.476    top_i/zynq_ps/inst/pl_clk_unbuffered[0]
    BUFG_PS_X0Y80        BUFG_PS (Prop_BUFG_PS_I_O)
                                                      0.025     5.501 r  top_i/zynq_ps/inst/buffer_pl_clk_0.PL_CLK_0_BUFG/O
    X1Y2 (CLOCK_ROOT)    net (fo=61545, routed)       1.563     7.064    top_i/axi_interconnect_0/s00_couplers/auto_ds/inst/gen_downsizer.gen_simple_downsizer.axi_downsizer_inst/USE_WRITE.write_addr_inst/cmd_queue/inst/fifo_gen_inst/inst_fifo_gen/gconvfifo.rf/grf.rf/gntv_or_sync_fifo.gl0.rd/rpntr/clk
    SLICE_X55Y108        FDPE                                         r  top_i/axi_interconnect_0/s00_couplers/auto_ds/inst/gen_downsizer.gen_simple_downsizer.axi_downsizer_inst/USE_WRITE.write_addr_inst/cmd_queue/inst/fifo_gen_inst/inst_fifo_gen/gconvfifo.rf/grf.rf/gntv_or_sync_fifo.gl0.rd/rpntr/gc0.count_reg[0]/C
                         clock pessimism              0.164     7.228    
                         clock uncertainty           -0.112     7.116    
    SLICE_X55Y108        FDPE (Recov_BFF2_SLICEL_C_PRE)
                                                     -0.066     7.050    top_i/axi_interconnect_0/s00_couplers/auto_ds/inst/gen_downsizer.gen_simple_downsizer.axi_downsizer_inst/USE_WRITE.write_addr_inst/cmd_queue/inst/fifo_gen_inst/inst_fifo_gen/gconvfifo.rf/grf.rf/gntv_or_sync_fifo.gl0.rd/rpntr/gc0.count_reg[0]
  -------------------------------------------------------------------
                         required time                          7.050    
                         arrival time                          -2.990    
  -------------------------------------------------------------------
                         slack                                  4.060    

Slack (MET) :             4.060ns  (required time - arrival time)
  Source:                 top_i/axi_interconnect_0/s00_couplers/auto_ds/inst/gen_downsizer.gen_simple_downsizer.axi_downsizer_inst/USE_WRITE.write_addr_inst/cmd_queue/inst/fifo_gen_inst/inst_fifo_gen/gconvfifo.rf/grf.rf/rstblk/ngwrdrst.grst.g7serrst.gnsckt_wrst.rst_wr_reg2_inst/arststages_ff_reg[1]/C
                            (rising edge-triggered cell FDPE clocked by clk_pl_0  {rise@0.000ns fall@2.667ns period=5.333ns})
  Destination:            top_i/axi_interconnect_0/s00_couplers/auto_ds/inst/gen_downsizer.gen_simple_downsizer.axi_downsizer_inst/USE_WRITE.write_addr_inst/cmd_queue/inst/fifo_gen_inst/inst_fifo_gen/gconvfifo.rf/grf.rf/gntv_or_sync_fifo.gl0.rd/rpntr/gc0.count_reg[1]/CLR
                            (recovery check against rising-edge clock clk_pl_0  {rise@0.000ns fall@2.667ns period=5.333ns})
  Path Group:             **async_default**
  Path Type:              Recovery (Max at Slow Process Corner)
  Requirement:            5.333ns  (clk_pl_0 rise@5.333ns - clk_pl_0 rise@0.000ns)
  Data Path Delay:        0.987ns  (logic 0.180ns (18.229%)  route 0.807ns (81.771%))
  Logic Levels:           1  (LUT3=1)
  Clock Path Skew:        -0.108ns (DCD - SCD + CPR)
    Destination Clock Delay (DCD):    1.731ns = ( 7.064 - 5.333 ) 
    Source Clock Delay      (SCD):    2.003ns
    Clock Pessimism Removal (CPR):    0.164ns
  Clock Uncertainty:      0.112ns  ((TSJ^2 + DJ^2)^1/2) / 2 + PE
    Total System Jitter     (TSJ):    0.071ns
    Discrete Jitter          (DJ):    0.213ns
    Phase Error              (PE):    0.000ns
  Clock Net Delay (Source):      1.795ns (routing 0.569ns, distribution 1.226ns)
  Clock Net Delay (Destination): 1.563ns (routing 0.512ns, distribution 1.051ns)

    Location             Delay type                Incr(ns)  Path(ns)    Netlist Resource(s)
  -------------------------------------------------------------------    -------------------
                         (clock clk_pl_0 rise edge)
                                                      0.000     0.000 r  
    PS8_X0Y0             PS8                          0.000     0.000 r  top_i/zynq_ps/inst/PS8_i/PLCLK[0]
                         net (fo=1, routed)           0.180     0.180    top_i/zynq_ps/inst/pl_clk_unbuffered[0]
    BUFG_PS_X0Y80        BUFG_PS (Prop_BUFG_PS_I_O)
                                                      0.028     0.208 r  top_i/zynq_ps/inst/buffer_pl_clk_0.PL_CLK_0_BUFG/O
    X1Y2 (CLOCK_ROOT)    net (fo=61545, routed)       1.795     2.003    top_i/axi_interconnect_0/s00_couplers/auto_ds/inst/gen_downsizer.gen_simple_downsizer.axi_downsizer_inst/USE_WRITE.write_addr_inst/cmd_queue/inst/fifo_gen_inst/inst_fifo_gen/gconvfifo.rf/grf.rf/rstblk/ngwrdrst.grst.g7serrst.gnsckt_wrst.rst_wr_reg2_inst/dest_clk
    SLICE_X57Y106        FDPE                                         r  top_i/axi_interconnect_0/s00_couplers/auto_ds/inst/gen_downsizer.gen_simple_downsizer.axi_downsizer_inst/USE_WRITE.write_addr_inst/cmd_queue/inst/fifo_gen_inst/inst_fifo_gen/gconvfifo.rf/grf.rf/rstblk/ngwrdrst.grst.g7serrst.gnsckt_wrst.rst_wr_reg2_inst/arststages_ff_reg[1]/C
  -------------------------------------------------------------------    -------------------
    SLICE_X57Y106        FDPE (Prop_BFF2_SLICEM_C_Q)
                                                      0.080     2.083 f  top_i/axi_interconnect_0/s00_couplers/auto_ds/inst/gen_downsizer.gen_simple_downsizer.axi_downsizer_inst/USE_WRITE.write_addr_inst/cmd_queue/inst/fifo_gen_inst/inst_fifo_gen/gconvfifo.rf/grf.rf/rstblk/ngwrdrst.grst.g7serrst.gnsckt_wrst.rst_wr_reg2_inst/arststages_ff_reg[1]/Q
                         net (fo=3, routed)           0.371     2.454    top_i/axi_interconnect_0/s00_couplers/auto_ds/inst/gen_downsizer.gen_simple_downsizer.axi_downsizer_inst/USE_WRITE.write_addr_inst/cmd_queue/inst/fifo_gen_inst/inst_fifo_gen/gconvfifo.rf/grf.rf/rstblk/ngwrdrst.rst_wr_reg2
    SLICE_X57Y106        LUT3 (Prop_E6LUT_SLICEM_I2_O)
                                                      0.100     2.554 f  top_i/axi_interconnect_0/s00_couplers/auto_ds/inst/gen_downsizer.gen_simple_downsizer.axi_downsizer_inst/USE_WRITE.write_addr_inst/cmd_queue/inst/fifo_gen_inst/inst_fifo_gen/gconvfifo.rf/grf.rf/rstblk/gpregsm1.curr_fwft_state[1]_i_2/O
                         net (fo=32, routed)          0.437     2.990    top_i/axi_interconnect_0/s00_couplers/auto_ds/inst/gen_downsizer.gen_simple_downsizer.axi_downsizer_inst/USE_WRITE.write_addr_inst/cmd_queue/inst/fifo_gen_inst/inst_fifo_gen/gconvfifo.rf/grf.rf/gntv_or_sync_fifo.gl0.rd/rpntr/gc0.count_d1_reg[4]_1
    SLICE_X55Y108        FDCE                                         f  top_i/axi_interconnect_0/s00_couplers/auto_ds/inst/gen_downsizer.gen_simple_downsizer.axi_downsizer_inst/USE_WRITE.write_addr_inst/cmd_queue/inst/fifo_gen_inst/inst_fifo_gen/gconvfifo.rf/grf.rf/gntv_or_sync_fifo.gl0.rd/rpntr/gc0.count_reg[1]/CLR
  -------------------------------------------------------------------    -------------------

                         (clock clk_pl_0 rise edge)
                                                      5.333     5.333 r  
    PS8_X0Y0             PS8                          0.000     5.333 r  top_i/zynq_ps/inst/PS8_i/PLCLK[0]
                         net (fo=1, routed)           0.143     5.476    top_i/zynq_ps/inst/pl_clk_unbuffered[0]
    BUFG_PS_X0Y80        BUFG_PS (Prop_BUFG_PS_I_O)
                                                      0.025     5.501 r  top_i/zynq_ps/inst/buffer_pl_clk_0.PL_CLK_0_BUFG/O
    X1Y2 (CLOCK_ROOT)    net (fo=61545, routed)       1.563     7.064    top_i/axi_interconnect_0/s00_couplers/auto_ds/inst/gen_downsizer.gen_simple_downsizer.axi_downsizer_inst/USE_WRITE.write_addr_inst/cmd_queue/inst/fifo_gen_inst/inst_fifo_gen/gconvfifo.rf/grf.rf/gntv_or_sync_fifo.gl0.rd/rpntr/clk
    SLICE_X55Y108        FDCE                                         r  top_i/axi_interconnect_0/s00_couplers/auto_ds/inst/gen_downsizer.gen_simple_downsizer.axi_downsizer_inst/USE_WRITE.write_addr_inst/cmd_queue/inst/fifo_gen_inst/inst_fifo_gen/gconvfifo.rf/grf.rf/gntv_or_sync_fifo.gl0.rd/rpntr/gc0.count_reg[1]/C
                         clock pessimism              0.164     7.228    
                         clock uncertainty           -0.112     7.116    
    SLICE_X55Y108        FDCE (Recov_DFF_SLICEL_C_CLR)
                                                     -0.066     7.050    top_i/axi_interconnect_0/s00_couplers/auto_ds/inst/gen_downsizer.gen_simple_downsizer.axi_downsizer_inst/USE_WRITE.write_addr_inst/cmd_queue/inst/fifo_gen_inst/inst_fifo_gen/gconvfifo.rf/grf.rf/gntv_or_sync_fifo.gl0.rd/rpntr/gc0.count_reg[1]
  -------------------------------------------------------------------
                         required time                          7.050    
                         arrival time                          -2.990    
  -------------------------------------------------------------------
                         slack                                  4.060    

Slack (MET) :             4.060ns  (required time - arrival time)
  Source:                 top_i/axi_interconnect_0/s00_couplers/auto_ds/inst/gen_downsizer.gen_simple_downsizer.axi_downsizer_inst/USE_WRITE.write_addr_inst/cmd_queue/inst/fifo_gen_inst/inst_fifo_gen/gconvfifo.rf/grf.rf/rstblk/ngwrdrst.grst.g7serrst.gnsckt_wrst.rst_wr_reg2_inst/arststages_ff_reg[1]/C
                            (rising edge-triggered cell FDPE clocked by clk_pl_0  {rise@0.000ns fall@2.667ns period=5.333ns})
  Destination:            top_i/axi_interconnect_0/s00_couplers/auto_ds/inst/gen_downsizer.gen_simple_downsizer.axi_downsizer_inst/USE_WRITE.write_addr_inst/cmd_queue/inst/fifo_gen_inst/inst_fifo_gen/gconvfifo.rf/grf.rf/gntv_or_sync_fifo.gl0.rd/rpntr/gc0.count_reg[2]/CLR
                            (recovery check against rising-edge clock clk_pl_0  {rise@0.000ns fall@2.667ns period=5.333ns})
  Path Group:             **async_default**
  Path Type:              Recovery (Max at Slow Process Corner)
  Requirement:            5.333ns  (clk_pl_0 rise@5.333ns - clk_pl_0 rise@0.000ns)
  Data Path Delay:        0.987ns  (logic 0.180ns (18.229%)  route 0.807ns (81.771%))
  Logic Levels:           1  (LUT3=1)
  Clock Path Skew:        -0.108ns (DCD - SCD + CPR)
    Destination Clock Delay (DCD):    1.731ns = ( 7.064 - 5.333 ) 
    Source Clock Delay      (SCD):    2.003ns
    Clock Pessimism Removal (CPR):    0.164ns
  Clock Uncertainty:      0.112ns  ((TSJ^2 + DJ^2)^1/2) / 2 + PE
    Total System Jitter     (TSJ):    0.071ns
    Discrete Jitter          (DJ):    0.213ns
    Phase Error              (PE):    0.000ns
  Clock Net Delay (Source):      1.795ns (routing 0.569ns, distribution 1.226ns)
  Clock Net Delay (Destination): 1.563ns (routing 0.512ns, distribution 1.051ns)

    Location             Delay type                Incr(ns)  Path(ns)    Netlist Resource(s)
  -------------------------------------------------------------------    -------------------
                         (clock clk_pl_0 rise edge)
                                                      0.000     0.000 r  
    PS8_X0Y0             PS8                          0.000     0.000 r  top_i/zynq_ps/inst/PS8_i/PLCLK[0]
                         net (fo=1, routed)           0.180     0.180    top_i/zynq_ps/inst/pl_clk_unbuffered[0]
    BUFG_PS_X0Y80        BUFG_PS (Prop_BUFG_PS_I_O)
                                                      0.028     0.208 r  top_i/zynq_ps/inst/buffer_pl_clk_0.PL_CLK_0_BUFG/O
    X1Y2 (CLOCK_ROOT)    net (fo=61545, routed)       1.795     2.003    top_i/axi_interconnect_0/s00_couplers/auto_ds/inst/gen_downsizer.gen_simple_downsizer.axi_downsizer_inst/USE_WRITE.write_addr_inst/cmd_queue/inst/fifo_gen_inst/inst_fifo_gen/gconvfifo.rf/grf.rf/rstblk/ngwrdrst.grst.g7serrst.gnsckt_wrst.rst_wr_reg2_inst/dest_clk
    SLICE_X57Y106        FDPE                                         r  top_i/axi_interconnect_0/s00_couplers/auto_ds/inst/gen_downsizer.gen_simple_downsizer.axi_downsizer_inst/USE_WRITE.write_addr_inst/cmd_queue/inst/fifo_gen_inst/inst_fifo_gen/gconvfifo.rf/grf.rf/rstblk/ngwrdrst.grst.g7serrst.gnsckt_wrst.rst_wr_reg2_inst/arststages_ff_reg[1]/C
  -------------------------------------------------------------------    -------------------
    SLICE_X57Y106        FDPE (Prop_BFF2_SLICEM_C_Q)
                                                      0.080     2.083 f  top_i/axi_interconnect_0/s00_couplers/auto_ds/inst/gen_downsizer.gen_simple_downsizer.axi_downsizer_inst/USE_WRITE.write_addr_inst/cmd_queue/inst/fifo_gen_inst/inst_fifo_gen/gconvfifo.rf/grf.rf/rstblk/ngwrdrst.grst.g7serrst.gnsckt_wrst.rst_wr_reg2_inst/arststages_ff_reg[1]/Q
                         net (fo=3, routed)           0.371     2.454    top_i/axi_interconnect_0/s00_couplers/auto_ds/inst/gen_downsizer.gen_simple_downsizer.axi_downsizer_inst/USE_WRITE.write_addr_inst/cmd_queue/inst/fifo_gen_inst/inst_fifo_gen/gconvfifo.rf/grf.rf/rstblk/ngwrdrst.rst_wr_reg2
    SLICE_X57Y106        LUT3 (Prop_E6LUT_SLICEM_I2_O)
                                                      0.100     2.554 f  top_i/axi_interconnect_0/s00_couplers/auto_ds/inst/gen_downsizer.gen_simple_downsizer.axi_downsizer_inst/USE_WRITE.write_addr_inst/cmd_queue/inst/fifo_gen_inst/inst_fifo_gen/gconvfifo.rf/grf.rf/rstblk/gpregsm1.curr_fwft_state[1]_i_2/O
                         net (fo=32, routed)          0.437     2.990    top_i/axi_interconnect_0/s00_couplers/auto_ds/inst/gen_downsizer.gen_simple_downsizer.axi_downsizer_inst/USE_WRITE.write_addr_inst/cmd_queue/inst/fifo_gen_inst/inst_fifo_gen/gconvfifo.rf/grf.rf/gntv_or_sync_fifo.gl0.rd/rpntr/gc0.count_d1_reg[4]_1
    SLICE_X55Y108        FDCE                                         f  top_i/axi_interconnect_0/s00_couplers/auto_ds/inst/gen_downsizer.gen_simple_downsizer.axi_downsizer_inst/USE_WRITE.write_addr_inst/cmd_queue/inst/fifo_gen_inst/inst_fifo_gen/gconvfifo.rf/grf.rf/gntv_or_sync_fifo.gl0.rd/rpntr/gc0.count_reg[2]/CLR
  -------------------------------------------------------------------    -------------------

                         (clock clk_pl_0 rise edge)
                                                      5.333     5.333 r  
    PS8_X0Y0             PS8                          0.000     5.333 r  top_i/zynq_ps/inst/PS8_i/PLCLK[0]
                         net (fo=1, routed)           0.143     5.476    top_i/zynq_ps/inst/pl_clk_unbuffered[0]
    BUFG_PS_X0Y80        BUFG_PS (Prop_BUFG_PS_I_O)
                                                      0.025     5.501 r  top_i/zynq_ps/inst/buffer_pl_clk_0.PL_CLK_0_BUFG/O
    X1Y2 (CLOCK_ROOT)    net (fo=61545, routed)       1.563     7.064    top_i/axi_interconnect_0/s00_couplers/auto_ds/inst/gen_downsizer.gen_simple_downsizer.axi_downsizer_inst/USE_WRITE.write_addr_inst/cmd_queue/inst/fifo_gen_inst/inst_fifo_gen/gconvfifo.rf/grf.rf/gntv_or_sync_fifo.gl0.rd/rpntr/clk
    SLICE_X55Y108        FDCE                                         r  top_i/axi_interconnect_0/s00_couplers/auto_ds/inst/gen_downsizer.gen_simple_downsizer.axi_downsizer_inst/USE_WRITE.write_addr_inst/cmd_queue/inst/fifo_gen_inst/inst_fifo_gen/gconvfifo.rf/grf.rf/gntv_or_sync_fifo.gl0.rd/rpntr/gc0.count_reg[2]/C
                         clock pessimism              0.164     7.228    
                         clock uncertainty           -0.112     7.116    
    SLICE_X55Y108        FDCE (Recov_DFF2_SLICEL_C_CLR)
                                                     -0.066     7.050    top_i/axi_interconnect_0/s00_couplers/auto_ds/inst/gen_downsizer.gen_simple_downsizer.axi_downsizer_inst/USE_WRITE.write_addr_inst/cmd_queue/inst/fifo_gen_inst/inst_fifo_gen/gconvfifo.rf/grf.rf/gntv_or_sync_fifo.gl0.rd/rpntr/gc0.count_reg[2]
  -------------------------------------------------------------------
                         required time                          7.050    
                         arrival time                          -2.990    
  -------------------------------------------------------------------
                         slack                                  4.060    

Slack (MET) :             4.060ns  (required time - arrival time)
  Source:                 top_i/axi_interconnect_0/s00_couplers/auto_ds/inst/gen_downsizer.gen_simple_downsizer.axi_downsizer_inst/USE_WRITE.write_addr_inst/cmd_queue/inst/fifo_gen_inst/inst_fifo_gen/gconvfifo.rf/grf.rf/rstblk/ngwrdrst.grst.g7serrst.gnsckt_wrst.rst_wr_reg2_inst/arststages_ff_reg[1]/C
                            (rising edge-triggered cell FDPE clocked by clk_pl_0  {rise@0.000ns fall@2.667ns period=5.333ns})
  Destination:            top_i/axi_interconnect_0/s00_couplers/auto_ds/inst/gen_downsizer.gen_simple_downsizer.axi_downsizer_inst/USE_WRITE.write_addr_inst/cmd_queue/inst/fifo_gen_inst/inst_fifo_gen/gconvfifo.rf/grf.rf/gntv_or_sync_fifo.gl0.rd/rpntr/gc0.count_reg[3]/CLR
                            (recovery check against rising-edge clock clk_pl_0  {rise@0.000ns fall@2.667ns period=5.333ns})
  Path Group:             **async_default**
  Path Type:              Recovery (Max at Slow Process Corner)
  Requirement:            5.333ns  (clk_pl_0 rise@5.333ns - clk_pl_0 rise@0.000ns)
  Data Path Delay:        0.987ns  (logic 0.180ns (18.229%)  route 0.807ns (81.771%))
  Logic Levels:           1  (LUT3=1)
  Clock Path Skew:        -0.108ns (DCD - SCD + CPR)
    Destination Clock Delay (DCD):    1.731ns = ( 7.064 - 5.333 ) 
    Source Clock Delay      (SCD):    2.003ns
    Clock Pessimism Removal (CPR):    0.164ns
  Clock Uncertainty:      0.112ns  ((TSJ^2 + DJ^2)^1/2) / 2 + PE
    Total System Jitter     (TSJ):    0.071ns
    Discrete Jitter          (DJ):    0.213ns
    Phase Error              (PE):    0.000ns
  Clock Net Delay (Source):      1.795ns (routing 0.569ns, distribution 1.226ns)
  Clock Net Delay (Destination): 1.563ns (routing 0.512ns, distribution 1.051ns)

    Location             Delay type                Incr(ns)  Path(ns)    Netlist Resource(s)
  -------------------------------------------------------------------    -------------------
                         (clock clk_pl_0 rise edge)
                                                      0.000     0.000 r  
    PS8_X0Y0             PS8                          0.000     0.000 r  top_i/zynq_ps/inst/PS8_i/PLCLK[0]
                         net (fo=1, routed)           0.180     0.180    top_i/zynq_ps/inst/pl_clk_unbuffered[0]
    BUFG_PS_X0Y80        BUFG_PS (Prop_BUFG_PS_I_O)
                                                      0.028     0.208 r  top_i/zynq_ps/inst/buffer_pl_clk_0.PL_CLK_0_BUFG/O
    X1Y2 (CLOCK_ROOT)    net (fo=61545, routed)       1.795     2.003    top_i/axi_interconnect_0/s00_couplers/auto_ds/inst/gen_downsizer.gen_simple_downsizer.axi_downsizer_inst/USE_WRITE.write_addr_inst/cmd_queue/inst/fifo_gen_inst/inst_fifo_gen/gconvfifo.rf/grf.rf/rstblk/ngwrdrst.grst.g7serrst.gnsckt_wrst.rst_wr_reg2_inst/dest_clk
    SLICE_X57Y106        FDPE                                         r  top_i/axi_interconnect_0/s00_couplers/auto_ds/inst/gen_downsizer.gen_simple_downsizer.axi_downsizer_inst/USE_WRITE.write_addr_inst/cmd_queue/inst/fifo_gen_inst/inst_fifo_gen/gconvfifo.rf/grf.rf/rstblk/ngwrdrst.grst.g7serrst.gnsckt_wrst.rst_wr_reg2_inst/arststages_ff_reg[1]/C
  -------------------------------------------------------------------    -------------------
    SLICE_X57Y106        FDPE (Prop_BFF2_SLICEM_C_Q)
                                                      0.080     2.083 f  top_i/axi_interconnect_0/s00_couplers/auto_ds/inst/gen_downsizer.gen_simple_downsizer.axi_downsizer_inst/USE_WRITE.write_addr_inst/cmd_queue/inst/fifo_gen_inst/inst_fifo_gen/gconvfifo.rf/grf.rf/rstblk/ngwrdrst.grst.g7serrst.gnsckt_wrst.rst_wr_reg2_inst/arststages_ff_reg[1]/Q
                         net (fo=3, routed)           0.371     2.454    top_i/axi_interconnect_0/s00_couplers/auto_ds/inst/gen_downsizer.gen_simple_downsizer.axi_downsizer_inst/USE_WRITE.write_addr_inst/cmd_queue/inst/fifo_gen_inst/inst_fifo_gen/gconvfifo.rf/grf.rf/rstblk/ngwrdrst.rst_wr_reg2
    SLICE_X57Y106        LUT3 (Prop_E6LUT_SLICEM_I2_O)
                                                      0.100     2.554 f  top_i/axi_interconnect_0/s00_couplers/auto_ds/inst/gen_downsizer.gen_simple_downsizer.axi_downsizer_inst/USE_WRITE.write_addr_inst/cmd_queue/inst/fifo_gen_inst/inst_fifo_gen/gconvfifo.rf/grf.rf/rstblk/gpregsm1.curr_fwft_state[1]_i_2/O
                         net (fo=32, routed)          0.437     2.990    top_i/axi_interconnect_0/s00_couplers/auto_ds/inst/gen_downsizer.gen_simple_downsizer.axi_downsizer_inst/USE_WRITE.write_addr_inst/cmd_queue/inst/fifo_gen_inst/inst_fifo_gen/gconvfifo.rf/grf.rf/gntv_or_sync_fifo.gl0.rd/rpntr/gc0.count_d1_reg[4]_1
    SLICE_X55Y108        FDCE                                         f  top_i/axi_interconnect_0/s00_couplers/auto_ds/inst/gen_downsizer.gen_simple_downsizer.axi_downsizer_inst/USE_WRITE.write_addr_inst/cmd_queue/inst/fifo_gen_inst/inst_fifo_gen/gconvfifo.rf/grf.rf/gntv_or_sync_fifo.gl0.rd/rpntr/gc0.count_reg[3]/CLR
  -------------------------------------------------------------------    -------------------

                         (clock clk_pl_0 rise edge)
                                                      5.333     5.333 r  
    PS8_X0Y0             PS8                          0.000     5.333 r  top_i/zynq_ps/inst/PS8_i/PLCLK[0]
                         net (fo=1, routed)           0.143     5.476    top_i/zynq_ps/inst/pl_clk_unbuffered[0]
    BUFG_PS_X0Y80        BUFG_PS (Prop_BUFG_PS_I_O)
                                                      0.025     5.501 r  top_i/zynq_ps/inst/buffer_pl_clk_0.PL_CLK_0_BUFG/O
    X1Y2 (CLOCK_ROOT)    net (fo=61545, routed)       1.563     7.064    top_i/axi_interconnect_0/s00_couplers/auto_ds/inst/gen_downsizer.gen_simple_downsizer.axi_downsizer_inst/USE_WRITE.write_addr_inst/cmd_queue/inst/fifo_gen_inst/inst_fifo_gen/gconvfifo.rf/grf.rf/gntv_or_sync_fifo.gl0.rd/rpntr/clk
    SLICE_X55Y108        FDCE                                         r  top_i/axi_interconnect_0/s00_couplers/auto_ds/inst/gen_downsizer.gen_simple_downsizer.axi_downsizer_inst/USE_WRITE.write_addr_inst/cmd_queue/inst/fifo_gen_inst/inst_fifo_gen/gconvfifo.rf/grf.rf/gntv_or_sync_fifo.gl0.rd/rpntr/gc0.count_reg[3]/C
                         clock pessimism              0.164     7.228    
                         clock uncertainty           -0.112     7.116    
    SLICE_X55Y108        FDCE (Recov_CFF_SLICEL_C_CLR)
                                                     -0.066     7.050    top_i/axi_interconnect_0/s00_couplers/auto_ds/inst/gen_downsizer.gen_simple_downsizer.axi_downsizer_inst/USE_WRITE.write_addr_inst/cmd_queue/inst/fifo_gen_inst/inst_fifo_gen/gconvfifo.rf/grf.rf/gntv_or_sync_fifo.gl0.rd/rpntr/gc0.count_reg[3]
  -------------------------------------------------------------------
                         required time                          7.050    
                         arrival time                          -2.990    
  -------------------------------------------------------------------
                         slack                                  4.060    





Min Delay Paths
--------------------------------------------------------------------------------------
Slack (MET) :             0.173ns  (arrival time - required time)
  Source:                 top_i/axi_interconnect_0/s00_couplers/auto_ds/inst/gen_downsizer.gen_simple_downsizer.axi_downsizer_inst/USE_READ.read_addr_inst/cmd_queue/inst/fifo_gen_inst/inst_fifo_gen/gconvfifo.rf/grf.rf/rstblk/ngwrdrst.grst.g7serrst.gnsckt_wrst.gcc_rst.sckt_wr_rst_cc_reg[0]/C
                            (rising edge-triggered cell FDRE clocked by clk_pl_0  {rise@0.000ns fall@2.667ns period=5.333ns})
  Destination:            top_i/axi_interconnect_0/s00_couplers/auto_ds/inst/gen_downsizer.gen_simple_downsizer.axi_downsizer_inst/USE_READ.read_addr_inst/cmd_queue/inst/fifo_gen_inst/inst_fifo_gen/gconvfifo.rf/grf.rf/gntv_or_sync_fifo.gl0.rd/gr1.gr1_int.rfwft/gpregsm1.curr_fwft_state_reg[0]/CLR
                            (removal check against rising-edge clock clk_pl_0  {rise@0.000ns fall@2.667ns period=5.333ns})
  Path Group:             **async_default**
  Path Type:              Removal (Min at Fast Process Corner)
  Requirement:            0.000ns  (clk_pl_0 rise@0.000ns - clk_pl_0 rise@0.000ns)
  Data Path Delay:        0.196ns  (logic 0.060ns (30.613%)  route 0.136ns (69.387%))
  Logic Levels:           1  (LUT3=1)
  Clock Path Skew:        0.043ns (DCD - SCD - CPR)
    Destination Clock Delay (DCD):    1.256ns
    Source Clock Delay      (SCD):    1.100ns
    Clock Pessimism Removal (CPR):    0.113ns
  Clock Net Delay (Source):      0.961ns (routing 0.311ns, distribution 0.650ns)
  Clock Net Delay (Destination): 1.084ns (routing 0.352ns, distribution 0.732ns)

    Location             Delay type                Incr(ns)  Path(ns)    Netlist Resource(s)
  -------------------------------------------------------------------    -------------------
                         (clock clk_pl_0 rise edge)
                                                      0.000     0.000 r  
    PS8_X0Y0             PS8                          0.000     0.000 r  top_i/zynq_ps/inst/PS8_i/PLCLK[0]
                         net (fo=1, routed)           0.122     0.122    top_i/zynq_ps/inst/pl_clk_unbuffered[0]
    BUFG_PS_X0Y80        BUFG_PS (Prop_BUFG_PS_I_O)
                                                      0.017     0.139 r  top_i/zynq_ps/inst/buffer_pl_clk_0.PL_CLK_0_BUFG/O
    X1Y2 (CLOCK_ROOT)    net (fo=61545, routed)       0.961     1.100    top_i/axi_interconnect_0/s00_couplers/auto_ds/inst/gen_downsizer.gen_simple_downsizer.axi_downsizer_inst/USE_READ.read_addr_inst/cmd_queue/inst/fifo_gen_inst/inst_fifo_gen/gconvfifo.rf/grf.rf/rstblk/clk
    SLICE_X54Y142        FDRE                                         r  top_i/axi_interconnect_0/s00_couplers/auto_ds/inst/gen_downsizer.gen_simple_downsizer.axi_downsizer_inst/USE_READ.read_addr_inst/cmd_queue/inst/fifo_gen_inst/inst_fifo_gen/gconvfifo.rf/grf.rf/rstblk/ngwrdrst.grst.g7serrst.gnsckt_wrst.gcc_rst.sckt_wr_rst_cc_reg[0]/C
  -------------------------------------------------------------------    -------------------
    SLICE_X54Y142        FDRE (Prop_EFF_SLICEM_C_Q)
                                                      0.038     1.138 f  top_i/axi_interconnect_0/s00_couplers/auto_ds/inst/gen_downsizer.gen_simple_downsizer.axi_downsizer_inst/USE_READ.read_addr_inst/cmd_queue/inst/fifo_gen_inst/inst_fifo_gen/gconvfifo.rf/grf.rf/rstblk/ngwrdrst.grst.g7serrst.gnsckt_wrst.gcc_rst.sckt_wr_rst_cc_reg[0]/Q
                         net (fo=3, routed)           0.028     1.166    top_i/axi_interconnect_0/s00_couplers/auto_ds/inst/gen_downsizer.gen_simple_downsizer.axi_downsizer_inst/USE_READ.read_addr_inst/cmd_queue/inst/fifo_gen_inst/inst_fifo_gen/gconvfifo.rf/grf.rf/rstblk/ngwrdrst.grst.g7serrst.gnsckt_wrst.gcc_rst.sckt_wr_rst_cc[0]
    SLICE_X54Y142        LUT3 (Prop_F6LUT_SLICEM_I1_O)
                                                      0.022     1.188 f  top_i/axi_interconnect_0/s00_couplers/auto_ds/inst/gen_downsizer.gen_simple_downsizer.axi_downsizer_inst/USE_READ.read_addr_inst/cmd_queue/inst/fifo_gen_inst/inst_fifo_gen/gconvfifo.rf/grf.rf/rstblk/gpregsm1.curr_fwft_state[1]_i_2/O
                         net (fo=32, routed)          0.108     1.296    top_i/axi_interconnect_0/s00_couplers/auto_ds/inst/gen_downsizer.gen_simple_downsizer.axi_downsizer_inst/USE_READ.read_addr_inst/cmd_queue/inst/fifo_gen_inst/inst_fifo_gen/gconvfifo.rf/grf.rf/gntv_or_sync_fifo.gl0.rd/gr1.gr1_int.rfwft/gpregsm1.user_valid_reg_0
    SLICE_X53Y142        FDCE                                         f  top_i/axi_interconnect_0/s00_couplers/auto_ds/inst/gen_downsizer.gen_simple_downsizer.axi_downsizer_inst/USE_READ.read_addr_inst/cmd_queue/inst/fifo_gen_inst/inst_fifo_gen/gconvfifo.rf/grf.rf/gntv_or_sync_fifo.gl0.rd/gr1.gr1_int.rfwft/gpregsm1.curr_fwft_state_reg[0]/CLR
  -------------------------------------------------------------------    -------------------

                         (clock clk_pl_0 rise edge)
                                                      0.000     0.000 r  
    PS8_X0Y0             PS8                          0.000     0.000 r  top_i/zynq_ps/inst/PS8_i/PLCLK[0]
                         net (fo=1, routed)           0.154     0.154    top_i/zynq_ps/inst/pl_clk_unbuffered[0]
    BUFG_PS_X0Y80        BUFG_PS (Prop_BUFG_PS_I_O)
                                                      0.018     0.172 r  top_i/zynq_ps/inst/buffer_pl_clk_0.PL_CLK_0_BUFG/O
    X1Y2 (CLOCK_ROOT)    net (fo=61545, routed)       1.084     1.256    top_i/axi_interconnect_0/s00_couplers/auto_ds/inst/gen_downsizer.gen_simple_downsizer.axi_downsizer_inst/USE_READ.read_addr_inst/cmd_queue/inst/fifo_gen_inst/inst_fifo_gen/gconvfifo.rf/grf.rf/gntv_or_sync_fifo.gl0.rd/gr1.gr1_int.rfwft/clk
    SLICE_X53Y142        FDCE                                         r  top_i/axi_interconnect_0/s00_couplers/auto_ds/inst/gen_downsizer.gen_simple_downsizer.axi_downsizer_inst/USE_READ.read_addr_inst/cmd_queue/inst/fifo_gen_inst/inst_fifo_gen/gconvfifo.rf/grf.rf/gntv_or_sync_fifo.gl0.rd/gr1.gr1_int.rfwft/gpregsm1.curr_fwft_state_reg[0]/C
                         clock pessimism             -0.113     1.143    
    SLICE_X53Y142        FDCE (Remov_DFF_SLICEM_C_CLR)
                                                     -0.020     1.123    top_i/axi_interconnect_0/s00_couplers/auto_ds/inst/gen_downsizer.gen_simple_downsizer.axi_downsizer_inst/USE_READ.read_addr_inst/cmd_queue/inst/fifo_gen_inst/inst_fifo_gen/gconvfifo.rf/grf.rf/gntv_or_sync_fifo.gl0.rd/gr1.gr1_int.rfwft/gpregsm1.curr_fwft_state_reg[0]
  -------------------------------------------------------------------
                         required time                         -1.123    
                         arrival time                           1.296    
  -------------------------------------------------------------------
                         slack                                  0.173    

Slack (MET) :             0.173ns  (arrival time - required time)
  Source:                 top_i/axi_interconnect_0/s00_couplers/auto_ds/inst/gen_downsizer.gen_simple_downsizer.axi_downsizer_inst/USE_READ.read_addr_inst/cmd_queue/inst/fifo_gen_inst/inst_fifo_gen/gconvfifo.rf/grf.rf/rstblk/ngwrdrst.grst.g7serrst.gnsckt_wrst.gcc_rst.sckt_wr_rst_cc_reg[0]/C
                            (rising edge-triggered cell FDRE clocked by clk_pl_0  {rise@0.000ns fall@2.667ns period=5.333ns})
  Destination:            top_i/axi_interconnect_0/s00_couplers/auto_ds/inst/gen_downsizer.gen_simple_downsizer.axi_downsizer_inst/USE_READ.read_addr_inst/cmd_queue/inst/fifo_gen_inst/inst_fifo_gen/gconvfifo.rf/grf.rf/gntv_or_sync_fifo.gl0.rd/gr1.gr1_int.rfwft/gpregsm1.curr_fwft_state_reg[1]/CLR
                            (removal check against rising-edge clock clk_pl_0  {rise@0.000ns fall@2.667ns period=5.333ns})
  Path Group:             **async_default**
  Path Type:              Removal (Min at Fast Process Corner)
  Requirement:            0.000ns  (clk_pl_0 rise@0.000ns - clk_pl_0 rise@0.000ns)
  Data Path Delay:        0.196ns  (logic 0.060ns (30.613%)  route 0.136ns (69.387%))
  Logic Levels:           1  (LUT3=1)
  Clock Path Skew:        0.043ns (DCD - SCD - CPR)
    Destination Clock Delay (DCD):    1.256ns
    Source Clock Delay      (SCD):    1.100ns
    Clock Pessimism Removal (CPR):    0.113ns
  Clock Net Delay (Source):      0.961ns (routing 0.311ns, distribution 0.650ns)
  Clock Net Delay (Destination): 1.084ns (routing 0.352ns, distribution 0.732ns)

    Location             Delay type                Incr(ns)  Path(ns)    Netlist Resource(s)
  -------------------------------------------------------------------    -------------------
                         (clock clk_pl_0 rise edge)
                                                      0.000     0.000 r  
    PS8_X0Y0             PS8                          0.000     0.000 r  top_i/zynq_ps/inst/PS8_i/PLCLK[0]
                         net (fo=1, routed)           0.122     0.122    top_i/zynq_ps/inst/pl_clk_unbuffered[0]
    BUFG_PS_X0Y80        BUFG_PS (Prop_BUFG_PS_I_O)
                                                      0.017     0.139 r  top_i/zynq_ps/inst/buffer_pl_clk_0.PL_CLK_0_BUFG/O
    X1Y2 (CLOCK_ROOT)    net (fo=61545, routed)       0.961     1.100    top_i/axi_interconnect_0/s00_couplers/auto_ds/inst/gen_downsizer.gen_simple_downsizer.axi_downsizer_inst/USE_READ.read_addr_inst/cmd_queue/inst/fifo_gen_inst/inst_fifo_gen/gconvfifo.rf/grf.rf/rstblk/clk
    SLICE_X54Y142        FDRE                                         r  top_i/axi_interconnect_0/s00_couplers/auto_ds/inst/gen_downsizer.gen_simple_downsizer.axi_downsizer_inst/USE_READ.read_addr_inst/cmd_queue/inst/fifo_gen_inst/inst_fifo_gen/gconvfifo.rf/grf.rf/rstblk/ngwrdrst.grst.g7serrst.gnsckt_wrst.gcc_rst.sckt_wr_rst_cc_reg[0]/C
  -------------------------------------------------------------------    -------------------
    SLICE_X54Y142        FDRE (Prop_EFF_SLICEM_C_Q)
                                                      0.038     1.138 f  top_i/axi_interconnect_0/s00_couplers/auto_ds/inst/gen_downsizer.gen_simple_downsizer.axi_downsizer_inst/USE_READ.read_addr_inst/cmd_queue/inst/fifo_gen_inst/inst_fifo_gen/gconvfifo.rf/grf.rf/rstblk/ngwrdrst.grst.g7serrst.gnsckt_wrst.gcc_rst.sckt_wr_rst_cc_reg[0]/Q
                         net (fo=3, routed)           0.028     1.166    top_i/axi_interconnect_0/s00_couplers/auto_ds/inst/gen_downsizer.gen_simple_downsizer.axi_downsizer_inst/USE_READ.read_addr_inst/cmd_queue/inst/fifo_gen_inst/inst_fifo_gen/gconvfifo.rf/grf.rf/rstblk/ngwrdrst.grst.g7serrst.gnsckt_wrst.gcc_rst.sckt_wr_rst_cc[0]
    SLICE_X54Y142        LUT3 (Prop_F6LUT_SLICEM_I1_O)
                                                      0.022     1.188 f  top_i/axi_interconnect_0/s00_couplers/auto_ds/inst/gen_downsizer.gen_simple_downsizer.axi_downsizer_inst/USE_READ.read_addr_inst/cmd_queue/inst/fifo_gen_inst/inst_fifo_gen/gconvfifo.rf/grf.rf/rstblk/gpregsm1.curr_fwft_state[1]_i_2/O
                         net (fo=32, routed)          0.108     1.296    top_i/axi_interconnect_0/s00_couplers/auto_ds/inst/gen_downsizer.gen_simple_downsizer.axi_downsizer_inst/USE_READ.read_addr_inst/cmd_queue/inst/fifo_gen_inst/inst_fifo_gen/gconvfifo.rf/grf.rf/gntv_or_sync_fifo.gl0.rd/gr1.gr1_int.rfwft/gpregsm1.user_valid_reg_0
    SLICE_X53Y142        FDCE                                         f  top_i/axi_interconnect_0/s00_couplers/auto_ds/inst/gen_downsizer.gen_simple_downsizer.axi_downsizer_inst/USE_READ.read_addr_inst/cmd_queue/inst/fifo_gen_inst/inst_fifo_gen/gconvfifo.rf/grf.rf/gntv_or_sync_fifo.gl0.rd/gr1.gr1_int.rfwft/gpregsm1.curr_fwft_state_reg[1]/CLR
  -------------------------------------------------------------------    -------------------

                         (clock clk_pl_0 rise edge)
                                                      0.000     0.000 r  
    PS8_X0Y0             PS8                          0.000     0.000 r  top_i/zynq_ps/inst/PS8_i/PLCLK[0]
                         net (fo=1, routed)           0.154     0.154    top_i/zynq_ps/inst/pl_clk_unbuffered[0]
    BUFG_PS_X0Y80        BUFG_PS (Prop_BUFG_PS_I_O)
                                                      0.018     0.172 r  top_i/zynq_ps/inst/buffer_pl_clk_0.PL_CLK_0_BUFG/O
    X1Y2 (CLOCK_ROOT)    net (fo=61545, routed)       1.084     1.256    top_i/axi_interconnect_0/s00_couplers/auto_ds/inst/gen_downsizer.gen_simple_downsizer.axi_downsizer_inst/USE_READ.read_addr_inst/cmd_queue/inst/fifo_gen_inst/inst_fifo_gen/gconvfifo.rf/grf.rf/gntv_or_sync_fifo.gl0.rd/gr1.gr1_int.rfwft/clk
    SLICE_X53Y142        FDCE                                         r  top_i/axi_interconnect_0/s00_couplers/auto_ds/inst/gen_downsizer.gen_simple_downsizer.axi_downsizer_inst/USE_READ.read_addr_inst/cmd_queue/inst/fifo_gen_inst/inst_fifo_gen/gconvfifo.rf/grf.rf/gntv_or_sync_fifo.gl0.rd/gr1.gr1_int.rfwft/gpregsm1.curr_fwft_state_reg[1]/C
                         clock pessimism             -0.113     1.143    
    SLICE_X53Y142        FDCE (Remov_DFF2_SLICEM_C_CLR)
                                                     -0.020     1.123    top_i/axi_interconnect_0/s00_couplers/auto_ds/inst/gen_downsizer.gen_simple_downsizer.axi_downsizer_inst/USE_READ.read_addr_inst/cmd_queue/inst/fifo_gen_inst/inst_fifo_gen/gconvfifo.rf/grf.rf/gntv_or_sync_fifo.gl0.rd/gr1.gr1_int.rfwft/gpregsm1.curr_fwft_state_reg[1]
  -------------------------------------------------------------------
                         required time                         -1.123    
                         arrival time                           1.296    
  -------------------------------------------------------------------
                         slack                                  0.173    

Slack (MET) :             0.173ns  (arrival time - required time)
  Source:                 top_i/axi_interconnect_0/s00_couplers/auto_ds/inst/gen_downsizer.gen_simple_downsizer.axi_downsizer_inst/USE_READ.read_addr_inst/cmd_queue/inst/fifo_gen_inst/inst_fifo_gen/gconvfifo.rf/grf.rf/rstblk/ngwrdrst.grst.g7serrst.gnsckt_wrst.gcc_rst.sckt_wr_rst_cc_reg[0]/C
                            (rising edge-triggered cell FDRE clocked by clk_pl_0  {rise@0.000ns fall@2.667ns period=5.333ns})
  Destination:            top_i/axi_interconnect_0/s00_couplers/auto_ds/inst/gen_downsizer.gen_simple_downsizer.axi_downsizer_inst/USE_READ.read_addr_inst/cmd_queue/inst/fifo_gen_inst/inst_fifo_gen/gconvfifo.rf/grf.rf/gntv_or_sync_fifo.gl0.rd/gr1.gr1_int.rfwft/gpregsm1.user_valid_reg/CLR
                            (removal check against rising-edge clock clk_pl_0  {rise@0.000ns fall@2.667ns period=5.333ns})
  Path Group:             **async_default**
  Path Type:              Removal (Min at Fast Process Corner)
  Requirement:            0.000ns  (clk_pl_0 rise@0.000ns - clk_pl_0 rise@0.000ns)
  Data Path Delay:        0.196ns  (logic 0.060ns (30.613%)  route 0.136ns (69.387%))
  Logic Levels:           1  (LUT3=1)
  Clock Path Skew:        0.043ns (DCD - SCD - CPR)
    Destination Clock Delay (DCD):    1.256ns
    Source Clock Delay      (SCD):    1.100ns
    Clock Pessimism Removal (CPR):    0.113ns
  Clock Net Delay (Source):      0.961ns (routing 0.311ns, distribution 0.650ns)
  Clock Net Delay (Destination): 1.084ns (routing 0.352ns, distribution 0.732ns)

    Location             Delay type                Incr(ns)  Path(ns)    Netlist Resource(s)
  -------------------------------------------------------------------    -------------------
                         (clock clk_pl_0 rise edge)
                                                      0.000     0.000 r  
    PS8_X0Y0             PS8                          0.000     0.000 r  top_i/zynq_ps/inst/PS8_i/PLCLK[0]
                         net (fo=1, routed)           0.122     0.122    top_i/zynq_ps/inst/pl_clk_unbuffered[0]
    BUFG_PS_X0Y80        BUFG_PS (Prop_BUFG_PS_I_O)
                                                      0.017     0.139 r  top_i/zynq_ps/inst/buffer_pl_clk_0.PL_CLK_0_BUFG/O
    X1Y2 (CLOCK_ROOT)    net (fo=61545, routed)       0.961     1.100    top_i/axi_interconnect_0/s00_couplers/auto_ds/inst/gen_downsizer.gen_simple_downsizer.axi_downsizer_inst/USE_READ.read_addr_inst/cmd_queue/inst/fifo_gen_inst/inst_fifo_gen/gconvfifo.rf/grf.rf/rstblk/clk
    SLICE_X54Y142        FDRE                                         r  top_i/axi_interconnect_0/s00_couplers/auto_ds/inst/gen_downsizer.gen_simple_downsizer.axi_downsizer_inst/USE_READ.read_addr_inst/cmd_queue/inst/fifo_gen_inst/inst_fifo_gen/gconvfifo.rf/grf.rf/rstblk/ngwrdrst.grst.g7serrst.gnsckt_wrst.gcc_rst.sckt_wr_rst_cc_reg[0]/C
  -------------------------------------------------------------------    -------------------
    SLICE_X54Y142        FDRE (Prop_EFF_SLICEM_C_Q)
                                                      0.038     1.138 f  top_i/axi_interconnect_0/s00_couplers/auto_ds/inst/gen_downsizer.gen_simple_downsizer.axi_downsizer_inst/USE_READ.read_addr_inst/cmd_queue/inst/fifo_gen_inst/inst_fifo_gen/gconvfifo.rf/grf.rf/rstblk/ngwrdrst.grst.g7serrst.gnsckt_wrst.gcc_rst.sckt_wr_rst_cc_reg[0]/Q
                         net (fo=3, routed)           0.028     1.166    top_i/axi_interconnect_0/s00_couplers/auto_ds/inst/gen_downsizer.gen_simple_downsizer.axi_downsizer_inst/USE_READ.read_addr_inst/cmd_queue/inst/fifo_gen_inst/inst_fifo_gen/gconvfifo.rf/grf.rf/rstblk/ngwrdrst.grst.g7serrst.gnsckt_wrst.gcc_rst.sckt_wr_rst_cc[0]
    SLICE_X54Y142        LUT3 (Prop_F6LUT_SLICEM_I1_O)
                                                      0.022     1.188 f  top_i/axi_interconnect_0/s00_couplers/auto_ds/inst/gen_downsizer.gen_simple_downsizer.axi_downsizer_inst/USE_READ.read_addr_inst/cmd_queue/inst/fifo_gen_inst/inst_fifo_gen/gconvfifo.rf/grf.rf/rstblk/gpregsm1.curr_fwft_state[1]_i_2/O
                         net (fo=32, routed)          0.108     1.296    top_i/axi_interconnect_0/s00_couplers/auto_ds/inst/gen_downsizer.gen_simple_downsizer.axi_downsizer_inst/USE_READ.read_addr_inst/cmd_queue/inst/fifo_gen_inst/inst_fifo_gen/gconvfifo.rf/grf.rf/gntv_or_sync_fifo.gl0.rd/gr1.gr1_int.rfwft/gpregsm1.user_valid_reg_0
    SLICE_X53Y142        FDCE                                         f  top_i/axi_interconnect_0/s00_couplers/auto_ds/inst/gen_downsizer.gen_simple_downsizer.axi_downsizer_inst/USE_READ.read_addr_inst/cmd_queue/inst/fifo_gen_inst/inst_fifo_gen/gconvfifo.rf/grf.rf/gntv_or_sync_fifo.gl0.rd/gr1.gr1_int.rfwft/gpregsm1.user_valid_reg/CLR
  -------------------------------------------------------------------    -------------------

                         (clock clk_pl_0 rise edge)
                                                      0.000     0.000 r  
    PS8_X0Y0             PS8                          0.000     0.000 r  top_i/zynq_ps/inst/PS8_i/PLCLK[0]
                         net (fo=1, routed)           0.154     0.154    top_i/zynq_ps/inst/pl_clk_unbuffered[0]
    BUFG_PS_X0Y80        BUFG_PS (Prop_BUFG_PS_I_O)
                                                      0.018     0.172 r  top_i/zynq_ps/inst/buffer_pl_clk_0.PL_CLK_0_BUFG/O
    X1Y2 (CLOCK_ROOT)    net (fo=61545, routed)       1.084     1.256    top_i/axi_interconnect_0/s00_couplers/auto_ds/inst/gen_downsizer.gen_simple_downsizer.axi_downsizer_inst/USE_READ.read_addr_inst/cmd_queue/inst/fifo_gen_inst/inst_fifo_gen/gconvfifo.rf/grf.rf/gntv_or_sync_fifo.gl0.rd/gr1.gr1_int.rfwft/clk
    SLICE_X53Y142        FDCE                                         r  top_i/axi_interconnect_0/s00_couplers/auto_ds/inst/gen_downsizer.gen_simple_downsizer.axi_downsizer_inst/USE_READ.read_addr_inst/cmd_queue/inst/fifo_gen_inst/inst_fifo_gen/gconvfifo.rf/grf.rf/gntv_or_sync_fifo.gl0.rd/gr1.gr1_int.rfwft/gpregsm1.user_valid_reg/C
                         clock pessimism             -0.113     1.143    
    SLICE_X53Y142        FDCE (Remov_CFF2_SLICEM_C_CLR)
                                                     -0.020     1.123    top_i/axi_interconnect_0/s00_couplers/auto_ds/inst/gen_downsizer.gen_simple_downsizer.axi_downsizer_inst/USE_READ.read_addr_inst/cmd_queue/inst/fifo_gen_inst/inst_fifo_gen/gconvfifo.rf/grf.rf/gntv_or_sync_fifo.gl0.rd/gr1.gr1_int.rfwft/gpregsm1.user_valid_reg
  -------------------------------------------------------------------
                         required time                         -1.123    
                         arrival time                           1.296    
  -------------------------------------------------------------------
                         slack                                  0.173    

Slack (MET) :             0.173ns  (arrival time - required time)
  Source:                 top_i/axi_interconnect_0/s00_couplers/auto_ds/inst/gen_downsizer.gen_simple_downsizer.axi_downsizer_inst/USE_READ.read_addr_inst/cmd_queue/inst/fifo_gen_inst/inst_fifo_gen/gconvfifo.rf/grf.rf/rstblk/ngwrdrst.grst.g7serrst.gnsckt_wrst.gcc_rst.sckt_wr_rst_cc_reg[0]/C
                            (rising edge-triggered cell FDRE clocked by clk_pl_0  {rise@0.000ns fall@2.667ns period=5.333ns})
  Destination:            top_i/axi_interconnect_0/s00_couplers/auto_ds/inst/gen_downsizer.gen_simple_downsizer.axi_downsizer_inst/USE_READ.read_addr_inst/cmd_queue/inst/fifo_gen_inst/inst_fifo_gen/gconvfifo.rf/grf.rf/gntv_or_sync_fifo.gl0.rd/gr1.gr1_int.rfwft/aempty_fwft_fb_i_reg/PRE
                            (removal check against rising-edge clock clk_pl_0  {rise@0.000ns fall@2.667ns period=5.333ns})
  Path Group:             **async_default**
  Path Type:              Removal (Min at Fast Process Corner)
  Requirement:            0.000ns  (clk_pl_0 rise@0.000ns - clk_pl_0 rise@0.000ns)
  Data Path Delay:        0.195ns  (logic 0.060ns (30.770%)  route 0.135ns (69.230%))
  Logic Levels:           1  (LUT3=1)
  Clock Path Skew:        0.042ns (DCD - SCD - CPR)
    Destination Clock Delay (DCD):    1.255ns
    Source Clock Delay      (SCD):    1.100ns
    Clock Pessimism Removal (CPR):    0.113ns
  Clock Net Delay (Source):      0.961ns (routing 0.311ns, distribution 0.650ns)
  Clock Net Delay (Destination): 1.083ns (routing 0.352ns, distribution 0.731ns)

    Location             Delay type                Incr(ns)  Path(ns)    Netlist Resource(s)
  -------------------------------------------------------------------    -------------------
                         (clock clk_pl_0 rise edge)
                                                      0.000     0.000 r  
    PS8_X0Y0             PS8                          0.000     0.000 r  top_i/zynq_ps/inst/PS8_i/PLCLK[0]
                         net (fo=1, routed)           0.122     0.122    top_i/zynq_ps/inst/pl_clk_unbuffered[0]
    BUFG_PS_X0Y80        BUFG_PS (Prop_BUFG_PS_I_O)
                                                      0.017     0.139 r  top_i/zynq_ps/inst/buffer_pl_clk_0.PL_CLK_0_BUFG/O
    X1Y2 (CLOCK_ROOT)    net (fo=61545, routed)       0.961     1.100    top_i/axi_interconnect_0/s00_couplers/auto_ds/inst/gen_downsizer.gen_simple_downsizer.axi_downsizer_inst/USE_READ.read_addr_inst/cmd_queue/inst/fifo_gen_inst/inst_fifo_gen/gconvfifo.rf/grf.rf/rstblk/clk
    SLICE_X54Y142        FDRE                                         r  top_i/axi_interconnect_0/s00_couplers/auto_ds/inst/gen_downsizer.gen_simple_downsizer.axi_downsizer_inst/USE_READ.read_addr_inst/cmd_queue/inst/fifo_gen_inst/inst_fifo_gen/gconvfifo.rf/grf.rf/rstblk/ngwrdrst.grst.g7serrst.gnsckt_wrst.gcc_rst.sckt_wr_rst_cc_reg[0]/C
  -------------------------------------------------------------------    -------------------
    SLICE_X54Y142        FDRE (Prop_EFF_SLICEM_C_Q)
                                                      0.038     1.138 f  top_i/axi_interconnect_0/s00_couplers/auto_ds/inst/gen_downsizer.gen_simple_downsizer.axi_downsizer_inst/USE_READ.read_addr_inst/cmd_queue/inst/fifo_gen_inst/inst_fifo_gen/gconvfifo.rf/grf.rf/rstblk/ngwrdrst.grst.g7serrst.gnsckt_wrst.gcc_rst.sckt_wr_rst_cc_reg[0]/Q
                         net (fo=3, routed)           0.028     1.166    top_i/axi_interconnect_0/s00_couplers/auto_ds/inst/gen_downsizer.gen_simple_downsizer.axi_downsizer_inst/USE_READ.read_addr_inst/cmd_queue/inst/fifo_gen_inst/inst_fifo_gen/gconvfifo.rf/grf.rf/rstblk/ngwrdrst.grst.g7serrst.gnsckt_wrst.gcc_rst.sckt_wr_rst_cc[0]
    SLICE_X54Y142        LUT3 (Prop_F6LUT_SLICEM_I1_O)
                                                      0.022     1.188 f  top_i/axi_interconnect_0/s00_couplers/auto_ds/inst/gen_downsizer.gen_simple_downsizer.axi_downsizer_inst/USE_READ.read_addr_inst/cmd_queue/inst/fifo_gen_inst/inst_fifo_gen/gconvfifo.rf/grf.rf/rstblk/gpregsm1.curr_fwft_state[1]_i_2/O
                         net (fo=32, routed)          0.107     1.295    top_i/axi_interconnect_0/s00_couplers/auto_ds/inst/gen_downsizer.gen_simple_downsizer.axi_downsizer_inst/USE_READ.read_addr_inst/cmd_queue/inst/fifo_gen_inst/inst_fifo_gen/gconvfifo.rf/grf.rf/gntv_or_sync_fifo.gl0.rd/gr1.gr1_int.rfwft/gpregsm1.user_valid_reg_0
    SLICE_X53Y142        FDPE                                         f  top_i/axi_interconnect_0/s00_couplers/auto_ds/inst/gen_downsizer.gen_simple_downsizer.axi_downsizer_inst/USE_READ.read_addr_inst/cmd_queue/inst/fifo_gen_inst/inst_fifo_gen/gconvfifo.rf/grf.rf/gntv_or_sync_fifo.gl0.rd/gr1.gr1_int.rfwft/aempty_fwft_fb_i_reg/PRE
  -------------------------------------------------------------------    -------------------

                         (clock clk_pl_0 rise edge)
                                                      0.000     0.000 r  
    PS8_X0Y0             PS8                          0.000     0.000 r  top_i/zynq_ps/inst/PS8_i/PLCLK[0]
                         net (fo=1, routed)           0.154     0.154    top_i/zynq_ps/inst/pl_clk_unbuffered[0]
    BUFG_PS_X0Y80        BUFG_PS (Prop_BUFG_PS_I_O)
                                                      0.018     0.172 r  top_i/zynq_ps/inst/buffer_pl_clk_0.PL_CLK_0_BUFG/O
    X1Y2 (CLOCK_ROOT)    net (fo=61545, routed)       1.083     1.255    top_i/axi_interconnect_0/s00_couplers/auto_ds/inst/gen_downsizer.gen_simple_downsizer.axi_downsizer_inst/USE_READ.read_addr_inst/cmd_queue/inst/fifo_gen_inst/inst_fifo_gen/gconvfifo.rf/grf.rf/gntv_or_sync_fifo.gl0.rd/gr1.gr1_int.rfwft/clk
    SLICE_X53Y142        FDPE                                         r  top_i/axi_interconnect_0/s00_couplers/auto_ds/inst/gen_downsizer.gen_simple_downsizer.axi_downsizer_inst/USE_READ.read_addr_inst/cmd_queue/inst/fifo_gen_inst/inst_fifo_gen/gconvfifo.rf/grf.rf/gntv_or_sync_fifo.gl0.rd/gr1.gr1_int.rfwft/aempty_fwft_fb_i_reg/C
                         clock pessimism             -0.113     1.142    
    SLICE_X53Y142        FDPE (Remov_EFF_SLICEM_C_PRE)
                                                     -0.020     1.122    top_i/axi_interconnect_0/s00_couplers/auto_ds/inst/gen_downsizer.gen_simple_downsizer.axi_downsizer_inst/USE_READ.read_addr_inst/cmd_queue/inst/fifo_gen_inst/inst_fifo_gen/gconvfifo.rf/grf.rf/gntv_or_sync_fifo.gl0.rd/gr1.gr1_int.rfwft/aempty_fwft_fb_i_reg
  -------------------------------------------------------------------
                         required time                         -1.122    
                         arrival time                           1.295    
  -------------------------------------------------------------------
                         slack                                  0.173    

Slack (MET) :             0.173ns  (arrival time - required time)
  Source:                 top_i/axi_interconnect_0/s00_couplers/auto_ds/inst/gen_downsizer.gen_simple_downsizer.axi_downsizer_inst/USE_READ.read_addr_inst/cmd_queue/inst/fifo_gen_inst/inst_fifo_gen/gconvfifo.rf/grf.rf/rstblk/ngwrdrst.grst.g7serrst.gnsckt_wrst.gcc_rst.sckt_wr_rst_cc_reg[0]/C
                            (rising edge-triggered cell FDRE clocked by clk_pl_0  {rise@0.000ns fall@2.667ns period=5.333ns})
  Destination:            top_i/axi_interconnect_0/s00_couplers/auto_ds/inst/gen_downsizer.gen_simple_downsizer.axi_downsizer_inst/USE_READ.read_addr_inst/cmd_queue/inst/fifo_gen_inst/inst_fifo_gen/gconvfifo.rf/grf.rf/gntv_or_sync_fifo.gl0.rd/gr1.gr1_int.rfwft/aempty_fwft_i_reg/PRE
                            (removal check against rising-edge clock clk_pl_0  {rise@0.000ns fall@2.667ns period=5.333ns})
  Path Group:             **async_default**
  Path Type:              Removal (Min at Fast Process Corner)
  Requirement:            0.000ns  (clk_pl_0 rise@0.000ns - clk_pl_0 rise@0.000ns)
  Data Path Delay:        0.195ns  (logic 0.060ns (30.770%)  route 0.135ns (69.230%))
  Logic Levels:           1  (LUT3=1)
  Clock Path Skew:        0.042ns (DCD - SCD - CPR)
    Destination Clock Delay (DCD):    1.255ns
    Source Clock Delay      (SCD):    1.100ns
    Clock Pessimism Removal (CPR):    0.113ns
  Clock Net Delay (Source):      0.961ns (routing 0.311ns, distribution 0.650ns)
  Clock Net Delay (Destination): 1.083ns (routing 0.352ns, distribution 0.731ns)

    Location             Delay type                Incr(ns)  Path(ns)    Netlist Resource(s)
  -------------------------------------------------------------------    -------------------
                         (clock clk_pl_0 rise edge)
                                                      0.000     0.000 r  
    PS8_X0Y0             PS8                          0.000     0.000 r  top_i/zynq_ps/inst/PS8_i/PLCLK[0]
                         net (fo=1, routed)           0.122     0.122    top_i/zynq_ps/inst/pl_clk_unbuffered[0]
    BUFG_PS_X0Y80        BUFG_PS (Prop_BUFG_PS_I_O)
                                                      0.017     0.139 r  top_i/zynq_ps/inst/buffer_pl_clk_0.PL_CLK_0_BUFG/O
    X1Y2 (CLOCK_ROOT)    net (fo=61545, routed)       0.961     1.100    top_i/axi_interconnect_0/s00_couplers/auto_ds/inst/gen_downsizer.gen_simple_downsizer.axi_downsizer_inst/USE_READ.read_addr_inst/cmd_queue/inst/fifo_gen_inst/inst_fifo_gen/gconvfifo.rf/grf.rf/rstblk/clk
    SLICE_X54Y142        FDRE                                         r  top_i/axi_interconnect_0/s00_couplers/auto_ds/inst/gen_downsizer.gen_simple_downsizer.axi_downsizer_inst/USE_READ.read_addr_inst/cmd_queue/inst/fifo_gen_inst/inst_fifo_gen/gconvfifo.rf/grf.rf/rstblk/ngwrdrst.grst.g7serrst.gnsckt_wrst.gcc_rst.sckt_wr_rst_cc_reg[0]/C
  -------------------------------------------------------------------    -------------------
    SLICE_X54Y142        FDRE (Prop_EFF_SLICEM_C_Q)
                                                      0.038     1.138 f  top_i/axi_interconnect_0/s00_couplers/auto_ds/inst/gen_downsizer.gen_simple_downsizer.axi_downsizer_inst/USE_READ.read_addr_inst/cmd_queue/inst/fifo_gen_inst/inst_fifo_gen/gconvfifo.rf/grf.rf/rstblk/ngwrdrst.grst.g7serrst.gnsckt_wrst.gcc_rst.sckt_wr_rst_cc_reg[0]/Q
                         net (fo=3, routed)           0.028     1.166    top_i/axi_interconnect_0/s00_couplers/auto_ds/inst/gen_downsizer.gen_simple_downsizer.axi_downsizer_inst/USE_READ.read_addr_inst/cmd_queue/inst/fifo_gen_inst/inst_fifo_gen/gconvfifo.rf/grf.rf/rstblk/ngwrdrst.grst.g7serrst.gnsckt_wrst.gcc_rst.sckt_wr_rst_cc[0]
    SLICE_X54Y142        LUT3 (Prop_F6LUT_SLICEM_I1_O)
                                                      0.022     1.188 f  top_i/axi_interconnect_0/s00_couplers/auto_ds/inst/gen_downsizer.gen_simple_downsizer.axi_downsizer_inst/USE_READ.read_addr_inst/cmd_queue/inst/fifo_gen_inst/inst_fifo_gen/gconvfifo.rf/grf.rf/rstblk/gpregsm1.curr_fwft_state[1]_i_2/O
                         net (fo=32, routed)          0.107     1.295    top_i/axi_interconnect_0/s00_couplers/auto_ds/inst/gen_downsizer.gen_simple_downsizer.axi_downsizer_inst/USE_READ.read_addr_inst/cmd_queue/inst/fifo_gen_inst/inst_fifo_gen/gconvfifo.rf/grf.rf/gntv_or_sync_fifo.gl0.rd/gr1.gr1_int.rfwft/gpregsm1.user_valid_reg_0
    SLICE_X53Y142        FDPE                                         f  top_i/axi_interconnect_0/s00_couplers/auto_ds/inst/gen_downsizer.gen_simple_downsizer.axi_downsizer_inst/USE_READ.read_addr_inst/cmd_queue/inst/fifo_gen_inst/inst_fifo_gen/gconvfifo.rf/grf.rf/gntv_or_sync_fifo.gl0.rd/gr1.gr1_int.rfwft/aempty_fwft_i_reg/PRE
  -------------------------------------------------------------------    -------------------

                         (clock clk_pl_0 rise edge)
                                                      0.000     0.000 r  
    PS8_X0Y0             PS8                          0.000     0.000 r  top_i/zynq_ps/inst/PS8_i/PLCLK[0]
                         net (fo=1, routed)           0.154     0.154    top_i/zynq_ps/inst/pl_clk_unbuffered[0]
    BUFG_PS_X0Y80        BUFG_PS (Prop_BUFG_PS_I_O)
                                                      0.018     0.172 r  top_i/zynq_ps/inst/buffer_pl_clk_0.PL_CLK_0_BUFG/O
    X1Y2 (CLOCK_ROOT)    net (fo=61545, routed)       1.083     1.255    top_i/axi_interconnect_0/s00_couplers/auto_ds/inst/gen_downsizer.gen_simple_downsizer.axi_downsizer_inst/USE_READ.read_addr_inst/cmd_queue/inst/fifo_gen_inst/inst_fifo_gen/gconvfifo.rf/grf.rf/gntv_or_sync_fifo.gl0.rd/gr1.gr1_int.rfwft/clk
    SLICE_X53Y142        FDPE                                         r  top_i/axi_interconnect_0/s00_couplers/auto_ds/inst/gen_downsizer.gen_simple_downsizer.axi_downsizer_inst/USE_READ.read_addr_inst/cmd_queue/inst/fifo_gen_inst/inst_fifo_gen/gconvfifo.rf/grf.rf/gntv_or_sync_fifo.gl0.rd/gr1.gr1_int.rfwft/aempty_fwft_i_reg/C
                         clock pessimism             -0.113     1.142    
    SLICE_X53Y142        FDPE (Remov_EFF2_SLICEM_C_PRE)
                                                     -0.020     1.122    top_i/axi_interconnect_0/s00_couplers/auto_ds/inst/gen_downsizer.gen_simple_downsizer.axi_downsizer_inst/USE_READ.read_addr_inst/cmd_queue/inst/fifo_gen_inst/inst_fifo_gen/gconvfifo.rf/grf.rf/gntv_or_sync_fifo.gl0.rd/gr1.gr1_int.rfwft/aempty_fwft_i_reg
  -------------------------------------------------------------------
                         required time                         -1.122    
                         arrival time                           1.295    
  -------------------------------------------------------------------
                         slack                                  0.173    

Slack (MET) :             0.173ns  (arrival time - required time)
  Source:                 top_i/axi_interconnect_0/s00_couplers/auto_ds/inst/gen_downsizer.gen_simple_downsizer.axi_downsizer_inst/USE_READ.read_addr_inst/cmd_queue/inst/fifo_gen_inst/inst_fifo_gen/gconvfifo.rf/grf.rf/rstblk/ngwrdrst.grst.g7serrst.gnsckt_wrst.gcc_rst.sckt_wr_rst_cc_reg[0]/C
                            (rising edge-triggered cell FDRE clocked by clk_pl_0  {rise@0.000ns fall@2.667ns period=5.333ns})
  Destination:            top_i/axi_interconnect_0/s00_couplers/auto_ds/inst/gen_downsizer.gen_simple_downsizer.axi_downsizer_inst/USE_READ.read_addr_inst/cmd_queue/inst/fifo_gen_inst/inst_fifo_gen/gconvfifo.rf/grf.rf/gntv_or_sync_fifo.gl0.rd/gr1.gr1_int.rfwft/empty_fwft_fb_i_reg/PRE
                            (removal check against rising-edge clock clk_pl_0  {rise@0.000ns fall@2.667ns period=5.333ns})
  Path Group:             **async_default**
  Path Type:              Removal (Min at Fast Process Corner)
  Requirement:            0.000ns  (clk_pl_0 rise@0.000ns - clk_pl_0 rise@0.000ns)
  Data Path Delay:        0.195ns  (logic 0.060ns (30.770%)  route 0.135ns (69.230%))
  Logic Levels:           1  (LUT3=1)
  Clock Path Skew:        0.042ns (DCD - SCD - CPR)
    Destination Clock Delay (DCD):    1.255ns
    Source Clock Delay      (SCD):    1.100ns
    Clock Pessimism Removal (CPR):    0.113ns
  Clock Net Delay (Source):      0.961ns (routing 0.311ns, distribution 0.650ns)
  Clock Net Delay (Destination): 1.083ns (routing 0.352ns, distribution 0.731ns)

    Location             Delay type                Incr(ns)  Path(ns)    Netlist Resource(s)
  -------------------------------------------------------------------    -------------------
                         (clock clk_pl_0 rise edge)
                                                      0.000     0.000 r  
    PS8_X0Y0             PS8                          0.000     0.000 r  top_i/zynq_ps/inst/PS8_i/PLCLK[0]
                         net (fo=1, routed)           0.122     0.122    top_i/zynq_ps/inst/pl_clk_unbuffered[0]
    BUFG_PS_X0Y80        BUFG_PS (Prop_BUFG_PS_I_O)
                                                      0.017     0.139 r  top_i/zynq_ps/inst/buffer_pl_clk_0.PL_CLK_0_BUFG/O
    X1Y2 (CLOCK_ROOT)    net (fo=61545, routed)       0.961     1.100    top_i/axi_interconnect_0/s00_couplers/auto_ds/inst/gen_downsizer.gen_simple_downsizer.axi_downsizer_inst/USE_READ.read_addr_inst/cmd_queue/inst/fifo_gen_inst/inst_fifo_gen/gconvfifo.rf/grf.rf/rstblk/clk
    SLICE_X54Y142        FDRE                                         r  top_i/axi_interconnect_0/s00_couplers/auto_ds/inst/gen_downsizer.gen_simple_downsizer.axi_downsizer_inst/USE_READ.read_addr_inst/cmd_queue/inst/fifo_gen_inst/inst_fifo_gen/gconvfifo.rf/grf.rf/rstblk/ngwrdrst.grst.g7serrst.gnsckt_wrst.gcc_rst.sckt_wr_rst_cc_reg[0]/C
  -------------------------------------------------------------------    -------------------
    SLICE_X54Y142        FDRE (Prop_EFF_SLICEM_C_Q)
                                                      0.038     1.138 f  top_i/axi_interconnect_0/s00_couplers/auto_ds/inst/gen_downsizer.gen_simple_downsizer.axi_downsizer_inst/USE_READ.read_addr_inst/cmd_queue/inst/fifo_gen_inst/inst_fifo_gen/gconvfifo.rf/grf.rf/rstblk/ngwrdrst.grst.g7serrst.gnsckt_wrst.gcc_rst.sckt_wr_rst_cc_reg[0]/Q
                         net (fo=3, routed)           0.028     1.166    top_i/axi_interconnect_0/s00_couplers/auto_ds/inst/gen_downsizer.gen_simple_downsizer.axi_downsizer_inst/USE_READ.read_addr_inst/cmd_queue/inst/fifo_gen_inst/inst_fifo_gen/gconvfifo.rf/grf.rf/rstblk/ngwrdrst.grst.g7serrst.gnsckt_wrst.gcc_rst.sckt_wr_rst_cc[0]
    SLICE_X54Y142        LUT3 (Prop_F6LUT_SLICEM_I1_O)
                                                      0.022     1.188 f  top_i/axi_interconnect_0/s00_couplers/auto_ds/inst/gen_downsizer.gen_simple_downsizer.axi_downsizer_inst/USE_READ.read_addr_inst/cmd_queue/inst/fifo_gen_inst/inst_fifo_gen/gconvfifo.rf/grf.rf/rstblk/gpregsm1.curr_fwft_state[1]_i_2/O
                         net (fo=32, routed)          0.107     1.295    top_i/axi_interconnect_0/s00_couplers/auto_ds/inst/gen_downsizer.gen_simple_downsizer.axi_downsizer_inst/USE_READ.read_addr_inst/cmd_queue/inst/fifo_gen_inst/inst_fifo_gen/gconvfifo.rf/grf.rf/gntv_or_sync_fifo.gl0.rd/gr1.gr1_int.rfwft/gpregsm1.user_valid_reg_0
    SLICE_X53Y142        FDPE                                         f  top_i/axi_interconnect_0/s00_couplers/auto_ds/inst/gen_downsizer.gen_simple_downsizer.axi_downsizer_inst/USE_READ.read_addr_inst/cmd_queue/inst/fifo_gen_inst/inst_fifo_gen/gconvfifo.rf/grf.rf/gntv_or_sync_fifo.gl0.rd/gr1.gr1_int.rfwft/empty_fwft_fb_i_reg/PRE
  -------------------------------------------------------------------    -------------------

                         (clock clk_pl_0 rise edge)
                                                      0.000     0.000 r  
    PS8_X0Y0             PS8                          0.000     0.000 r  top_i/zynq_ps/inst/PS8_i/PLCLK[0]
                         net (fo=1, routed)           0.154     0.154    top_i/zynq_ps/inst/pl_clk_unbuffered[0]
    BUFG_PS_X0Y80        BUFG_PS (Prop_BUFG_PS_I_O)
                                                      0.018     0.172 r  top_i/zynq_ps/inst/buffer_pl_clk_0.PL_CLK_0_BUFG/O
    X1Y2 (CLOCK_ROOT)    net (fo=61545, routed)       1.083     1.255    top_i/axi_interconnect_0/s00_couplers/auto_ds/inst/gen_downsizer.gen_simple_downsizer.axi_downsizer_inst/USE_READ.read_addr_inst/cmd_queue/inst/fifo_gen_inst/inst_fifo_gen/gconvfifo.rf/grf.rf/gntv_or_sync_fifo.gl0.rd/gr1.gr1_int.rfwft/clk
    SLICE_X53Y142        FDPE                                         r  top_i/axi_interconnect_0/s00_couplers/auto_ds/inst/gen_downsizer.gen_simple_downsizer.axi_downsizer_inst/USE_READ.read_addr_inst/cmd_queue/inst/fifo_gen_inst/inst_fifo_gen/gconvfifo.rf/grf.rf/gntv_or_sync_fifo.gl0.rd/gr1.gr1_int.rfwft/empty_fwft_fb_i_reg/C
                         clock pessimism             -0.113     1.142    
    SLICE_X53Y142        FDPE (Remov_FFF_SLICEM_C_PRE)
                                                     -0.020     1.122    top_i/axi_interconnect_0/s00_couplers/auto_ds/inst/gen_downsizer.gen_simple_downsizer.axi_downsizer_inst/USE_READ.read_addr_inst/cmd_queue/inst/fifo_gen_inst/inst_fifo_gen/gconvfifo.rf/grf.rf/gntv_or_sync_fifo.gl0.rd/gr1.gr1_int.rfwft/empty_fwft_fb_i_reg
  -------------------------------------------------------------------
                         required time                         -1.122    
                         arrival time                           1.295    
  -------------------------------------------------------------------
                         slack                                  0.173    

Slack (MET) :             0.173ns  (arrival time - required time)
  Source:                 top_i/axi_interconnect_0/s00_couplers/auto_ds/inst/gen_downsizer.gen_simple_downsizer.axi_downsizer_inst/USE_READ.read_addr_inst/cmd_queue/inst/fifo_gen_inst/inst_fifo_gen/gconvfifo.rf/grf.rf/rstblk/ngwrdrst.grst.g7serrst.gnsckt_wrst.gcc_rst.sckt_wr_rst_cc_reg[0]/C
                            (rising edge-triggered cell FDRE clocked by clk_pl_0  {rise@0.000ns fall@2.667ns period=5.333ns})
  Destination:            top_i/axi_interconnect_0/s00_couplers/auto_ds/inst/gen_downsizer.gen_simple_downsizer.axi_downsizer_inst/USE_READ.read_addr_inst/cmd_queue/inst/fifo_gen_inst/inst_fifo_gen/gconvfifo.rf/grf.rf/gntv_or_sync_fifo.gl0.rd/gr1.gr1_int.rfwft/empty_fwft_i_reg/PRE
                            (removal check against rising-edge clock clk_pl_0  {rise@0.000ns fall@2.667ns period=5.333ns})
  Path Group:             **async_default**
  Path Type:              Removal (Min at Fast Process Corner)
  Requirement:            0.000ns  (clk_pl_0 rise@0.000ns - clk_pl_0 rise@0.000ns)
  Data Path Delay:        0.195ns  (logic 0.060ns (30.770%)  route 0.135ns (69.230%))
  Logic Levels:           1  (LUT3=1)
  Clock Path Skew:        0.042ns (DCD - SCD - CPR)
    Destination Clock Delay (DCD):    1.255ns
    Source Clock Delay      (SCD):    1.100ns
    Clock Pessimism Removal (CPR):    0.113ns
  Clock Net Delay (Source):      0.961ns (routing 0.311ns, distribution 0.650ns)
  Clock Net Delay (Destination): 1.083ns (routing 0.352ns, distribution 0.731ns)

    Location             Delay type                Incr(ns)  Path(ns)    Netlist Resource(s)
  -------------------------------------------------------------------    -------------------
                         (clock clk_pl_0 rise edge)
                                                      0.000     0.000 r  
    PS8_X0Y0             PS8                          0.000     0.000 r  top_i/zynq_ps/inst/PS8_i/PLCLK[0]
                         net (fo=1, routed)           0.122     0.122    top_i/zynq_ps/inst/pl_clk_unbuffered[0]
    BUFG_PS_X0Y80        BUFG_PS (Prop_BUFG_PS_I_O)
                                                      0.017     0.139 r  top_i/zynq_ps/inst/buffer_pl_clk_0.PL_CLK_0_BUFG/O
    X1Y2 (CLOCK_ROOT)    net (fo=61545, routed)       0.961     1.100    top_i/axi_interconnect_0/s00_couplers/auto_ds/inst/gen_downsizer.gen_simple_downsizer.axi_downsizer_inst/USE_READ.read_addr_inst/cmd_queue/inst/fifo_gen_inst/inst_fifo_gen/gconvfifo.rf/grf.rf/rstblk/clk
    SLICE_X54Y142        FDRE                                         r  top_i/axi_interconnect_0/s00_couplers/auto_ds/inst/gen_downsizer.gen_simple_downsizer.axi_downsizer_inst/USE_READ.read_addr_inst/cmd_queue/inst/fifo_gen_inst/inst_fifo_gen/gconvfifo.rf/grf.rf/rstblk/ngwrdrst.grst.g7serrst.gnsckt_wrst.gcc_rst.sckt_wr_rst_cc_reg[0]/C
  -------------------------------------------------------------------    -------------------
    SLICE_X54Y142        FDRE (Prop_EFF_SLICEM_C_Q)
                                                      0.038     1.138 f  top_i/axi_interconnect_0/s00_couplers/auto_ds/inst/gen_downsizer.gen_simple_downsizer.axi_downsizer_inst/USE_READ.read_addr_inst/cmd_queue/inst/fifo_gen_inst/inst_fifo_gen/gconvfifo.rf/grf.rf/rstblk/ngwrdrst.grst.g7serrst.gnsckt_wrst.gcc_rst.sckt_wr_rst_cc_reg[0]/Q
                         net (fo=3, routed)           0.028     1.166    top_i/axi_interconnect_0/s00_couplers/auto_ds/inst/gen_downsizer.gen_simple_downsizer.axi_downsizer_inst/USE_READ.read_addr_inst/cmd_queue/inst/fifo_gen_inst/inst_fifo_gen/gconvfifo.rf/grf.rf/rstblk/ngwrdrst.grst.g7serrst.gnsckt_wrst.gcc_rst.sckt_wr_rst_cc[0]
    SLICE_X54Y142        LUT3 (Prop_F6LUT_SLICEM_I1_O)
                                                      0.022     1.188 f  top_i/axi_interconnect_0/s00_couplers/auto_ds/inst/gen_downsizer.gen_simple_downsizer.axi_downsizer_inst/USE_READ.read_addr_inst/cmd_queue/inst/fifo_gen_inst/inst_fifo_gen/gconvfifo.rf/grf.rf/rstblk/gpregsm1.curr_fwft_state[1]_i_2/O
                         net (fo=32, routed)          0.107     1.295    top_i/axi_interconnect_0/s00_couplers/auto_ds/inst/gen_downsizer.gen_simple_downsizer.axi_downsizer_inst/USE_READ.read_addr_inst/cmd_queue/inst/fifo_gen_inst/inst_fifo_gen/gconvfifo.rf/grf.rf/gntv_or_sync_fifo.gl0.rd/gr1.gr1_int.rfwft/gpregsm1.user_valid_reg_0
    SLICE_X53Y142        FDPE                                         f  top_i/axi_interconnect_0/s00_couplers/auto_ds/inst/gen_downsizer.gen_simple_downsizer.axi_downsizer_inst/USE_READ.read_addr_inst/cmd_queue/inst/fifo_gen_inst/inst_fifo_gen/gconvfifo.rf/grf.rf/gntv_or_sync_fifo.gl0.rd/gr1.gr1_int.rfwft/empty_fwft_i_reg/PRE
  -------------------------------------------------------------------    -------------------

                         (clock clk_pl_0 rise edge)
                                                      0.000     0.000 r  
    PS8_X0Y0             PS8                          0.000     0.000 r  top_i/zynq_ps/inst/PS8_i/PLCLK[0]
                         net (fo=1, routed)           0.154     0.154    top_i/zynq_ps/inst/pl_clk_unbuffered[0]
    BUFG_PS_X0Y80        BUFG_PS (Prop_BUFG_PS_I_O)
                                                      0.018     0.172 r  top_i/zynq_ps/inst/buffer_pl_clk_0.PL_CLK_0_BUFG/O
    X1Y2 (CLOCK_ROOT)    net (fo=61545, routed)       1.083     1.255    top_i/axi_interconnect_0/s00_couplers/auto_ds/inst/gen_downsizer.gen_simple_downsizer.axi_downsizer_inst/USE_READ.read_addr_inst/cmd_queue/inst/fifo_gen_inst/inst_fifo_gen/gconvfifo.rf/grf.rf/gntv_or_sync_fifo.gl0.rd/gr1.gr1_int.rfwft/clk
    SLICE_X53Y142        FDPE                                         r  top_i/axi_interconnect_0/s00_couplers/auto_ds/inst/gen_downsizer.gen_simple_downsizer.axi_downsizer_inst/USE_READ.read_addr_inst/cmd_queue/inst/fifo_gen_inst/inst_fifo_gen/gconvfifo.rf/grf.rf/gntv_or_sync_fifo.gl0.rd/gr1.gr1_int.rfwft/empty_fwft_i_reg/C
                         clock pessimism             -0.113     1.142    
    SLICE_X53Y142        FDPE (Remov_FFF2_SLICEM_C_PRE)
                                                     -0.020     1.122    top_i/axi_interconnect_0/s00_couplers/auto_ds/inst/gen_downsizer.gen_simple_downsizer.axi_downsizer_inst/USE_READ.read_addr_inst/cmd_queue/inst/fifo_gen_inst/inst_fifo_gen/gconvfifo.rf/grf.rf/gntv_or_sync_fifo.gl0.rd/gr1.gr1_int.rfwft/empty_fwft_i_reg
  -------------------------------------------------------------------
                         required time                         -1.122    
                         arrival time                           1.295    
  -------------------------------------------------------------------
                         slack                                  0.173    

Slack (MET) :             0.194ns  (arrival time - required time)
  Source:                 top_i/axi_interconnect_0/s00_couplers/auto_ds/inst/gen_downsizer.gen_simple_downsizer.axi_downsizer_inst/USE_WRITE.write_addr_inst/USE_B_CHANNEL.cmd_b_queue/inst/fifo_gen_inst/inst_fifo_gen/gconvfifo.rf/grf.rf/rstblk/ngwrdrst.grst.g7serrst.gnsckt_wrst.rst_wr_reg2_inst/arststages_ff_reg[1]/C
                            (rising edge-triggered cell FDPE clocked by clk_pl_0  {rise@0.000ns fall@2.667ns period=5.333ns})
  Destination:            top_i/axi_interconnect_0/s00_couplers/auto_ds/inst/gen_downsizer.gen_simple_downsizer.axi_downsizer_inst/USE_WRITE.write_addr_inst/USE_B_CHANNEL.cmd_b_queue/inst/fifo_gen_inst/inst_fifo_gen/gconvfifo.rf/grf.rf/gntv_or_sync_fifo.gl0.rd/gr1.gr1_int.rfwft/empty_fwft_fb_o_i_reg/PRE
                            (removal check against rising-edge clock clk_pl_0  {rise@0.000ns fall@2.667ns period=5.333ns})
  Path Group:             **async_default**
  Path Type:              Removal (Min at Fast Process Corner)
  Requirement:            0.000ns  (clk_pl_0 rise@0.000ns - clk_pl_0 rise@0.000ns)
  Data Path Delay:        0.212ns  (logic 0.053ns (25.017%)  route 0.159ns (74.983%))
  Logic Levels:           1  (LUT3=1)
  Clock Path Skew:        0.038ns (DCD - SCD - CPR)
    Destination Clock Delay (DCD):    1.278ns
    Source Clock Delay      (SCD):    1.123ns
    Clock Pessimism Removal (CPR):    0.118ns
  Clock Net Delay (Source):      0.984ns (routing 0.311ns, distribution 0.673ns)
  Clock Net Delay (Destination): 1.106ns (routing 0.352ns, distribution 0.754ns)

    Location             Delay type                Incr(ns)  Path(ns)    Netlist Resource(s)
  -------------------------------------------------------------------    -------------------
                         (clock clk_pl_0 rise edge)
                                                      0.000     0.000 r  
    PS8_X0Y0             PS8                          0.000     0.000 r  top_i/zynq_ps/inst/PS8_i/PLCLK[0]
                         net (fo=1, routed)           0.122     0.122    top_i/zynq_ps/inst/pl_clk_unbuffered[0]
    BUFG_PS_X0Y80        BUFG_PS (Prop_BUFG_PS_I_O)
                                                      0.017     0.139 r  top_i/zynq_ps/inst/buffer_pl_clk_0.PL_CLK_0_BUFG/O
    X1Y2 (CLOCK_ROOT)    net (fo=61545, routed)       0.984     1.123    top_i/axi_interconnect_0/s00_couplers/auto_ds/inst/gen_downsizer.gen_simple_downsizer.axi_downsizer_inst/USE_WRITE.write_addr_inst/USE_B_CHANNEL.cmd_b_queue/inst/fifo_gen_inst/inst_fifo_gen/gconvfifo.rf/grf.rf/rstblk/ngwrdrst.grst.g7serrst.gnsckt_wrst.rst_wr_reg2_inst/dest_clk
    SLICE_X57Y106        FDPE                                         r  top_i/axi_interconnect_0/s00_couplers/auto_ds/inst/gen_downsizer.gen_simple_downsizer.axi_downsizer_inst/USE_WRITE.write_addr_inst/USE_B_CHANNEL.cmd_b_queue/inst/fifo_gen_inst/inst_fifo_gen/gconvfifo.rf/grf.rf/rstblk/ngwrdrst.grst.g7serrst.gnsckt_wrst.rst_wr_reg2_inst/arststages_ff_reg[1]/C
  -------------------------------------------------------------------    -------------------
    SLICE_X57Y106        FDPE (Prop_AFF2_SLICEM_C_Q)
                                                      0.039     1.162 f  top_i/axi_interconnect_0/s00_couplers/auto_ds/inst/gen_downsizer.gen_simple_downsizer.axi_downsizer_inst/USE_WRITE.write_addr_inst/USE_B_CHANNEL.cmd_b_queue/inst/fifo_gen_inst/inst_fifo_gen/gconvfifo.rf/grf.rf/rstblk/ngwrdrst.grst.g7serrst.gnsckt_wrst.rst_wr_reg2_inst/arststages_ff_reg[1]/Q
                         net (fo=3, routed)           0.054     1.216    top_i/axi_interconnect_0/s00_couplers/auto_ds/inst/gen_downsizer.gen_simple_downsizer.axi_downsizer_inst/USE_WRITE.write_addr_inst/USE_B_CHANNEL.cmd_b_queue/inst/fifo_gen_inst/inst_fifo_gen/gconvfifo.rf/grf.rf/rstblk/ngwrdrst.rst_wr_reg2
    SLICE_X57Y105        LUT3 (Prop_F6LUT_SLICEM_I2_O)
                                                      0.014     1.230 f  top_i/axi_interconnect_0/s00_couplers/auto_ds/inst/gen_downsizer.gen_simple_downsizer.axi_downsizer_inst/USE_WRITE.write_addr_inst/USE_B_CHANNEL.cmd_b_queue/inst/fifo_gen_inst/inst_fifo_gen/gconvfifo.rf/grf.rf/rstblk/gpregsm1.curr_fwft_state[1]_i_2/O
                         net (fo=32, routed)          0.105     1.334    top_i/axi_interconnect_0/s00_couplers/auto_ds/inst/gen_downsizer.gen_simple_downsizer.axi_downsizer_inst/USE_WRITE.write_addr_inst/USE_B_CHANNEL.cmd_b_queue/inst/fifo_gen_inst/inst_fifo_gen/gconvfifo.rf/grf.rf/gntv_or_sync_fifo.gl0.rd/gr1.gr1_int.rfwft/gpregsm1.user_valid_reg_0
    SLICE_X56Y105        FDPE                                         f  top_i/axi_interconnect_0/s00_couplers/auto_ds/inst/gen_downsizer.gen_simple_downsizer.axi_downsizer_inst/USE_WRITE.write_addr_inst/USE_B_CHANNEL.cmd_b_queue/inst/fifo_gen_inst/inst_fifo_gen/gconvfifo.rf/grf.rf/gntv_or_sync_fifo.gl0.rd/gr1.gr1_int.rfwft/empty_fwft_fb_o_i_reg/PRE
  -------------------------------------------------------------------    -------------------

                         (clock clk_pl_0 rise edge)
                                                      0.000     0.000 r  
    PS8_X0Y0             PS8                          0.000     0.000 r  top_i/zynq_ps/inst/PS8_i/PLCLK[0]
                         net (fo=1, routed)           0.154     0.154    top_i/zynq_ps/inst/pl_clk_unbuffered[0]
    BUFG_PS_X0Y80        BUFG_PS (Prop_BUFG_PS_I_O)
                                                      0.018     0.172 r  top_i/zynq_ps/inst/buffer_pl_clk_0.PL_CLK_0_BUFG/O
    X1Y2 (CLOCK_ROOT)    net (fo=61545, routed)       1.106     1.278    top_i/axi_interconnect_0/s00_couplers/auto_ds/inst/gen_downsizer.gen_simple_downsizer.axi_downsizer_inst/USE_WRITE.write_addr_inst/USE_B_CHANNEL.cmd_b_queue/inst/fifo_gen_inst/inst_fifo_gen/gconvfifo.rf/grf.rf/gntv_or_sync_fifo.gl0.rd/gr1.gr1_int.rfwft/clk
    SLICE_X56Y105        FDPE                                         r  top_i/axi_interconnect_0/s00_couplers/auto_ds/inst/gen_downsizer.gen_simple_downsizer.axi_downsizer_inst/USE_WRITE.write_addr_inst/USE_B_CHANNEL.cmd_b_queue/inst/fifo_gen_inst/inst_fifo_gen/gconvfifo.rf/grf.rf/gntv_or_sync_fifo.gl0.rd/gr1.gr1_int.rfwft/empty_fwft_fb_o_i_reg/C
                         clock pessimism             -0.118     1.160    
    SLICE_X56Y105        FDPE (Remov_DFF2_SLICEM_C_PRE)
                                                     -0.020     1.140    top_i/axi_interconnect_0/s00_couplers/auto_ds/inst/gen_downsizer.gen_simple_downsizer.axi_downsizer_inst/USE_WRITE.write_addr_inst/USE_B_CHANNEL.cmd_b_queue/inst/fifo_gen_inst/inst_fifo_gen/gconvfifo.rf/grf.rf/gntv_or_sync_fifo.gl0.rd/gr1.gr1_int.rfwft/empty_fwft_fb_o_i_reg
  -------------------------------------------------------------------
                         required time                         -1.140    
                         arrival time                           1.334    
  -------------------------------------------------------------------
                         slack                                  0.194    

Slack (MET) :             0.220ns  (arrival time - required time)
  Source:                 top_i/axi_interconnect_0/s00_couplers/auto_ds/inst/gen_downsizer.gen_simple_downsizer.axi_downsizer_inst/USE_READ.read_addr_inst/cmd_queue/inst/fifo_gen_inst/inst_fifo_gen/gconvfifo.rf/grf.rf/rstblk/ngwrdrst.grst.g7serrst.gnsckt_wrst.gcc_rst.sckt_wr_rst_cc_reg[0]/C
                            (rising edge-triggered cell FDRE clocked by clk_pl_0  {rise@0.000ns fall@2.667ns period=5.333ns})
  Destination:            top_i/axi_interconnect_0/s00_couplers/auto_ds/inst/gen_downsizer.gen_simple_downsizer.axi_downsizer_inst/USE_READ.read_addr_inst/cmd_queue/inst/fifo_gen_inst/inst_fifo_gen/gconvfifo.rf/grf.rf/gntv_or_sync_fifo.gl0.rd/grss.rsts/ram_empty_fb_i_reg/PRE
                            (removal check against rising-edge clock clk_pl_0  {rise@0.000ns fall@2.667ns period=5.333ns})
  Path Group:             **async_default**
  Path Type:              Removal (Min at Fast Process Corner)
  Requirement:            0.000ns  (clk_pl_0 rise@0.000ns - clk_pl_0 rise@0.000ns)
  Data Path Delay:        0.238ns  (logic 0.060ns (25.163%)  route 0.178ns (74.837%))
  Logic Levels:           1  (LUT3=1)
  Clock Path Skew:        0.038ns (DCD - SCD - CPR)
    Destination Clock Delay (DCD):    1.251ns
    Source Clock Delay      (SCD):    1.100ns
    Clock Pessimism Removal (CPR):    0.113ns
  Clock Net Delay (Source):      0.961ns (routing 0.311ns, distribution 0.650ns)
  Clock Net Delay (Destination): 1.079ns (routing 0.352ns, distribution 0.727ns)

    Location             Delay type                Incr(ns)  Path(ns)    Netlist Resource(s)
  -------------------------------------------------------------------    -------------------
                         (clock clk_pl_0 rise edge)
                                                      0.000     0.000 r  
    PS8_X0Y0             PS8                          0.000     0.000 r  top_i/zynq_ps/inst/PS8_i/PLCLK[0]
                         net (fo=1, routed)           0.122     0.122    top_i/zynq_ps/inst/pl_clk_unbuffered[0]
    BUFG_PS_X0Y80        BUFG_PS (Prop_BUFG_PS_I_O)
                                                      0.017     0.139 r  top_i/zynq_ps/inst/buffer_pl_clk_0.PL_CLK_0_BUFG/O
    X1Y2 (CLOCK_ROOT)    net (fo=61545, routed)       0.961     1.100    top_i/axi_interconnect_0/s00_couplers/auto_ds/inst/gen_downsizer.gen_simple_downsizer.axi_downsizer_inst/USE_READ.read_addr_inst/cmd_queue/inst/fifo_gen_inst/inst_fifo_gen/gconvfifo.rf/grf.rf/rstblk/clk
    SLICE_X54Y142        FDRE                                         r  top_i/axi_interconnect_0/s00_couplers/auto_ds/inst/gen_downsizer.gen_simple_downsizer.axi_downsizer_inst/USE_READ.read_addr_inst/cmd_queue/inst/fifo_gen_inst/inst_fifo_gen/gconvfifo.rf/grf.rf/rstblk/ngwrdrst.grst.g7serrst.gnsckt_wrst.gcc_rst.sckt_wr_rst_cc_reg[0]/C
  -------------------------------------------------------------------    -------------------
    SLICE_X54Y142        FDRE (Prop_EFF_SLICEM_C_Q)
                                                      0.038     1.138 f  top_i/axi_interconnect_0/s00_couplers/auto_ds/inst/gen_downsizer.gen_simple_downsizer.axi_downsizer_inst/USE_READ.read_addr_inst/cmd_queue/inst/fifo_gen_inst/inst_fifo_gen/gconvfifo.rf/grf.rf/rstblk/ngwrdrst.grst.g7serrst.gnsckt_wrst.gcc_rst.sckt_wr_rst_cc_reg[0]/Q
                         net (fo=3, routed)           0.028     1.166    top_i/axi_interconnect_0/s00_couplers/auto_ds/inst/gen_downsizer.gen_simple_downsizer.axi_downsizer_inst/USE_READ.read_addr_inst/cmd_queue/inst/fifo_gen_inst/inst_fifo_gen/gconvfifo.rf/grf.rf/rstblk/ngwrdrst.grst.g7serrst.gnsckt_wrst.gcc_rst.sckt_wr_rst_cc[0]
    SLICE_X54Y142        LUT3 (Prop_F6LUT_SLICEM_I1_O)
                                                      0.022     1.188 f  top_i/axi_interconnect_0/s00_couplers/auto_ds/inst/gen_downsizer.gen_simple_downsizer.axi_downsizer_inst/USE_READ.read_addr_inst/cmd_queue/inst/fifo_gen_inst/inst_fifo_gen/gconvfifo.rf/grf.rf/rstblk/gpregsm1.curr_fwft_state[1]_i_2/O
                         net (fo=32, routed)          0.150     1.339    top_i/axi_interconnect_0/s00_couplers/auto_ds/inst/gen_downsizer.gen_simple_downsizer.axi_downsizer_inst/USE_READ.read_addr_inst/cmd_queue/inst/fifo_gen_inst/inst_fifo_gen/gconvfifo.rf/grf.rf/gntv_or_sync_fifo.gl0.rd/grss.rsts/ram_empty_i_reg_1
    SLICE_X52Y141        FDPE                                         f  top_i/axi_interconnect_0/s00_couplers/auto_ds/inst/gen_downsizer.gen_simple_downsizer.axi_downsizer_inst/USE_READ.read_addr_inst/cmd_queue/inst/fifo_gen_inst/inst_fifo_gen/gconvfifo.rf/grf.rf/gntv_or_sync_fifo.gl0.rd/grss.rsts/ram_empty_fb_i_reg/PRE
  -------------------------------------------------------------------    -------------------

                         (clock clk_pl_0 rise edge)
                                                      0.000     0.000 r  
    PS8_X0Y0             PS8                          0.000     0.000 r  top_i/zynq_ps/inst/PS8_i/PLCLK[0]
                         net (fo=1, routed)           0.154     0.154    top_i/zynq_ps/inst/pl_clk_unbuffered[0]
    BUFG_PS_X0Y80        BUFG_PS (Prop_BUFG_PS_I_O)
                                                      0.018     0.172 r  top_i/zynq_ps/inst/buffer_pl_clk_0.PL_CLK_0_BUFG/O
    X1Y2 (CLOCK_ROOT)    net (fo=61545, routed)       1.079     1.251    top_i/axi_interconnect_0/s00_couplers/auto_ds/inst/gen_downsizer.gen_simple_downsizer.axi_downsizer_inst/USE_READ.read_addr_inst/cmd_queue/inst/fifo_gen_inst/inst_fifo_gen/gconvfifo.rf/grf.rf/gntv_or_sync_fifo.gl0.rd/grss.rsts/clk
    SLICE_X52Y141        FDPE                                         r  top_i/axi_interconnect_0/s00_couplers/auto_ds/inst/gen_downsizer.gen_simple_downsizer.axi_downsizer_inst/USE_READ.read_addr_inst/cmd_queue/inst/fifo_gen_inst/inst_fifo_gen/gconvfifo.rf/grf.rf/gntv_or_sync_fifo.gl0.rd/grss.rsts/ram_empty_fb_i_reg/C
                         clock pessimism             -0.113     1.138    
    SLICE_X52Y141        FDPE (Remov_EFF_SLICEL_C_PRE)
                                                     -0.020     1.118    top_i/axi_interconnect_0/s00_couplers/auto_ds/inst/gen_downsizer.gen_simple_downsizer.axi_downsizer_inst/USE_READ.read_addr_inst/cmd_queue/inst/fifo_gen_inst/inst_fifo_gen/gconvfifo.rf/grf.rf/gntv_or_sync_fifo.gl0.rd/grss.rsts/ram_empty_fb_i_reg
  -------------------------------------------------------------------
                         required time                         -1.118    
                         arrival time                           1.339    
  -------------------------------------------------------------------
                         slack                                  0.220    

Slack (MET) :             0.220ns  (arrival time - required time)
  Source:                 top_i/axi_interconnect_0/s00_couplers/auto_ds/inst/gen_downsizer.gen_simple_downsizer.axi_downsizer_inst/USE_READ.read_addr_inst/cmd_queue/inst/fifo_gen_inst/inst_fifo_gen/gconvfifo.rf/grf.rf/rstblk/ngwrdrst.grst.g7serrst.gnsckt_wrst.gcc_rst.sckt_wr_rst_cc_reg[0]/C
                            (rising edge-triggered cell FDRE clocked by clk_pl_0  {rise@0.000ns fall@2.667ns period=5.333ns})
  Destination:            top_i/axi_interconnect_0/s00_couplers/auto_ds/inst/gen_downsizer.gen_simple_downsizer.axi_downsizer_inst/USE_READ.read_addr_inst/cmd_queue/inst/fifo_gen_inst/inst_fifo_gen/gconvfifo.rf/grf.rf/gntv_or_sync_fifo.gl0.rd/grss.rsts/ram_empty_i_reg/PRE
                            (removal check against rising-edge clock clk_pl_0  {rise@0.000ns fall@2.667ns period=5.333ns})
  Path Group:             **async_default**
  Path Type:              Removal (Min at Fast Process Corner)
  Requirement:            0.000ns  (clk_pl_0 rise@0.000ns - clk_pl_0 rise@0.000ns)
  Data Path Delay:        0.238ns  (logic 0.060ns (25.163%)  route 0.178ns (74.837%))
  Logic Levels:           1  (LUT3=1)
  Clock Path Skew:        0.038ns (DCD - SCD - CPR)
    Destination Clock Delay (DCD):    1.251ns
    Source Clock Delay      (SCD):    1.100ns
    Clock Pessimism Removal (CPR):    0.113ns
  Clock Net Delay (Source):      0.961ns (routing 0.311ns, distribution 0.650ns)
  Clock Net Delay (Destination): 1.079ns (routing 0.352ns, distribution 0.727ns)

    Location             Delay type                Incr(ns)  Path(ns)    Netlist Resource(s)
  -------------------------------------------------------------------    -------------------
                         (clock clk_pl_0 rise edge)
                                                      0.000     0.000 r  
    PS8_X0Y0             PS8                          0.000     0.000 r  top_i/zynq_ps/inst/PS8_i/PLCLK[0]
                         net (fo=1, routed)           0.122     0.122    top_i/zynq_ps/inst/pl_clk_unbuffered[0]
    BUFG_PS_X0Y80        BUFG_PS (Prop_BUFG_PS_I_O)
                                                      0.017     0.139 r  top_i/zynq_ps/inst/buffer_pl_clk_0.PL_CLK_0_BUFG/O
    X1Y2 (CLOCK_ROOT)    net (fo=61545, routed)       0.961     1.100    top_i/axi_interconnect_0/s00_couplers/auto_ds/inst/gen_downsizer.gen_simple_downsizer.axi_downsizer_inst/USE_READ.read_addr_inst/cmd_queue/inst/fifo_gen_inst/inst_fifo_gen/gconvfifo.rf/grf.rf/rstblk/clk
    SLICE_X54Y142        FDRE                                         r  top_i/axi_interconnect_0/s00_couplers/auto_ds/inst/gen_downsizer.gen_simple_downsizer.axi_downsizer_inst/USE_READ.read_addr_inst/cmd_queue/inst/fifo_gen_inst/inst_fifo_gen/gconvfifo.rf/grf.rf/rstblk/ngwrdrst.grst.g7serrst.gnsckt_wrst.gcc_rst.sckt_wr_rst_cc_reg[0]/C
  -------------------------------------------------------------------    -------------------
    SLICE_X54Y142        FDRE (Prop_EFF_SLICEM_C_Q)
                                                      0.038     1.138 f  top_i/axi_interconnect_0/s00_couplers/auto_ds/inst/gen_downsizer.gen_simple_downsizer.axi_downsizer_inst/USE_READ.read_addr_inst/cmd_queue/inst/fifo_gen_inst/inst_fifo_gen/gconvfifo.rf/grf.rf/rstblk/ngwrdrst.grst.g7serrst.gnsckt_wrst.gcc_rst.sckt_wr_rst_cc_reg[0]/Q
                         net (fo=3, routed)           0.028     1.166    top_i/axi_interconnect_0/s00_couplers/auto_ds/inst/gen_downsizer.gen_simple_downsizer.axi_downsizer_inst/USE_READ.read_addr_inst/cmd_queue/inst/fifo_gen_inst/inst_fifo_gen/gconvfifo.rf/grf.rf/rstblk/ngwrdrst.grst.g7serrst.gnsckt_wrst.gcc_rst.sckt_wr_rst_cc[0]
    SLICE_X54Y142        LUT3 (Prop_F6LUT_SLICEM_I1_O)
                                                      0.022     1.188 f  top_i/axi_interconnect_0/s00_couplers/auto_ds/inst/gen_downsizer.gen_simple_downsizer.axi_downsizer_inst/USE_READ.read_addr_inst/cmd_queue/inst/fifo_gen_inst/inst_fifo_gen/gconvfifo.rf/grf.rf/rstblk/gpregsm1.curr_fwft_state[1]_i_2/O
                         net (fo=32, routed)          0.150     1.339    top_i/axi_interconnect_0/s00_couplers/auto_ds/inst/gen_downsizer.gen_simple_downsizer.axi_downsizer_inst/USE_READ.read_addr_inst/cmd_queue/inst/fifo_gen_inst/inst_fifo_gen/gconvfifo.rf/grf.rf/gntv_or_sync_fifo.gl0.rd/grss.rsts/ram_empty_i_reg_1
    SLICE_X52Y141        FDPE                                         f  top_i/axi_interconnect_0/s00_couplers/auto_ds/inst/gen_downsizer.gen_simple_downsizer.axi_downsizer_inst/USE_READ.read_addr_inst/cmd_queue/inst/fifo_gen_inst/inst_fifo_gen/gconvfifo.rf/grf.rf/gntv_or_sync_fifo.gl0.rd/grss.rsts/ram_empty_i_reg/PRE
  -------------------------------------------------------------------    -------------------

                         (clock clk_pl_0 rise edge)
                                                      0.000     0.000 r  
    PS8_X0Y0             PS8                          0.000     0.000 r  top_i/zynq_ps/inst/PS8_i/PLCLK[0]
                         net (fo=1, routed)           0.154     0.154    top_i/zynq_ps/inst/pl_clk_unbuffered[0]
    BUFG_PS_X0Y80        BUFG_PS (Prop_BUFG_PS_I_O)
                                                      0.018     0.172 r  top_i/zynq_ps/inst/buffer_pl_clk_0.PL_CLK_0_BUFG/O
    X1Y2 (CLOCK_ROOT)    net (fo=61545, routed)       1.079     1.251    top_i/axi_interconnect_0/s00_couplers/auto_ds/inst/gen_downsizer.gen_simple_downsizer.axi_downsizer_inst/USE_READ.read_addr_inst/cmd_queue/inst/fifo_gen_inst/inst_fifo_gen/gconvfifo.rf/grf.rf/gntv_or_sync_fifo.gl0.rd/grss.rsts/clk
    SLICE_X52Y141        FDPE                                         r  top_i/axi_interconnect_0/s00_couplers/auto_ds/inst/gen_downsizer.gen_simple_downsizer.axi_downsizer_inst/USE_READ.read_addr_inst/cmd_queue/inst/fifo_gen_inst/inst_fifo_gen/gconvfifo.rf/grf.rf/gntv_or_sync_fifo.gl0.rd/grss.rsts/ram_empty_i_reg/C
                         clock pessimism             -0.113     1.138    
    SLICE_X52Y141        FDPE (Remov_EFF2_SLICEL_C_PRE)
                                                     -0.020     1.118    top_i/axi_interconnect_0/s00_couplers/auto_ds/inst/gen_downsizer.gen_simple_downsizer.axi_downsizer_inst/USE_READ.read_addr_inst/cmd_queue/inst/fifo_gen_inst/inst_fifo_gen/gconvfifo.rf/grf.rf/gntv_or_sync_fifo.gl0.rd/grss.rsts/ram_empty_i_reg
  -------------------------------------------------------------------
                         required time                         -1.118    
                         arrival time                           1.339    
  -------------------------------------------------------------------
                         slack                                  0.220    





--------------------------------------------------------------------------------------
Path Group:  (none)
From Clock:  
  To Clock:  clk_pl_0

Max Delay             1 Endpoint
Min Delay             1 Endpoint
--------------------------------------------------------------------------------------


Max Delay Paths
--------------------------------------------------------------------------------------
Slack:                    inf
  Source:                 top_i/zynq_ps/inst/PS8_i/EMIOGPIOO[95]
                            (internal pin)
  Destination:            top_i/rst_zynq_ps_187M/U0/EXT_LPF/ACTIVE_LOW_EXT.ACT_LO_EXT/GENERATE_LEVEL_P_S_CDC.SINGLE_BIT.CROSS_PLEVEL_IN2SCNDRY_IN_cdc_to/D
                            (rising edge-triggered cell FDRE clocked by clk_pl_0  {rise@0.000ns fall@2.667ns period=5.333ns})
  Path Group:             (none)
  Path Type:              Setup (Max at Slow Process Corner)
  Data Path Delay:        0.944ns  (logic 0.152ns (16.102%)  route 0.792ns (83.898%))
  Logic Levels:           1  (LUT1=1)
  Clock Uncertainty:      0.109ns  ((TSJ^2 + DJ^2)^1/2) / 2 + PE
    Total System Jitter     (TSJ):    0.050ns
    Discrete Jitter          (DJ):    0.213ns
    Phase Error              (PE):    0.000ns
  Clock Net Delay (Destination): 1.731ns (routing 0.512ns, distribution 1.219ns)
  Timing Exception:       False Path

    Location             Delay type                Incr(ns)  Path(ns)    Netlist Resource(s)
  -------------------------------------------------------------------    -------------------
    PS8_X0Y0             PS8                          0.000     0.000 f  top_i/zynq_ps/inst/PS8_i/EMIOGPIOO[95]
                         net (fo=1, routed)           0.508     0.508    top_i/rst_zynq_ps_187M/U0/EXT_LPF/ACTIVE_LOW_EXT.ACT_LO_EXT/ext_reset_in
    SLICE_X23Y243        LUT1 (Prop_H6LUT_SLICEM_I0_O)
                                                      0.152     0.660 r  top_i/rst_zynq_ps_187M/U0/EXT_LPF/ACTIVE_LOW_EXT.ACT_LO_EXT/GENERATE_LEVEL_P_S_CDC.SINGLE_BIT.CROSS_PLEVEL_IN2SCNDRY_IN_cdc_to_i_1/O
                         net (fo=1, routed)           0.284     0.944    top_i/rst_zynq_ps_187M/U0/EXT_LPF/ACTIVE_LOW_EXT.ACT_LO_EXT/exr_d1
    SLICE_X23Y243        FDRE                                         r  top_i/rst_zynq_ps_187M/U0/EXT_LPF/ACTIVE_LOW_EXT.ACT_LO_EXT/GENERATE_LEVEL_P_S_CDC.SINGLE_BIT.CROSS_PLEVEL_IN2SCNDRY_IN_cdc_to/D
  -------------------------------------------------------------------    -------------------

                         (clock clk_pl_0 rise edge)
                                                      0.000     0.000 r  
    PS8_X0Y0             PS8                          0.000     0.000 r  top_i/zynq_ps/inst/PS8_i/PLCLK[0]
                         net (fo=1, routed)           0.143     0.143    top_i/zynq_ps/inst/pl_clk_unbuffered[0]
    BUFG_PS_X0Y80        BUFG_PS (Prop_BUFG_PS_I_O)
                                                      0.025     0.168 r  top_i/zynq_ps/inst/buffer_pl_clk_0.PL_CLK_0_BUFG/O
    X1Y2 (CLOCK_ROOT)    net (fo=61545, routed)       1.731     1.899    top_i/rst_zynq_ps_187M/U0/EXT_LPF/ACTIVE_LOW_EXT.ACT_LO_EXT/slowest_sync_clk
    SLICE_X23Y243        FDRE                                         r  top_i/rst_zynq_ps_187M/U0/EXT_LPF/ACTIVE_LOW_EXT.ACT_LO_EXT/GENERATE_LEVEL_P_S_CDC.SINGLE_BIT.CROSS_PLEVEL_IN2SCNDRY_IN_cdc_to/C





Min Delay Paths
--------------------------------------------------------------------------------------
Slack:                    inf
  Source:                 top_i/zynq_ps/inst/PS8_i/EMIOGPIOO[95]
                            (internal pin)
  Destination:            top_i/rst_zynq_ps_187M/U0/EXT_LPF/ACTIVE_LOW_EXT.ACT_LO_EXT/GENERATE_LEVEL_P_S_CDC.SINGLE_BIT.CROSS_PLEVEL_IN2SCNDRY_IN_cdc_to/D
                            (rising edge-triggered cell FDRE clocked by clk_pl_0  {rise@0.000ns fall@2.667ns period=5.333ns})
  Path Group:             (none)
  Path Type:              Hold (Min at Fast Process Corner)
  Data Path Delay:        0.442ns  (logic 0.061ns (13.801%)  route 0.381ns (86.199%))
  Logic Levels:           1  (LUT1=1)
  Clock Uncertainty:      0.109ns  ((TSJ^2 + DJ^2)^1/2) / 2 + PE
    Total System Jitter     (TSJ):    0.050ns
    Discrete Jitter          (DJ):    0.213ns
    Phase Error              (PE):    0.000ns
  Clock Net Delay (Destination): 1.220ns (routing 0.352ns, distribution 0.868ns)
  Timing Exception:       False Path

    Location             Delay type                Incr(ns)  Path(ns)    Netlist Resource(s)
  -------------------------------------------------------------------    -------------------
    PS8_X0Y0             PS8                          0.000     0.000 f  top_i/zynq_ps/inst/PS8_i/EMIOGPIOO[95]
                         net (fo=1, routed)           0.266     0.266    top_i/rst_zynq_ps_187M/U0/EXT_LPF/ACTIVE_LOW_EXT.ACT_LO_EXT/ext_reset_in
    SLICE_X23Y243        LUT1 (Prop_H6LUT_SLICEM_I0_O)
                                                      0.061     0.327 r  top_i/rst_zynq_ps_187M/U0/EXT_LPF/ACTIVE_LOW_EXT.ACT_LO_EXT/GENERATE_LEVEL_P_S_CDC.SINGLE_BIT.CROSS_PLEVEL_IN2SCNDRY_IN_cdc_to_i_1/O
                         net (fo=1, routed)           0.115     0.442    top_i/rst_zynq_ps_187M/U0/EXT_LPF/ACTIVE_LOW_EXT.ACT_LO_EXT/exr_d1
    SLICE_X23Y243        FDRE                                         r  top_i/rst_zynq_ps_187M/U0/EXT_LPF/ACTIVE_LOW_EXT.ACT_LO_EXT/GENERATE_LEVEL_P_S_CDC.SINGLE_BIT.CROSS_PLEVEL_IN2SCNDRY_IN_cdc_to/D
  -------------------------------------------------------------------    -------------------

                         (clock clk_pl_0 rise edge)
                                                      0.000     0.000 r  
    PS8_X0Y0             PS8                          0.000     0.000 r  top_i/zynq_ps/inst/PS8_i/PLCLK[0]
                         net (fo=1, routed)           0.154     0.154    top_i/zynq_ps/inst/pl_clk_unbuffered[0]
    BUFG_PS_X0Y80        BUFG_PS (Prop_BUFG_PS_I_O)
                                                      0.018     0.172 r  top_i/zynq_ps/inst/buffer_pl_clk_0.PL_CLK_0_BUFG/O
    X1Y2 (CLOCK_ROOT)    net (fo=61545, routed)       1.220     1.392    top_i/rst_zynq_ps_187M/U0/EXT_LPF/ACTIVE_LOW_EXT.ACT_LO_EXT/slowest_sync_clk
    SLICE_X23Y243        FDRE                                         r  top_i/rst_zynq_ps_187M/U0/EXT_LPF/ACTIVE_LOW_EXT.ACT_LO_EXT/GENERATE_LEVEL_P_S_CDC.SINGLE_BIT.CROSS_PLEVEL_IN2SCNDRY_IN_cdc_to/C





--------------------------------------------------------------------------------------
Path Group:  (none)
From Clock:  clk_pl_0
  To Clock:  clk_pl_0

Max Delay            82 Endpoints
Min Delay            82 Endpoints
--------------------------------------------------------------------------------------


Max Delay Paths
--------------------------------------------------------------------------------------
Slack:                    inf
  Source:                 top_i/rst_zynq_ps_187M/U0/ACTIVE_LOW_PR_OUT_DFF[0].FDRE_PER_N/C
                            (rising edge-triggered cell FDRE clocked by clk_pl_0  {rise@0.000ns fall@2.667ns period=5.333ns})
  Destination:            top_i/smartconnect_0/inst/clk_map/psr_aclk/U0/EXT_LPF/ACTIVE_LOW_AUX.ACT_LO_AUX/GENERATE_LEVEL_P_S_CDC.SINGLE_BIT.CROSS_PLEVEL_IN2SCNDRY_IN_cdc_to/D
                            (rising edge-triggered cell FDRE clocked by clk_pl_0  {rise@0.000ns fall@2.667ns period=5.333ns})
  Path Group:             (none)
  Path Type:              Setup (Max at Slow Process Corner)
  Data Path Delay:        2.940ns  (logic 0.199ns (6.768%)  route 2.741ns (93.232%))
  Logic Levels:           1  (LUT1=1)
  Clock Path Skew:        -0.418ns (DCD - SCD + CPR)
    Destination Clock Delay (DCD):    1.752ns
    Source Clock Delay      (SCD):    2.170ns
    Clock Pessimism Removal (CPR):    0.000ns
  Clock Uncertainty:      0.112ns  ((TSJ^2 + DJ^2)^1/2) / 2 + PE
    Total System Jitter     (TSJ):    0.071ns
    Discrete Jitter          (DJ):    0.213ns
    Phase Error              (PE):    0.000ns
  Clock Net Delay (Source):      1.962ns (routing 0.569ns, distribution 1.393ns)
  Clock Net Delay (Destination): 1.584ns (routing 0.512ns, distribution 1.072ns)
  Timing Exception:       False Path

    Location             Delay type                Incr(ns)  Path(ns)    Netlist Resource(s)
  -------------------------------------------------------------------    -------------------
                         (clock clk_pl_0 rise edge)
                                                      0.000     0.000 r  
    PS8_X0Y0             PS8                          0.000     0.000 r  top_i/zynq_ps/inst/PS8_i/PLCLK[0]
                         net (fo=1, routed)           0.180     0.180    top_i/zynq_ps/inst/pl_clk_unbuffered[0]
    BUFG_PS_X0Y80        BUFG_PS (Prop_BUFG_PS_I_O)
                                                      0.028     0.208 r  top_i/zynq_ps/inst/buffer_pl_clk_0.PL_CLK_0_BUFG/O
    X1Y2 (CLOCK_ROOT)    net (fo=61545, routed)       1.962     2.170    top_i/rst_zynq_ps_187M/U0/slowest_sync_clk
    SLICE_X23Y243        FDRE                                         r  top_i/rst_zynq_ps_187M/U0/ACTIVE_LOW_PR_OUT_DFF[0].FDRE_PER_N/C
  -------------------------------------------------------------------    -------------------
    SLICE_X23Y243        FDRE (Prop_EFF_SLICEM_C_Q)
                                                      0.076     2.246 f  top_i/rst_zynq_ps_187M/U0/ACTIVE_LOW_PR_OUT_DFF[0].FDRE_PER_N/Q
                         net (fo=15, routed)          2.476     4.722    top_i/smartconnect_0/inst/clk_map/psr_aclk/U0/EXT_LPF/ACTIVE_LOW_AUX.ACT_LO_AUX/aresetn
    SLICE_X57Y25         LUT1 (Prop_G6LUT_SLICEM_I0_O)
                                                      0.123     4.845 r  top_i/smartconnect_0/inst/clk_map/psr_aclk/U0/EXT_LPF/ACTIVE_LOW_AUX.ACT_LO_AUX/GENERATE_LEVEL_P_S_CDC.SINGLE_BIT.CROSS_PLEVEL_IN2SCNDRY_IN_cdc_to_i_1/O
                         net (fo=1, routed)           0.265     5.110    top_i/smartconnect_0/inst/clk_map/psr_aclk/U0/EXT_LPF/ACTIVE_LOW_AUX.ACT_LO_AUX/asr_d1
    SLICE_X57Y25         FDRE                                         r  top_i/smartconnect_0/inst/clk_map/psr_aclk/U0/EXT_LPF/ACTIVE_LOW_AUX.ACT_LO_AUX/GENERATE_LEVEL_P_S_CDC.SINGLE_BIT.CROSS_PLEVEL_IN2SCNDRY_IN_cdc_to/D
  -------------------------------------------------------------------    -------------------

                         (clock clk_pl_0 rise edge)
                                                      0.000     0.000 r  
    PS8_X0Y0             PS8                          0.000     0.000 r  top_i/zynq_ps/inst/PS8_i/PLCLK[0]
                         net (fo=1, routed)           0.143     0.143    top_i/zynq_ps/inst/pl_clk_unbuffered[0]
    BUFG_PS_X0Y80        BUFG_PS (Prop_BUFG_PS_I_O)
                                                      0.025     0.168 r  top_i/zynq_ps/inst/buffer_pl_clk_0.PL_CLK_0_BUFG/O
    X1Y2 (CLOCK_ROOT)    net (fo=61545, routed)       1.584     1.752    top_i/smartconnect_0/inst/clk_map/psr_aclk/U0/EXT_LPF/ACTIVE_LOW_AUX.ACT_LO_AUX/aclk
    SLICE_X57Y25         FDRE                                         r  top_i/smartconnect_0/inst/clk_map/psr_aclk/U0/EXT_LPF/ACTIVE_LOW_AUX.ACT_LO_AUX/GENERATE_LEVEL_P_S_CDC.SINGLE_BIT.CROSS_PLEVEL_IN2SCNDRY_IN_cdc_to/C

Slack:                    inf
  Source:                 top_i/rst_zynq_ps_187M/U0/ACTIVE_LOW_PR_OUT_DFF[0].FDRE_PER_N/C
                            (rising edge-triggered cell FDRE clocked by clk_pl_0  {rise@0.000ns fall@2.667ns period=5.333ns})
  Destination:            top_i/StreamingDataflowPartition_1/inst/StreamingDataflowPartition_1_StreamingFIFO_rtl_11/fifo/inst/gen_fifo.xpm_fifo_axis_inst/gaxis_rst_sync.xpm_cdc_sync_rst_inst/syncstages_ff_reg[0]/D
                            (rising edge-triggered cell FDRE clocked by clk_pl_0  {rise@0.000ns fall@2.667ns period=5.333ns})
  Path Group:             (none)
  Path Type:              Setup (Max at Slow Process Corner)
  Data Path Delay:        2.877ns  (logic 0.126ns (4.380%)  route 2.751ns (95.620%))
  Logic Levels:           1  (LUT1=1)
  Clock Path Skew:        -0.126ns (DCD - SCD + CPR)
    Destination Clock Delay (DCD):    2.043ns
    Source Clock Delay      (SCD):    2.170ns
    Clock Pessimism Removal (CPR):    0.000ns
  Clock Uncertainty:      0.112ns  ((TSJ^2 + DJ^2)^1/2) / 2 + PE
    Total System Jitter     (TSJ):    0.071ns
    Discrete Jitter          (DJ):    0.213ns
    Phase Error              (PE):    0.000ns
  Clock Net Delay (Source):      1.962ns (routing 0.569ns, distribution 1.393ns)
  Clock Net Delay (Destination): 1.875ns (routing 0.512ns, distribution 1.363ns)
  Timing Exception:       False Path

    Location             Delay type                Incr(ns)  Path(ns)    Netlist Resource(s)
  -------------------------------------------------------------------    -------------------
                         (clock clk_pl_0 rise edge)
                                                      0.000     0.000 r  
    PS8_X0Y0             PS8                          0.000     0.000 r  top_i/zynq_ps/inst/PS8_i/PLCLK[0]
                         net (fo=1, routed)           0.180     0.180    top_i/zynq_ps/inst/pl_clk_unbuffered[0]
    BUFG_PS_X0Y80        BUFG_PS (Prop_BUFG_PS_I_O)
                                                      0.028     0.208 r  top_i/zynq_ps/inst/buffer_pl_clk_0.PL_CLK_0_BUFG/O
    X1Y2 (CLOCK_ROOT)    net (fo=61545, routed)       1.962     2.170    top_i/rst_zynq_ps_187M/U0/slowest_sync_clk
    SLICE_X23Y243        FDRE                                         r  top_i/rst_zynq_ps_187M/U0/ACTIVE_LOW_PR_OUT_DFF[0].FDRE_PER_N/C
  -------------------------------------------------------------------    -------------------
    SLICE_X23Y243        FDRE (Prop_EFF_SLICEM_C_Q)
                                                      0.076     2.246 f  top_i/rst_zynq_ps_187M/U0/ACTIVE_LOW_PR_OUT_DFF[0].FDRE_PER_N/Q
                         net (fo=15, routed)          2.513     4.759    top_i/StreamingDataflowPartition_1/inst/StreamingDataflowPartition_1_StreamingFIFO_rtl_11/fifo/inst/gen_fifo.xpm_fifo_axis_inst/s_aresetn
    SLICE_X101Y331       LUT1 (Prop_G6LUT_SLICEL_I0_O)
                                                      0.050     4.809 r  top_i/StreamingDataflowPartition_1/inst/StreamingDataflowPartition_1_StreamingFIFO_rtl_11/fifo/inst/gen_fifo.xpm_fifo_axis_inst/gaxis_rst_sync.xpm_cdc_sync_rst_inst_i_1/O
                         net (fo=1, routed)           0.238     5.047    top_i/StreamingDataflowPartition_1/inst/StreamingDataflowPartition_1_StreamingFIFO_rtl_11/fifo/inst/gen_fifo.xpm_fifo_axis_inst/gaxis_rst_sync.xpm_cdc_sync_rst_inst/src_rst
    SLICE_X101Y331       FDRE                                         r  top_i/StreamingDataflowPartition_1/inst/StreamingDataflowPartition_1_StreamingFIFO_rtl_11/fifo/inst/gen_fifo.xpm_fifo_axis_inst/gaxis_rst_sync.xpm_cdc_sync_rst_inst/syncstages_ff_reg[0]/D
  -------------------------------------------------------------------    -------------------

                         (clock clk_pl_0 rise edge)
                                                      0.000     0.000 r  
    PS8_X0Y0             PS8                          0.000     0.000 r  top_i/zynq_ps/inst/PS8_i/PLCLK[0]
                         net (fo=1, routed)           0.143     0.143    top_i/zynq_ps/inst/pl_clk_unbuffered[0]
    BUFG_PS_X0Y80        BUFG_PS (Prop_BUFG_PS_I_O)
                                                      0.025     0.168 r  top_i/zynq_ps/inst/buffer_pl_clk_0.PL_CLK_0_BUFG/O
    X1Y2 (CLOCK_ROOT)    net (fo=61545, routed)       1.875     2.043    top_i/StreamingDataflowPartition_1/inst/StreamingDataflowPartition_1_StreamingFIFO_rtl_11/fifo/inst/gen_fifo.xpm_fifo_axis_inst/gaxis_rst_sync.xpm_cdc_sync_rst_inst/dest_clk
    SLICE_X101Y331       FDRE                                         r  top_i/StreamingDataflowPartition_1/inst/StreamingDataflowPartition_1_StreamingFIFO_rtl_11/fifo/inst/gen_fifo.xpm_fifo_axis_inst/gaxis_rst_sync.xpm_cdc_sync_rst_inst/syncstages_ff_reg[0]/C

Slack:                    inf
  Source:                 top_i/rst_zynq_ps_187M/U0/ACTIVE_LOW_PR_OUT_DFF[0].FDRE_PER_N/C
                            (rising edge-triggered cell FDRE clocked by clk_pl_0  {rise@0.000ns fall@2.667ns period=5.333ns})
  Destination:            top_i/StreamingDataflowPartition_1/inst/StreamingDataflowPartition_1_StreamingFIFO_rtl_12/fifo/inst/gen_fifo.xpm_fifo_axis_inst/gaxis_rst_sync.xpm_cdc_sync_rst_inst/syncstages_ff_reg[0]/D
                            (rising edge-triggered cell FDRE clocked by clk_pl_0  {rise@0.000ns fall@2.667ns period=5.333ns})
  Path Group:             (none)
  Path Type:              Setup (Max at Slow Process Corner)
  Data Path Delay:        2.424ns  (logic 0.166ns (6.849%)  route 2.258ns (93.151%))
  Logic Levels:           1  (LUT1=1)
  Clock Path Skew:        -0.210ns (DCD - SCD + CPR)
    Destination Clock Delay (DCD):    1.960ns
    Source Clock Delay      (SCD):    2.170ns
    Clock Pessimism Removal (CPR):    0.000ns
  Clock Uncertainty:      0.112ns  ((TSJ^2 + DJ^2)^1/2) / 2 + PE
    Total System Jitter     (TSJ):    0.071ns
    Discrete Jitter          (DJ):    0.213ns
    Phase Error              (PE):    0.000ns
  Clock Net Delay (Source):      1.962ns (routing 0.569ns, distribution 1.393ns)
  Clock Net Delay (Destination): 1.792ns (routing 0.512ns, distribution 1.280ns)
  Timing Exception:       False Path

    Location             Delay type                Incr(ns)  Path(ns)    Netlist Resource(s)
  -------------------------------------------------------------------    -------------------
                         (clock clk_pl_0 rise edge)
                                                      0.000     0.000 r  
    PS8_X0Y0             PS8                          0.000     0.000 r  top_i/zynq_ps/inst/PS8_i/PLCLK[0]
                         net (fo=1, routed)           0.180     0.180    top_i/zynq_ps/inst/pl_clk_unbuffered[0]
    BUFG_PS_X0Y80        BUFG_PS (Prop_BUFG_PS_I_O)
                                                      0.028     0.208 r  top_i/zynq_ps/inst/buffer_pl_clk_0.PL_CLK_0_BUFG/O
    X1Y2 (CLOCK_ROOT)    net (fo=61545, routed)       1.962     2.170    top_i/rst_zynq_ps_187M/U0/slowest_sync_clk
    SLICE_X23Y243        FDRE                                         r  top_i/rst_zynq_ps_187M/U0/ACTIVE_LOW_PR_OUT_DFF[0].FDRE_PER_N/C
  -------------------------------------------------------------------    -------------------
    SLICE_X23Y243        FDRE (Prop_EFF_SLICEM_C_Q)
                                                      0.076     2.246 f  top_i/rst_zynq_ps_187M/U0/ACTIVE_LOW_PR_OUT_DFF[0].FDRE_PER_N/Q
                         net (fo=15, routed)          1.998     4.243    top_i/StreamingDataflowPartition_1/inst/StreamingDataflowPartition_1_StreamingFIFO_rtl_12/fifo/inst/gen_fifo.xpm_fifo_axis_inst/s_aresetn
    SLICE_X5Y337         LUT1 (Prop_H6LUT_SLICEL_I0_O)
                                                      0.090     4.333 r  top_i/StreamingDataflowPartition_1/inst/StreamingDataflowPartition_1_StreamingFIFO_rtl_12/fifo/inst/gen_fifo.xpm_fifo_axis_inst/gaxis_rst_sync.xpm_cdc_sync_rst_inst_i_1/O
                         net (fo=1, routed)           0.260     4.593    top_i/StreamingDataflowPartition_1/inst/StreamingDataflowPartition_1_StreamingFIFO_rtl_12/fifo/inst/gen_fifo.xpm_fifo_axis_inst/gaxis_rst_sync.xpm_cdc_sync_rst_inst/src_rst
    SLICE_X5Y337         FDRE                                         r  top_i/StreamingDataflowPartition_1/inst/StreamingDataflowPartition_1_StreamingFIFO_rtl_12/fifo/inst/gen_fifo.xpm_fifo_axis_inst/gaxis_rst_sync.xpm_cdc_sync_rst_inst/syncstages_ff_reg[0]/D
  -------------------------------------------------------------------    -------------------

                         (clock clk_pl_0 rise edge)
                                                      0.000     0.000 r  
    PS8_X0Y0             PS8                          0.000     0.000 r  top_i/zynq_ps/inst/PS8_i/PLCLK[0]
                         net (fo=1, routed)           0.143     0.143    top_i/zynq_ps/inst/pl_clk_unbuffered[0]
    BUFG_PS_X0Y80        BUFG_PS (Prop_BUFG_PS_I_O)
                                                      0.025     0.168 r  top_i/zynq_ps/inst/buffer_pl_clk_0.PL_CLK_0_BUFG/O
    X1Y2 (CLOCK_ROOT)    net (fo=61545, routed)       1.792     1.960    top_i/StreamingDataflowPartition_1/inst/StreamingDataflowPartition_1_StreamingFIFO_rtl_12/fifo/inst/gen_fifo.xpm_fifo_axis_inst/gaxis_rst_sync.xpm_cdc_sync_rst_inst/dest_clk
    SLICE_X5Y337         FDRE                                         r  top_i/StreamingDataflowPartition_1/inst/StreamingDataflowPartition_1_StreamingFIFO_rtl_12/fifo/inst/gen_fifo.xpm_fifo_axis_inst/gaxis_rst_sync.xpm_cdc_sync_rst_inst/syncstages_ff_reg[0]/C

Slack:                    inf
  Source:                 top_i/rst_zynq_ps_187M/U0/ACTIVE_LOW_PR_OUT_DFF[0].FDRE_PER_N/C
                            (rising edge-triggered cell FDRE clocked by clk_pl_0  {rise@0.000ns fall@2.667ns period=5.333ns})
  Destination:            top_i/StreamingDataflowPartition_1/inst/StreamingDataflowPartition_1_StreamingFIFO_rtl_13/fifo/inst/gen_fifo.xpm_fifo_axis_inst/gaxis_rst_sync.xpm_cdc_sync_rst_inst/syncstages_ff_reg[0]/D
                            (rising edge-triggered cell FDRE clocked by clk_pl_0  {rise@0.000ns fall@2.667ns period=5.333ns})
  Path Group:             (none)
  Path Type:              Setup (Max at Slow Process Corner)
  Data Path Delay:        2.311ns  (logic 0.226ns (9.781%)  route 2.085ns (90.219%))
  Logic Levels:           1  (LUT1=1)
  Clock Path Skew:        -0.187ns (DCD - SCD + CPR)
    Destination Clock Delay (DCD):    1.982ns
    Source Clock Delay      (SCD):    2.170ns
    Clock Pessimism Removal (CPR):    0.000ns
  Clock Uncertainty:      0.112ns  ((TSJ^2 + DJ^2)^1/2) / 2 + PE
    Total System Jitter     (TSJ):    0.071ns
    Discrete Jitter          (DJ):    0.213ns
    Phase Error              (PE):    0.000ns
  Clock Net Delay (Source):      1.962ns (routing 0.569ns, distribution 1.393ns)
  Clock Net Delay (Destination): 1.814ns (routing 0.512ns, distribution 1.302ns)
  Timing Exception:       False Path

    Location             Delay type                Incr(ns)  Path(ns)    Netlist Resource(s)
  -------------------------------------------------------------------    -------------------
                         (clock clk_pl_0 rise edge)
                                                      0.000     0.000 r  
    PS8_X0Y0             PS8                          0.000     0.000 r  top_i/zynq_ps/inst/PS8_i/PLCLK[0]
                         net (fo=1, routed)           0.180     0.180    top_i/zynq_ps/inst/pl_clk_unbuffered[0]
    BUFG_PS_X0Y80        BUFG_PS (Prop_BUFG_PS_I_O)
                                                      0.028     0.208 r  top_i/zynq_ps/inst/buffer_pl_clk_0.PL_CLK_0_BUFG/O
    X1Y2 (CLOCK_ROOT)    net (fo=61545, routed)       1.962     2.170    top_i/rst_zynq_ps_187M/U0/slowest_sync_clk
    SLICE_X23Y243        FDRE                                         r  top_i/rst_zynq_ps_187M/U0/ACTIVE_LOW_PR_OUT_DFF[0].FDRE_PER_N/C
  -------------------------------------------------------------------    -------------------
    SLICE_X23Y243        FDRE (Prop_EFF_SLICEM_C_Q)
                                                      0.076     2.246 f  top_i/rst_zynq_ps_187M/U0/ACTIVE_LOW_PR_OUT_DFF[0].FDRE_PER_N/Q
                         net (fo=15, routed)          1.686     3.931    top_i/StreamingDataflowPartition_1/inst/StreamingDataflowPartition_1_StreamingFIFO_rtl_13/fifo/inst/gen_fifo.xpm_fifo_axis_inst/s_aresetn
    SLICE_X2Y330         LUT1 (Prop_H6LUT_SLICEL_I0_O)
                                                      0.150     4.081 r  top_i/StreamingDataflowPartition_1/inst/StreamingDataflowPartition_1_StreamingFIFO_rtl_13/fifo/inst/gen_fifo.xpm_fifo_axis_inst/gaxis_rst_sync.xpm_cdc_sync_rst_inst_i_1/O
                         net (fo=1, routed)           0.399     4.480    top_i/StreamingDataflowPartition_1/inst/StreamingDataflowPartition_1_StreamingFIFO_rtl_13/fifo/inst/gen_fifo.xpm_fifo_axis_inst/gaxis_rst_sync.xpm_cdc_sync_rst_inst/src_rst
    SLICE_X1Y327         FDRE                                         r  top_i/StreamingDataflowPartition_1/inst/StreamingDataflowPartition_1_StreamingFIFO_rtl_13/fifo/inst/gen_fifo.xpm_fifo_axis_inst/gaxis_rst_sync.xpm_cdc_sync_rst_inst/syncstages_ff_reg[0]/D
  -------------------------------------------------------------------    -------------------

                         (clock clk_pl_0 rise edge)
                                                      0.000     0.000 r  
    PS8_X0Y0             PS8                          0.000     0.000 r  top_i/zynq_ps/inst/PS8_i/PLCLK[0]
                         net (fo=1, routed)           0.143     0.143    top_i/zynq_ps/inst/pl_clk_unbuffered[0]
    BUFG_PS_X0Y80        BUFG_PS (Prop_BUFG_PS_I_O)
                                                      0.025     0.168 r  top_i/zynq_ps/inst/buffer_pl_clk_0.PL_CLK_0_BUFG/O
    X1Y2 (CLOCK_ROOT)    net (fo=61545, routed)       1.814     1.982    top_i/StreamingDataflowPartition_1/inst/StreamingDataflowPartition_1_StreamingFIFO_rtl_13/fifo/inst/gen_fifo.xpm_fifo_axis_inst/gaxis_rst_sync.xpm_cdc_sync_rst_inst/dest_clk
    SLICE_X1Y327         FDRE                                         r  top_i/StreamingDataflowPartition_1/inst/StreamingDataflowPartition_1_StreamingFIFO_rtl_13/fifo/inst/gen_fifo.xpm_fifo_axis_inst/gaxis_rst_sync.xpm_cdc_sync_rst_inst/syncstages_ff_reg[0]/C

Slack:                    inf
  Source:                 top_i/rst_zynq_ps_187M/U0/ACTIVE_LOW_PR_OUT_DFF[0].FDRE_PER_N/C
                            (rising edge-triggered cell FDRE clocked by clk_pl_0  {rise@0.000ns fall@2.667ns period=5.333ns})
  Destination:            top_i/StreamingDataflowPartition_1/inst/StreamingDataflowPartition_1_StreamingFIFO_rtl_14/fifo/inst/gen_fifo.xpm_fifo_axis_inst/gaxis_rst_sync.xpm_cdc_sync_rst_inst/syncstages_ff_reg[0]/D
                            (rising edge-triggered cell FDRE clocked by clk_pl_0  {rise@0.000ns fall@2.667ns period=5.333ns})
  Path Group:             (none)
  Path Type:              Setup (Max at Slow Process Corner)
  Data Path Delay:        2.193ns  (logic 0.234ns (10.672%)  route 1.959ns (89.328%))
  Logic Levels:           1  (LUT1=1)
  Clock Path Skew:        -0.207ns (DCD - SCD + CPR)
    Destination Clock Delay (DCD):    1.963ns
    Source Clock Delay      (SCD):    2.170ns
    Clock Pessimism Removal (CPR):    0.000ns
  Clock Uncertainty:      0.112ns  ((TSJ^2 + DJ^2)^1/2) / 2 + PE
    Total System Jitter     (TSJ):    0.071ns
    Discrete Jitter          (DJ):    0.213ns
    Phase Error              (PE):    0.000ns
  Clock Net Delay (Source):      1.962ns (routing 0.569ns, distribution 1.393ns)
  Clock Net Delay (Destination): 1.795ns (routing 0.512ns, distribution 1.283ns)
  Timing Exception:       False Path

    Location             Delay type                Incr(ns)  Path(ns)    Netlist Resource(s)
  -------------------------------------------------------------------    -------------------
                         (clock clk_pl_0 rise edge)
                                                      0.000     0.000 r  
    PS8_X0Y0             PS8                          0.000     0.000 r  top_i/zynq_ps/inst/PS8_i/PLCLK[0]
                         net (fo=1, routed)           0.180     0.180    top_i/zynq_ps/inst/pl_clk_unbuffered[0]
    BUFG_PS_X0Y80        BUFG_PS (Prop_BUFG_PS_I_O)
                                                      0.028     0.208 r  top_i/zynq_ps/inst/buffer_pl_clk_0.PL_CLK_0_BUFG/O
    X1Y2 (CLOCK_ROOT)    net (fo=61545, routed)       1.962     2.170    top_i/rst_zynq_ps_187M/U0/slowest_sync_clk
    SLICE_X23Y243        FDRE                                         r  top_i/rst_zynq_ps_187M/U0/ACTIVE_LOW_PR_OUT_DFF[0].FDRE_PER_N/C
  -------------------------------------------------------------------    -------------------
    SLICE_X23Y243        FDRE (Prop_EFF_SLICEM_C_Q)
                                                      0.076     2.246 f  top_i/rst_zynq_ps_187M/U0/ACTIVE_LOW_PR_OUT_DFF[0].FDRE_PER_N/Q
                         net (fo=15, routed)          1.686     3.931    top_i/StreamingDataflowPartition_1/inst/StreamingDataflowPartition_1_StreamingFIFO_rtl_14/fifo/inst/gen_fifo.xpm_fifo_axis_inst/s_aresetn
    SLICE_X2Y330         LUT1 (Prop_H5LUT_SLICEL_I0_O)
                                                      0.158     4.089 r  top_i/StreamingDataflowPartition_1/inst/StreamingDataflowPartition_1_StreamingFIFO_rtl_14/fifo/inst/gen_fifo.xpm_fifo_axis_inst/gaxis_rst_sync.xpm_cdc_sync_rst_inst_i_1/O
                         net (fo=1, routed)           0.273     4.362    top_i/StreamingDataflowPartition_1/inst/StreamingDataflowPartition_1_StreamingFIFO_rtl_14/fifo/inst/gen_fifo.xpm_fifo_axis_inst/gaxis_rst_sync.xpm_cdc_sync_rst_inst/src_rst
    SLICE_X2Y331         FDRE                                         r  top_i/StreamingDataflowPartition_1/inst/StreamingDataflowPartition_1_StreamingFIFO_rtl_14/fifo/inst/gen_fifo.xpm_fifo_axis_inst/gaxis_rst_sync.xpm_cdc_sync_rst_inst/syncstages_ff_reg[0]/D
  -------------------------------------------------------------------    -------------------

                         (clock clk_pl_0 rise edge)
                                                      0.000     0.000 r  
    PS8_X0Y0             PS8                          0.000     0.000 r  top_i/zynq_ps/inst/PS8_i/PLCLK[0]
                         net (fo=1, routed)           0.143     0.143    top_i/zynq_ps/inst/pl_clk_unbuffered[0]
    BUFG_PS_X0Y80        BUFG_PS (Prop_BUFG_PS_I_O)
                                                      0.025     0.168 r  top_i/zynq_ps/inst/buffer_pl_clk_0.PL_CLK_0_BUFG/O
    X1Y2 (CLOCK_ROOT)    net (fo=61545, routed)       1.795     1.963    top_i/StreamingDataflowPartition_1/inst/StreamingDataflowPartition_1_StreamingFIFO_rtl_14/fifo/inst/gen_fifo.xpm_fifo_axis_inst/gaxis_rst_sync.xpm_cdc_sync_rst_inst/dest_clk
    SLICE_X2Y331         FDRE                                         r  top_i/StreamingDataflowPartition_1/inst/StreamingDataflowPartition_1_StreamingFIFO_rtl_14/fifo/inst/gen_fifo.xpm_fifo_axis_inst/gaxis_rst_sync.xpm_cdc_sync_rst_inst/syncstages_ff_reg[0]/C

Slack:                    inf
  Source:                 top_i/rst_zynq_ps_187M/U0/ACTIVE_LOW_PR_OUT_DFF[0].FDRE_PER_N/C
                            (rising edge-triggered cell FDRE clocked by clk_pl_0  {rise@0.000ns fall@2.667ns period=5.333ns})
  Destination:            top_i/axi_interconnect_0/s00_couplers/auto_ds/inst/gen_downsizer.gen_simple_downsizer.axi_downsizer_inst/USE_WRITE.write_addr_inst/USE_B_CHANNEL.cmd_b_queue/inst/fifo_gen_inst/inst_fifo_gen/gconvfifo.rf/grf.rf/rstblk/ngwrdrst.grst.g7serrst.gnsckt_wrst.rst_wr_reg2_inst/arststages_ff_reg[0]/PRE
                            (recovery check against rising-edge clock clk_pl_0  {rise@0.000ns fall@2.667ns period=5.333ns})
  Path Group:             (none)
  Path Type:              Recovery (Max at Slow Process Corner)
  Data Path Delay:        2.189ns  (logic 0.076ns (3.471%)  route 2.113ns (96.529%))
  Logic Levels:           0  
  Clock Path Skew:        -0.427ns (DCD - SCD + CPR)
    Destination Clock Delay (DCD):    1.743ns
    Source Clock Delay      (SCD):    2.170ns
    Clock Pessimism Removal (CPR):    0.000ns
  Clock Uncertainty:      0.112ns  ((TSJ^2 + DJ^2)^1/2) / 2 + PE
    Total System Jitter     (TSJ):    0.071ns
    Discrete Jitter          (DJ):    0.213ns
    Phase Error              (PE):    0.000ns
  Clock Net Delay (Source):      1.962ns (routing 0.569ns, distribution 1.393ns)
  Clock Net Delay (Destination): 1.575ns (routing 0.512ns, distribution 1.063ns)
  Timing Exception:       False Path

    Location             Delay type                Incr(ns)  Path(ns)    Netlist Resource(s)
  -------------------------------------------------------------------    -------------------
                         (clock clk_pl_0 rise edge)
                                                      0.000     0.000 r  
    PS8_X0Y0             PS8                          0.000     0.000 r  top_i/zynq_ps/inst/PS8_i/PLCLK[0]
                         net (fo=1, routed)           0.180     0.180    top_i/zynq_ps/inst/pl_clk_unbuffered[0]
    BUFG_PS_X0Y80        BUFG_PS (Prop_BUFG_PS_I_O)
                                                      0.028     0.208 r  top_i/zynq_ps/inst/buffer_pl_clk_0.PL_CLK_0_BUFG/O
    X1Y2 (CLOCK_ROOT)    net (fo=61545, routed)       1.962     2.170    top_i/rst_zynq_ps_187M/U0/slowest_sync_clk
    SLICE_X23Y243        FDRE                                         r  top_i/rst_zynq_ps_187M/U0/ACTIVE_LOW_PR_OUT_DFF[0].FDRE_PER_N/C
  -------------------------------------------------------------------    -------------------
    SLICE_X23Y243        FDRE (Prop_EFF_SLICEM_C_Q)
                                                      0.076     2.246 r  top_i/rst_zynq_ps_187M/U0/ACTIVE_LOW_PR_OUT_DFF[0].FDRE_PER_N/Q
                         net (fo=15, routed)          2.113     4.359    top_i/axi_interconnect_0/s00_couplers/auto_ds/inst/gen_downsizer.gen_simple_downsizer.axi_downsizer_inst/USE_WRITE.write_addr_inst/USE_B_CHANNEL.cmd_b_queue/inst/fifo_gen_inst/inst_fifo_gen/gconvfifo.rf/grf.rf/rstblk/ngwrdrst.grst.g7serrst.gnsckt_wrst.rst_wr_reg2_inst/src_arst
    SLICE_X57Y106        FDPE                                         f  top_i/axi_interconnect_0/s00_couplers/auto_ds/inst/gen_downsizer.gen_simple_downsizer.axi_downsizer_inst/USE_WRITE.write_addr_inst/USE_B_CHANNEL.cmd_b_queue/inst/fifo_gen_inst/inst_fifo_gen/gconvfifo.rf/grf.rf/rstblk/ngwrdrst.grst.g7serrst.gnsckt_wrst.rst_wr_reg2_inst/arststages_ff_reg[0]/PRE  (IS_INVERTED)
  -------------------------------------------------------------------    -------------------

                         (clock clk_pl_0 rise edge)
                                                      0.000     0.000 r  
    PS8_X0Y0             PS8                          0.000     0.000 r  top_i/zynq_ps/inst/PS8_i/PLCLK[0]
                         net (fo=1, routed)           0.143     0.143    top_i/zynq_ps/inst/pl_clk_unbuffered[0]
    BUFG_PS_X0Y80        BUFG_PS (Prop_BUFG_PS_I_O)
                                                      0.025     0.168 r  top_i/zynq_ps/inst/buffer_pl_clk_0.PL_CLK_0_BUFG/O
    X1Y2 (CLOCK_ROOT)    net (fo=61545, routed)       1.575     1.743    top_i/axi_interconnect_0/s00_couplers/auto_ds/inst/gen_downsizer.gen_simple_downsizer.axi_downsizer_inst/USE_WRITE.write_addr_inst/USE_B_CHANNEL.cmd_b_queue/inst/fifo_gen_inst/inst_fifo_gen/gconvfifo.rf/grf.rf/rstblk/ngwrdrst.grst.g7serrst.gnsckt_wrst.rst_wr_reg2_inst/dest_clk
    SLICE_X57Y106        FDPE                                         r  top_i/axi_interconnect_0/s00_couplers/auto_ds/inst/gen_downsizer.gen_simple_downsizer.axi_downsizer_inst/USE_WRITE.write_addr_inst/USE_B_CHANNEL.cmd_b_queue/inst/fifo_gen_inst/inst_fifo_gen/gconvfifo.rf/grf.rf/rstblk/ngwrdrst.grst.g7serrst.gnsckt_wrst.rst_wr_reg2_inst/arststages_ff_reg[0]/C

Slack:                    inf
  Source:                 top_i/rst_zynq_ps_187M/U0/ACTIVE_LOW_PR_OUT_DFF[0].FDRE_PER_N/C
                            (rising edge-triggered cell FDRE clocked by clk_pl_0  {rise@0.000ns fall@2.667ns period=5.333ns})
  Destination:            top_i/axi_interconnect_0/s00_couplers/auto_ds/inst/gen_downsizer.gen_simple_downsizer.axi_downsizer_inst/USE_WRITE.write_addr_inst/USE_B_CHANNEL.cmd_b_queue/inst/fifo_gen_inst/inst_fifo_gen/gconvfifo.rf/grf.rf/rstblk/ngwrdrst.grst.g7serrst.gnsckt_wrst.rst_wr_reg2_inst/arststages_ff_reg[1]/PRE
                            (recovery check against rising-edge clock clk_pl_0  {rise@0.000ns fall@2.667ns period=5.333ns})
  Path Group:             (none)
  Path Type:              Recovery (Max at Slow Process Corner)
  Data Path Delay:        2.189ns  (logic 0.076ns (3.471%)  route 2.113ns (96.529%))
  Logic Levels:           0  
  Clock Path Skew:        -0.427ns (DCD - SCD + CPR)
    Destination Clock Delay (DCD):    1.743ns
    Source Clock Delay      (SCD):    2.170ns
    Clock Pessimism Removal (CPR):    0.000ns
  Clock Uncertainty:      0.112ns  ((TSJ^2 + DJ^2)^1/2) / 2 + PE
    Total System Jitter     (TSJ):    0.071ns
    Discrete Jitter          (DJ):    0.213ns
    Phase Error              (PE):    0.000ns
  Clock Net Delay (Source):      1.962ns (routing 0.569ns, distribution 1.393ns)
  Clock Net Delay (Destination): 1.575ns (routing 0.512ns, distribution 1.063ns)
  Timing Exception:       False Path

    Location             Delay type                Incr(ns)  Path(ns)    Netlist Resource(s)
  -------------------------------------------------------------------    -------------------
                         (clock clk_pl_0 rise edge)
                                                      0.000     0.000 r  
    PS8_X0Y0             PS8                          0.000     0.000 r  top_i/zynq_ps/inst/PS8_i/PLCLK[0]
                         net (fo=1, routed)           0.180     0.180    top_i/zynq_ps/inst/pl_clk_unbuffered[0]
    BUFG_PS_X0Y80        BUFG_PS (Prop_BUFG_PS_I_O)
                                                      0.028     0.208 r  top_i/zynq_ps/inst/buffer_pl_clk_0.PL_CLK_0_BUFG/O
    X1Y2 (CLOCK_ROOT)    net (fo=61545, routed)       1.962     2.170    top_i/rst_zynq_ps_187M/U0/slowest_sync_clk
    SLICE_X23Y243        FDRE                                         r  top_i/rst_zynq_ps_187M/U0/ACTIVE_LOW_PR_OUT_DFF[0].FDRE_PER_N/C
  -------------------------------------------------------------------    -------------------
    SLICE_X23Y243        FDRE (Prop_EFF_SLICEM_C_Q)
                                                      0.076     2.246 r  top_i/rst_zynq_ps_187M/U0/ACTIVE_LOW_PR_OUT_DFF[0].FDRE_PER_N/Q
                         net (fo=15, routed)          2.113     4.359    top_i/axi_interconnect_0/s00_couplers/auto_ds/inst/gen_downsizer.gen_simple_downsizer.axi_downsizer_inst/USE_WRITE.write_addr_inst/USE_B_CHANNEL.cmd_b_queue/inst/fifo_gen_inst/inst_fifo_gen/gconvfifo.rf/grf.rf/rstblk/ngwrdrst.grst.g7serrst.gnsckt_wrst.rst_wr_reg2_inst/src_arst
    SLICE_X57Y106        FDPE                                         f  top_i/axi_interconnect_0/s00_couplers/auto_ds/inst/gen_downsizer.gen_simple_downsizer.axi_downsizer_inst/USE_WRITE.write_addr_inst/USE_B_CHANNEL.cmd_b_queue/inst/fifo_gen_inst/inst_fifo_gen/gconvfifo.rf/grf.rf/rstblk/ngwrdrst.grst.g7serrst.gnsckt_wrst.rst_wr_reg2_inst/arststages_ff_reg[1]/PRE  (IS_INVERTED)
  -------------------------------------------------------------------    -------------------

                         (clock clk_pl_0 rise edge)
                                                      0.000     0.000 r  
    PS8_X0Y0             PS8                          0.000     0.000 r  top_i/zynq_ps/inst/PS8_i/PLCLK[0]
                         net (fo=1, routed)           0.143     0.143    top_i/zynq_ps/inst/pl_clk_unbuffered[0]
    BUFG_PS_X0Y80        BUFG_PS (Prop_BUFG_PS_I_O)
                                                      0.025     0.168 r  top_i/zynq_ps/inst/buffer_pl_clk_0.PL_CLK_0_BUFG/O
    X1Y2 (CLOCK_ROOT)    net (fo=61545, routed)       1.575     1.743    top_i/axi_interconnect_0/s00_couplers/auto_ds/inst/gen_downsizer.gen_simple_downsizer.axi_downsizer_inst/USE_WRITE.write_addr_inst/USE_B_CHANNEL.cmd_b_queue/inst/fifo_gen_inst/inst_fifo_gen/gconvfifo.rf/grf.rf/rstblk/ngwrdrst.grst.g7serrst.gnsckt_wrst.rst_wr_reg2_inst/dest_clk
    SLICE_X57Y106        FDPE                                         r  top_i/axi_interconnect_0/s00_couplers/auto_ds/inst/gen_downsizer.gen_simple_downsizer.axi_downsizer_inst/USE_WRITE.write_addr_inst/USE_B_CHANNEL.cmd_b_queue/inst/fifo_gen_inst/inst_fifo_gen/gconvfifo.rf/grf.rf/rstblk/ngwrdrst.grst.g7serrst.gnsckt_wrst.rst_wr_reg2_inst/arststages_ff_reg[1]/C

Slack:                    inf
  Source:                 top_i/rst_zynq_ps_187M/U0/ACTIVE_LOW_PR_OUT_DFF[0].FDRE_PER_N/C
                            (rising edge-triggered cell FDRE clocked by clk_pl_0  {rise@0.000ns fall@2.667ns period=5.333ns})
  Destination:            top_i/axi_interconnect_0/s00_couplers/auto_ds/inst/gen_downsizer.gen_simple_downsizer.axi_downsizer_inst/USE_WRITE.write_addr_inst/cmd_queue/inst/fifo_gen_inst/inst_fifo_gen/gconvfifo.rf/grf.rf/rstblk/ngwrdrst.grst.g7serrst.gnsckt_wrst.rst_wr_reg2_inst/arststages_ff_reg[0]/PRE
                            (recovery check against rising-edge clock clk_pl_0  {rise@0.000ns fall@2.667ns period=5.333ns})
  Path Group:             (none)
  Path Type:              Recovery (Max at Slow Process Corner)
  Data Path Delay:        2.189ns  (logic 0.076ns (3.471%)  route 2.113ns (96.529%))
  Logic Levels:           0  
  Clock Path Skew:        -0.427ns (DCD - SCD + CPR)
    Destination Clock Delay (DCD):    1.743ns
    Source Clock Delay      (SCD):    2.170ns
    Clock Pessimism Removal (CPR):    0.000ns
  Clock Uncertainty:      0.112ns  ((TSJ^2 + DJ^2)^1/2) / 2 + PE
    Total System Jitter     (TSJ):    0.071ns
    Discrete Jitter          (DJ):    0.213ns
    Phase Error              (PE):    0.000ns
  Clock Net Delay (Source):      1.962ns (routing 0.569ns, distribution 1.393ns)
  Clock Net Delay (Destination): 1.575ns (routing 0.512ns, distribution 1.063ns)
  Timing Exception:       False Path

    Location             Delay type                Incr(ns)  Path(ns)    Netlist Resource(s)
  -------------------------------------------------------------------    -------------------
                         (clock clk_pl_0 rise edge)
                                                      0.000     0.000 r  
    PS8_X0Y0             PS8                          0.000     0.000 r  top_i/zynq_ps/inst/PS8_i/PLCLK[0]
                         net (fo=1, routed)           0.180     0.180    top_i/zynq_ps/inst/pl_clk_unbuffered[0]
    BUFG_PS_X0Y80        BUFG_PS (Prop_BUFG_PS_I_O)
                                                      0.028     0.208 r  top_i/zynq_ps/inst/buffer_pl_clk_0.PL_CLK_0_BUFG/O
    X1Y2 (CLOCK_ROOT)    net (fo=61545, routed)       1.962     2.170    top_i/rst_zynq_ps_187M/U0/slowest_sync_clk
    SLICE_X23Y243        FDRE                                         r  top_i/rst_zynq_ps_187M/U0/ACTIVE_LOW_PR_OUT_DFF[0].FDRE_PER_N/C
  -------------------------------------------------------------------    -------------------
    SLICE_X23Y243        FDRE (Prop_EFF_SLICEM_C_Q)
                                                      0.076     2.246 r  top_i/rst_zynq_ps_187M/U0/ACTIVE_LOW_PR_OUT_DFF[0].FDRE_PER_N/Q
                         net (fo=15, routed)          2.113     4.359    top_i/axi_interconnect_0/s00_couplers/auto_ds/inst/gen_downsizer.gen_simple_downsizer.axi_downsizer_inst/USE_WRITE.write_addr_inst/cmd_queue/inst/fifo_gen_inst/inst_fifo_gen/gconvfifo.rf/grf.rf/rstblk/ngwrdrst.grst.g7serrst.gnsckt_wrst.rst_wr_reg2_inst/src_arst
    SLICE_X57Y106        FDPE                                         f  top_i/axi_interconnect_0/s00_couplers/auto_ds/inst/gen_downsizer.gen_simple_downsizer.axi_downsizer_inst/USE_WRITE.write_addr_inst/cmd_queue/inst/fifo_gen_inst/inst_fifo_gen/gconvfifo.rf/grf.rf/rstblk/ngwrdrst.grst.g7serrst.gnsckt_wrst.rst_wr_reg2_inst/arststages_ff_reg[0]/PRE  (IS_INVERTED)
  -------------------------------------------------------------------    -------------------

                         (clock clk_pl_0 rise edge)
                                                      0.000     0.000 r  
    PS8_X0Y0             PS8                          0.000     0.000 r  top_i/zynq_ps/inst/PS8_i/PLCLK[0]
                         net (fo=1, routed)           0.143     0.143    top_i/zynq_ps/inst/pl_clk_unbuffered[0]
    BUFG_PS_X0Y80        BUFG_PS (Prop_BUFG_PS_I_O)
                                                      0.025     0.168 r  top_i/zynq_ps/inst/buffer_pl_clk_0.PL_CLK_0_BUFG/O
    X1Y2 (CLOCK_ROOT)    net (fo=61545, routed)       1.575     1.743    top_i/axi_interconnect_0/s00_couplers/auto_ds/inst/gen_downsizer.gen_simple_downsizer.axi_downsizer_inst/USE_WRITE.write_addr_inst/cmd_queue/inst/fifo_gen_inst/inst_fifo_gen/gconvfifo.rf/grf.rf/rstblk/ngwrdrst.grst.g7serrst.gnsckt_wrst.rst_wr_reg2_inst/dest_clk
    SLICE_X57Y106        FDPE                                         r  top_i/axi_interconnect_0/s00_couplers/auto_ds/inst/gen_downsizer.gen_simple_downsizer.axi_downsizer_inst/USE_WRITE.write_addr_inst/cmd_queue/inst/fifo_gen_inst/inst_fifo_gen/gconvfifo.rf/grf.rf/rstblk/ngwrdrst.grst.g7serrst.gnsckt_wrst.rst_wr_reg2_inst/arststages_ff_reg[0]/C

Slack:                    inf
  Source:                 top_i/rst_zynq_ps_187M/U0/ACTIVE_LOW_PR_OUT_DFF[0].FDRE_PER_N/C
                            (rising edge-triggered cell FDRE clocked by clk_pl_0  {rise@0.000ns fall@2.667ns period=5.333ns})
  Destination:            top_i/axi_interconnect_0/s00_couplers/auto_ds/inst/gen_downsizer.gen_simple_downsizer.axi_downsizer_inst/USE_WRITE.write_addr_inst/cmd_queue/inst/fifo_gen_inst/inst_fifo_gen/gconvfifo.rf/grf.rf/rstblk/ngwrdrst.grst.g7serrst.gnsckt_wrst.rst_wr_reg2_inst/arststages_ff_reg[1]/PRE
                            (recovery check against rising-edge clock clk_pl_0  {rise@0.000ns fall@2.667ns period=5.333ns})
  Path Group:             (none)
  Path Type:              Recovery (Max at Slow Process Corner)
  Data Path Delay:        2.189ns  (logic 0.076ns (3.471%)  route 2.113ns (96.529%))
  Logic Levels:           0  
  Clock Path Skew:        -0.427ns (DCD - SCD + CPR)
    Destination Clock Delay (DCD):    1.743ns
    Source Clock Delay      (SCD):    2.170ns
    Clock Pessimism Removal (CPR):    0.000ns
  Clock Uncertainty:      0.112ns  ((TSJ^2 + DJ^2)^1/2) / 2 + PE
    Total System Jitter     (TSJ):    0.071ns
    Discrete Jitter          (DJ):    0.213ns
    Phase Error              (PE):    0.000ns
  Clock Net Delay (Source):      1.962ns (routing 0.569ns, distribution 1.393ns)
  Clock Net Delay (Destination): 1.575ns (routing 0.512ns, distribution 1.063ns)
  Timing Exception:       False Path

    Location             Delay type                Incr(ns)  Path(ns)    Netlist Resource(s)
  -------------------------------------------------------------------    -------------------
                         (clock clk_pl_0 rise edge)
                                                      0.000     0.000 r  
    PS8_X0Y0             PS8                          0.000     0.000 r  top_i/zynq_ps/inst/PS8_i/PLCLK[0]
                         net (fo=1, routed)           0.180     0.180    top_i/zynq_ps/inst/pl_clk_unbuffered[0]
    BUFG_PS_X0Y80        BUFG_PS (Prop_BUFG_PS_I_O)
                                                      0.028     0.208 r  top_i/zynq_ps/inst/buffer_pl_clk_0.PL_CLK_0_BUFG/O
    X1Y2 (CLOCK_ROOT)    net (fo=61545, routed)       1.962     2.170    top_i/rst_zynq_ps_187M/U0/slowest_sync_clk
    SLICE_X23Y243        FDRE                                         r  top_i/rst_zynq_ps_187M/U0/ACTIVE_LOW_PR_OUT_DFF[0].FDRE_PER_N/C
  -------------------------------------------------------------------    -------------------
    SLICE_X23Y243        FDRE (Prop_EFF_SLICEM_C_Q)
                                                      0.076     2.246 r  top_i/rst_zynq_ps_187M/U0/ACTIVE_LOW_PR_OUT_DFF[0].FDRE_PER_N/Q
                         net (fo=15, routed)          2.113     4.359    top_i/axi_interconnect_0/s00_couplers/auto_ds/inst/gen_downsizer.gen_simple_downsizer.axi_downsizer_inst/USE_WRITE.write_addr_inst/cmd_queue/inst/fifo_gen_inst/inst_fifo_gen/gconvfifo.rf/grf.rf/rstblk/ngwrdrst.grst.g7serrst.gnsckt_wrst.rst_wr_reg2_inst/src_arst
    SLICE_X57Y106        FDPE                                         f  top_i/axi_interconnect_0/s00_couplers/auto_ds/inst/gen_downsizer.gen_simple_downsizer.axi_downsizer_inst/USE_WRITE.write_addr_inst/cmd_queue/inst/fifo_gen_inst/inst_fifo_gen/gconvfifo.rf/grf.rf/rstblk/ngwrdrst.grst.g7serrst.gnsckt_wrst.rst_wr_reg2_inst/arststages_ff_reg[1]/PRE  (IS_INVERTED)
  -------------------------------------------------------------------    -------------------

                         (clock clk_pl_0 rise edge)
                                                      0.000     0.000 r  
    PS8_X0Y0             PS8                          0.000     0.000 r  top_i/zynq_ps/inst/PS8_i/PLCLK[0]
                         net (fo=1, routed)           0.143     0.143    top_i/zynq_ps/inst/pl_clk_unbuffered[0]
    BUFG_PS_X0Y80        BUFG_PS (Prop_BUFG_PS_I_O)
                                                      0.025     0.168 r  top_i/zynq_ps/inst/buffer_pl_clk_0.PL_CLK_0_BUFG/O
    X1Y2 (CLOCK_ROOT)    net (fo=61545, routed)       1.575     1.743    top_i/axi_interconnect_0/s00_couplers/auto_ds/inst/gen_downsizer.gen_simple_downsizer.axi_downsizer_inst/USE_WRITE.write_addr_inst/cmd_queue/inst/fifo_gen_inst/inst_fifo_gen/gconvfifo.rf/grf.rf/rstblk/ngwrdrst.grst.g7serrst.gnsckt_wrst.rst_wr_reg2_inst/dest_clk
    SLICE_X57Y106        FDPE                                         r  top_i/axi_interconnect_0/s00_couplers/auto_ds/inst/gen_downsizer.gen_simple_downsizer.axi_downsizer_inst/USE_WRITE.write_addr_inst/cmd_queue/inst/fifo_gen_inst/inst_fifo_gen/gconvfifo.rf/grf.rf/rstblk/ngwrdrst.grst.g7serrst.gnsckt_wrst.rst_wr_reg2_inst/arststages_ff_reg[1]/C

Slack:                    inf
  Source:                 top_i/rst_zynq_ps_187M/U0/ACTIVE_LOW_PR_OUT_DFF[0].FDRE_PER_N/C
                            (rising edge-triggered cell FDRE clocked by clk_pl_0  {rise@0.000ns fall@2.667ns period=5.333ns})
  Destination:            top_i/StreamingDataflowPartition_1/inst/StreamingDataflowPartition_1_StreamingFIFO_rtl_9/fifo/inst/gen_fifo.xpm_fifo_axis_inst/gaxis_rst_sync.xpm_cdc_sync_rst_inst/syncstages_ff_reg[0]/D
                            (rising edge-triggered cell FDRE clocked by clk_pl_0  {rise@0.000ns fall@2.667ns period=5.333ns})
  Path Group:             (none)
  Path Type:              Setup (Max at Slow Process Corner)
  Data Path Delay:        2.185ns  (logic 0.172ns (7.873%)  route 2.013ns (92.127%))
  Logic Levels:           1  (LUT1=1)
  Clock Path Skew:        -0.208ns (DCD - SCD + CPR)
    Destination Clock Delay (DCD):    1.962ns
    Source Clock Delay      (SCD):    2.170ns
    Clock Pessimism Removal (CPR):    0.000ns
  Clock Uncertainty:      0.112ns  ((TSJ^2 + DJ^2)^1/2) / 2 + PE
    Total System Jitter     (TSJ):    0.071ns
    Discrete Jitter          (DJ):    0.213ns
    Phase Error              (PE):    0.000ns
  Clock Net Delay (Source):      1.962ns (routing 0.569ns, distribution 1.393ns)
  Clock Net Delay (Destination): 1.794ns (routing 0.512ns, distribution 1.282ns)
  Timing Exception:       False Path

    Location             Delay type                Incr(ns)  Path(ns)    Netlist Resource(s)
  -------------------------------------------------------------------    -------------------
                         (clock clk_pl_0 rise edge)
                                                      0.000     0.000 r  
    PS8_X0Y0             PS8                          0.000     0.000 r  top_i/zynq_ps/inst/PS8_i/PLCLK[0]
                         net (fo=1, routed)           0.180     0.180    top_i/zynq_ps/inst/pl_clk_unbuffered[0]
    BUFG_PS_X0Y80        BUFG_PS (Prop_BUFG_PS_I_O)
                                                      0.028     0.208 r  top_i/zynq_ps/inst/buffer_pl_clk_0.PL_CLK_0_BUFG/O
    X1Y2 (CLOCK_ROOT)    net (fo=61545, routed)       1.962     2.170    top_i/rst_zynq_ps_187M/U0/slowest_sync_clk
    SLICE_X23Y243        FDRE                                         r  top_i/rst_zynq_ps_187M/U0/ACTIVE_LOW_PR_OUT_DFF[0].FDRE_PER_N/C
  -------------------------------------------------------------------    -------------------
    SLICE_X23Y243        FDRE (Prop_EFF_SLICEM_C_Q)
                                                      0.076     2.246 f  top_i/rst_zynq_ps_187M/U0/ACTIVE_LOW_PR_OUT_DFF[0].FDRE_PER_N/Q
                         net (fo=15, routed)          1.998     4.243    top_i/StreamingDataflowPartition_1/inst/StreamingDataflowPartition_1_StreamingFIFO_rtl_9/fifo/inst/gen_fifo.xpm_fifo_axis_inst/s_aresetn
    SLICE_X5Y337         LUT1 (Prop_H5LUT_SLICEL_I0_O)
                                                      0.096     4.339 r  top_i/StreamingDataflowPartition_1/inst/StreamingDataflowPartition_1_StreamingFIFO_rtl_9/fifo/inst/gen_fifo.xpm_fifo_axis_inst/gaxis_rst_sync.xpm_cdc_sync_rst_inst_i_1/O
                         net (fo=1, routed)           0.015     4.354    top_i/StreamingDataflowPartition_1/inst/StreamingDataflowPartition_1_StreamingFIFO_rtl_9/fifo/inst/gen_fifo.xpm_fifo_axis_inst/gaxis_rst_sync.xpm_cdc_sync_rst_inst/src_rst
    SLICE_X5Y337         FDRE                                         r  top_i/StreamingDataflowPartition_1/inst/StreamingDataflowPartition_1_StreamingFIFO_rtl_9/fifo/inst/gen_fifo.xpm_fifo_axis_inst/gaxis_rst_sync.xpm_cdc_sync_rst_inst/syncstages_ff_reg[0]/D
  -------------------------------------------------------------------    -------------------

                         (clock clk_pl_0 rise edge)
                                                      0.000     0.000 r  
    PS8_X0Y0             PS8                          0.000     0.000 r  top_i/zynq_ps/inst/PS8_i/PLCLK[0]
                         net (fo=1, routed)           0.143     0.143    top_i/zynq_ps/inst/pl_clk_unbuffered[0]
    BUFG_PS_X0Y80        BUFG_PS (Prop_BUFG_PS_I_O)
                                                      0.025     0.168 r  top_i/zynq_ps/inst/buffer_pl_clk_0.PL_CLK_0_BUFG/O
    X1Y2 (CLOCK_ROOT)    net (fo=61545, routed)       1.794     1.962    top_i/StreamingDataflowPartition_1/inst/StreamingDataflowPartition_1_StreamingFIFO_rtl_9/fifo/inst/gen_fifo.xpm_fifo_axis_inst/gaxis_rst_sync.xpm_cdc_sync_rst_inst/dest_clk
    SLICE_X5Y337         FDRE                                         r  top_i/StreamingDataflowPartition_1/inst/StreamingDataflowPartition_1_StreamingFIFO_rtl_9/fifo/inst/gen_fifo.xpm_fifo_axis_inst/gaxis_rst_sync.xpm_cdc_sync_rst_inst/syncstages_ff_reg[0]/C





Min Delay Paths
--------------------------------------------------------------------------------------
Slack:                    inf
  Source:                 top_i/smartconnect_0/inst/clk_map/psr_aclk/U0/ACTIVE_LOW_BSR_OUT_DFF[0].FDRE_BSR_N/C
                            (rising edge-triggered cell FDRE clocked by clk_pl_0  {rise@0.000ns fall@2.667ns period=5.333ns})
  Destination:            top_i/smartconnect_0/inst/s01_nodes/s01_b_node/inst/s_sc_xpm_cdc_async_rst_inst/arststages_ff_reg[0]/CLR
                            (removal check against rising-edge clock clk_pl_0  {rise@0.000ns fall@2.667ns period=5.333ns})
  Path Group:             (none)
  Path Type:              Removal (Min at Fast Process Corner)
  Data Path Delay:        0.186ns  (logic 0.039ns (21.012%)  route 0.147ns (78.988%))
  Logic Levels:           0  
  Clock Path Skew:        0.169ns (DCD - SCD - CPR)
    Destination Clock Delay (DCD):    1.295ns
    Source Clock Delay      (SCD):    1.127ns
    Clock Pessimism Removal (CPR):    -0.000ns
  Clock Uncertainty:      0.112ns  ((TSJ^2 + DJ^2)^1/2) / 2 + PE
    Total System Jitter     (TSJ):    0.071ns
    Discrete Jitter          (DJ):    0.213ns
    Phase Error              (PE):    0.000ns
  Clock Net Delay (Source):      0.988ns (routing 0.311ns, distribution 0.677ns)
  Clock Net Delay (Destination): 1.123ns (routing 0.352ns, distribution 0.771ns)
  Timing Exception:       False Path

    Location             Delay type                Incr(ns)  Path(ns)    Netlist Resource(s)
  -------------------------------------------------------------------    -------------------
                         (clock clk_pl_0 rise edge)
                                                      0.000     0.000 r  
    PS8_X0Y0             PS8                          0.000     0.000 r  top_i/zynq_ps/inst/PS8_i/PLCLK[0]
                         net (fo=1, routed)           0.122     0.122    top_i/zynq_ps/inst/pl_clk_unbuffered[0]
    BUFG_PS_X0Y80        BUFG_PS (Prop_BUFG_PS_I_O)
                                                      0.017     0.139 r  top_i/zynq_ps/inst/buffer_pl_clk_0.PL_CLK_0_BUFG/O
    X1Y2 (CLOCK_ROOT)    net (fo=61545, routed)       0.988     1.127    top_i/smartconnect_0/inst/clk_map/psr_aclk/U0/aclk
    SLICE_X57Y28         FDRE                                         r  top_i/smartconnect_0/inst/clk_map/psr_aclk/U0/ACTIVE_LOW_BSR_OUT_DFF[0].FDRE_BSR_N/C
  -------------------------------------------------------------------    -------------------
    SLICE_X57Y28         FDRE (Prop_DFF_SLICEM_C_Q)
                                                      0.039     1.166 r  top_i/smartconnect_0/inst/clk_map/psr_aclk/U0/ACTIVE_LOW_BSR_OUT_DFF[0].FDRE_BSR_N/Q
                         net (fo=66, routed)          0.147     1.312    top_i/smartconnect_0/inst/s01_nodes/s01_b_node/inst/s_sc_xpm_cdc_async_rst_inst/src_arst
    SLICE_X57Y33         FDCE                                         f  top_i/smartconnect_0/inst/s01_nodes/s01_b_node/inst/s_sc_xpm_cdc_async_rst_inst/arststages_ff_reg[0]/CLR  (IS_INVERTED)
  -------------------------------------------------------------------    -------------------

                         (clock clk_pl_0 rise edge)
                                                      0.000     0.000 r  
    PS8_X0Y0             PS8                          0.000     0.000 r  top_i/zynq_ps/inst/PS8_i/PLCLK[0]
                         net (fo=1, routed)           0.154     0.154    top_i/zynq_ps/inst/pl_clk_unbuffered[0]
    BUFG_PS_X0Y80        BUFG_PS (Prop_BUFG_PS_I_O)
                                                      0.018     0.172 r  top_i/zynq_ps/inst/buffer_pl_clk_0.PL_CLK_0_BUFG/O
    X1Y2 (CLOCK_ROOT)    net (fo=61545, routed)       1.123     1.295    top_i/smartconnect_0/inst/s01_nodes/s01_b_node/inst/s_sc_xpm_cdc_async_rst_inst/dest_clk
    SLICE_X57Y33         FDCE                                         r  top_i/smartconnect_0/inst/s01_nodes/s01_b_node/inst/s_sc_xpm_cdc_async_rst_inst/arststages_ff_reg[0]/C

Slack:                    inf
  Source:                 top_i/smartconnect_0/inst/clk_map/psr_aclk/U0/ACTIVE_LOW_BSR_OUT_DFF[0].FDRE_BSR_N/C
                            (rising edge-triggered cell FDRE clocked by clk_pl_0  {rise@0.000ns fall@2.667ns period=5.333ns})
  Destination:            top_i/smartconnect_0/inst/s01_nodes/s01_b_node/inst/s_sc_xpm_cdc_async_rst_inst/arststages_ff_reg[1]/CLR
                            (removal check against rising-edge clock clk_pl_0  {rise@0.000ns fall@2.667ns period=5.333ns})
  Path Group:             (none)
  Path Type:              Removal (Min at Fast Process Corner)
  Data Path Delay:        0.186ns  (logic 0.039ns (21.012%)  route 0.147ns (78.988%))
  Logic Levels:           0  
  Clock Path Skew:        0.169ns (DCD - SCD - CPR)
    Destination Clock Delay (DCD):    1.295ns
    Source Clock Delay      (SCD):    1.127ns
    Clock Pessimism Removal (CPR):    -0.000ns
  Clock Uncertainty:      0.112ns  ((TSJ^2 + DJ^2)^1/2) / 2 + PE
    Total System Jitter     (TSJ):    0.071ns
    Discrete Jitter          (DJ):    0.213ns
    Phase Error              (PE):    0.000ns
  Clock Net Delay (Source):      0.988ns (routing 0.311ns, distribution 0.677ns)
  Clock Net Delay (Destination): 1.123ns (routing 0.352ns, distribution 0.771ns)
  Timing Exception:       False Path

    Location             Delay type                Incr(ns)  Path(ns)    Netlist Resource(s)
  -------------------------------------------------------------------    -------------------
                         (clock clk_pl_0 rise edge)
                                                      0.000     0.000 r  
    PS8_X0Y0             PS8                          0.000     0.000 r  top_i/zynq_ps/inst/PS8_i/PLCLK[0]
                         net (fo=1, routed)           0.122     0.122    top_i/zynq_ps/inst/pl_clk_unbuffered[0]
    BUFG_PS_X0Y80        BUFG_PS (Prop_BUFG_PS_I_O)
                                                      0.017     0.139 r  top_i/zynq_ps/inst/buffer_pl_clk_0.PL_CLK_0_BUFG/O
    X1Y2 (CLOCK_ROOT)    net (fo=61545, routed)       0.988     1.127    top_i/smartconnect_0/inst/clk_map/psr_aclk/U0/aclk
    SLICE_X57Y28         FDRE                                         r  top_i/smartconnect_0/inst/clk_map/psr_aclk/U0/ACTIVE_LOW_BSR_OUT_DFF[0].FDRE_BSR_N/C
  -------------------------------------------------------------------    -------------------
    SLICE_X57Y28         FDRE (Prop_DFF_SLICEM_C_Q)
                                                      0.039     1.166 r  top_i/smartconnect_0/inst/clk_map/psr_aclk/U0/ACTIVE_LOW_BSR_OUT_DFF[0].FDRE_BSR_N/Q
                         net (fo=66, routed)          0.147     1.312    top_i/smartconnect_0/inst/s01_nodes/s01_b_node/inst/s_sc_xpm_cdc_async_rst_inst/src_arst
    SLICE_X57Y33         FDCE                                         f  top_i/smartconnect_0/inst/s01_nodes/s01_b_node/inst/s_sc_xpm_cdc_async_rst_inst/arststages_ff_reg[1]/CLR  (IS_INVERTED)
  -------------------------------------------------------------------    -------------------

                         (clock clk_pl_0 rise edge)
                                                      0.000     0.000 r  
    PS8_X0Y0             PS8                          0.000     0.000 r  top_i/zynq_ps/inst/PS8_i/PLCLK[0]
                         net (fo=1, routed)           0.154     0.154    top_i/zynq_ps/inst/pl_clk_unbuffered[0]
    BUFG_PS_X0Y80        BUFG_PS (Prop_BUFG_PS_I_O)
                                                      0.018     0.172 r  top_i/zynq_ps/inst/buffer_pl_clk_0.PL_CLK_0_BUFG/O
    X1Y2 (CLOCK_ROOT)    net (fo=61545, routed)       1.123     1.295    top_i/smartconnect_0/inst/s01_nodes/s01_b_node/inst/s_sc_xpm_cdc_async_rst_inst/dest_clk
    SLICE_X57Y33         FDCE                                         r  top_i/smartconnect_0/inst/s01_nodes/s01_b_node/inst/s_sc_xpm_cdc_async_rst_inst/arststages_ff_reg[1]/C

Slack:                    inf
  Source:                 top_i/smartconnect_0/inst/clk_map/psr_aclk/U0/ACTIVE_LOW_BSR_OUT_DFF[0].FDRE_BSR_N/C
                            (rising edge-triggered cell FDRE clocked by clk_pl_0  {rise@0.000ns fall@2.667ns period=5.333ns})
  Destination:            top_i/smartconnect_0/inst/s01_nodes/s01_b_node/inst/s_sc_xpm_cdc_async_rst_inst/arststages_ff_reg[2]/CLR
                            (removal check against rising-edge clock clk_pl_0  {rise@0.000ns fall@2.667ns period=5.333ns})
  Path Group:             (none)
  Path Type:              Removal (Min at Fast Process Corner)
  Data Path Delay:        0.186ns  (logic 0.039ns (21.012%)  route 0.147ns (78.988%))
  Logic Levels:           0  
  Clock Path Skew:        0.169ns (DCD - SCD - CPR)
    Destination Clock Delay (DCD):    1.295ns
    Source Clock Delay      (SCD):    1.127ns
    Clock Pessimism Removal (CPR):    -0.000ns
  Clock Uncertainty:      0.112ns  ((TSJ^2 + DJ^2)^1/2) / 2 + PE
    Total System Jitter     (TSJ):    0.071ns
    Discrete Jitter          (DJ):    0.213ns
    Phase Error              (PE):    0.000ns
  Clock Net Delay (Source):      0.988ns (routing 0.311ns, distribution 0.677ns)
  Clock Net Delay (Destination): 1.123ns (routing 0.352ns, distribution 0.771ns)
  Timing Exception:       False Path

    Location             Delay type                Incr(ns)  Path(ns)    Netlist Resource(s)
  -------------------------------------------------------------------    -------------------
                         (clock clk_pl_0 rise edge)
                                                      0.000     0.000 r  
    PS8_X0Y0             PS8                          0.000     0.000 r  top_i/zynq_ps/inst/PS8_i/PLCLK[0]
                         net (fo=1, routed)           0.122     0.122    top_i/zynq_ps/inst/pl_clk_unbuffered[0]
    BUFG_PS_X0Y80        BUFG_PS (Prop_BUFG_PS_I_O)
                                                      0.017     0.139 r  top_i/zynq_ps/inst/buffer_pl_clk_0.PL_CLK_0_BUFG/O
    X1Y2 (CLOCK_ROOT)    net (fo=61545, routed)       0.988     1.127    top_i/smartconnect_0/inst/clk_map/psr_aclk/U0/aclk
    SLICE_X57Y28         FDRE                                         r  top_i/smartconnect_0/inst/clk_map/psr_aclk/U0/ACTIVE_LOW_BSR_OUT_DFF[0].FDRE_BSR_N/C
  -------------------------------------------------------------------    -------------------
    SLICE_X57Y28         FDRE (Prop_DFF_SLICEM_C_Q)
                                                      0.039     1.166 r  top_i/smartconnect_0/inst/clk_map/psr_aclk/U0/ACTIVE_LOW_BSR_OUT_DFF[0].FDRE_BSR_N/Q
                         net (fo=66, routed)          0.147     1.312    top_i/smartconnect_0/inst/s01_nodes/s01_b_node/inst/s_sc_xpm_cdc_async_rst_inst/src_arst
    SLICE_X57Y33         FDCE                                         f  top_i/smartconnect_0/inst/s01_nodes/s01_b_node/inst/s_sc_xpm_cdc_async_rst_inst/arststages_ff_reg[2]/CLR  (IS_INVERTED)
  -------------------------------------------------------------------    -------------------

                         (clock clk_pl_0 rise edge)
                                                      0.000     0.000 r  
    PS8_X0Y0             PS8                          0.000     0.000 r  top_i/zynq_ps/inst/PS8_i/PLCLK[0]
                         net (fo=1, routed)           0.154     0.154    top_i/zynq_ps/inst/pl_clk_unbuffered[0]
    BUFG_PS_X0Y80        BUFG_PS (Prop_BUFG_PS_I_O)
                                                      0.018     0.172 r  top_i/zynq_ps/inst/buffer_pl_clk_0.PL_CLK_0_BUFG/O
    X1Y2 (CLOCK_ROOT)    net (fo=61545, routed)       1.123     1.295    top_i/smartconnect_0/inst/s01_nodes/s01_b_node/inst/s_sc_xpm_cdc_async_rst_inst/dest_clk
    SLICE_X57Y33         FDCE                                         r  top_i/smartconnect_0/inst/s01_nodes/s01_b_node/inst/s_sc_xpm_cdc_async_rst_inst/arststages_ff_reg[2]/C

Slack:                    inf
  Source:                 top_i/smartconnect_0/inst/clk_map/psr_aclk/U0/ACTIVE_LOW_BSR_OUT_DFF[0].FDRE_BSR_N/C
                            (rising edge-triggered cell FDRE clocked by clk_pl_0  {rise@0.000ns fall@2.667ns period=5.333ns})
  Destination:            top_i/smartconnect_0/inst/m00_nodes/m00_b_node/inst/s_sc_xpm_cdc_async_rst_inst/arststages_ff_reg[0]/CLR
                            (removal check against rising-edge clock clk_pl_0  {rise@0.000ns fall@2.667ns period=5.333ns})
  Path Group:             (none)
  Path Type:              Removal (Min at Fast Process Corner)
  Data Path Delay:        0.267ns  (logic 0.039ns (14.583%)  route 0.228ns (85.417%))
  Logic Levels:           0  
  Clock Path Skew:        0.154ns (DCD - SCD - CPR)
    Destination Clock Delay (DCD):    1.281ns
    Source Clock Delay      (SCD):    1.127ns
    Clock Pessimism Removal (CPR):    -0.000ns
  Clock Uncertainty:      0.112ns  ((TSJ^2 + DJ^2)^1/2) / 2 + PE
    Total System Jitter     (TSJ):    0.071ns
    Discrete Jitter          (DJ):    0.213ns
    Phase Error              (PE):    0.000ns
  Clock Net Delay (Source):      0.988ns (routing 0.311ns, distribution 0.677ns)
  Clock Net Delay (Destination): 1.109ns (routing 0.352ns, distribution 0.757ns)
  Timing Exception:       False Path

    Location             Delay type                Incr(ns)  Path(ns)    Netlist Resource(s)
  -------------------------------------------------------------------    -------------------
                         (clock clk_pl_0 rise edge)
                                                      0.000     0.000 r  
    PS8_X0Y0             PS8                          0.000     0.000 r  top_i/zynq_ps/inst/PS8_i/PLCLK[0]
                         net (fo=1, routed)           0.122     0.122    top_i/zynq_ps/inst/pl_clk_unbuffered[0]
    BUFG_PS_X0Y80        BUFG_PS (Prop_BUFG_PS_I_O)
                                                      0.017     0.139 r  top_i/zynq_ps/inst/buffer_pl_clk_0.PL_CLK_0_BUFG/O
    X1Y2 (CLOCK_ROOT)    net (fo=61545, routed)       0.988     1.127    top_i/smartconnect_0/inst/clk_map/psr_aclk/U0/aclk
    SLICE_X57Y28         FDRE                                         r  top_i/smartconnect_0/inst/clk_map/psr_aclk/U0/ACTIVE_LOW_BSR_OUT_DFF[0].FDRE_BSR_N/C
  -------------------------------------------------------------------    -------------------
    SLICE_X57Y28         FDRE (Prop_DFF_SLICEM_C_Q)
                                                      0.039     1.166 r  top_i/smartconnect_0/inst/clk_map/psr_aclk/U0/ACTIVE_LOW_BSR_OUT_DFF[0].FDRE_BSR_N/Q
                         net (fo=66, routed)          0.228     1.394    top_i/smartconnect_0/inst/m00_nodes/m00_b_node/inst/s_sc_xpm_cdc_async_rst_inst/src_arst
    SLICE_X52Y34         FDCE                                         f  top_i/smartconnect_0/inst/m00_nodes/m00_b_node/inst/s_sc_xpm_cdc_async_rst_inst/arststages_ff_reg[0]/CLR  (IS_INVERTED)
  -------------------------------------------------------------------    -------------------

                         (clock clk_pl_0 rise edge)
                                                      0.000     0.000 r  
    PS8_X0Y0             PS8                          0.000     0.000 r  top_i/zynq_ps/inst/PS8_i/PLCLK[0]
                         net (fo=1, routed)           0.154     0.154    top_i/zynq_ps/inst/pl_clk_unbuffered[0]
    BUFG_PS_X0Y80        BUFG_PS (Prop_BUFG_PS_I_O)
                                                      0.018     0.172 r  top_i/zynq_ps/inst/buffer_pl_clk_0.PL_CLK_0_BUFG/O
    X1Y2 (CLOCK_ROOT)    net (fo=61545, routed)       1.109     1.281    top_i/smartconnect_0/inst/m00_nodes/m00_b_node/inst/s_sc_xpm_cdc_async_rst_inst/dest_clk
    SLICE_X52Y34         FDCE                                         r  top_i/smartconnect_0/inst/m00_nodes/m00_b_node/inst/s_sc_xpm_cdc_async_rst_inst/arststages_ff_reg[0]/C

Slack:                    inf
  Source:                 top_i/smartconnect_0/inst/clk_map/psr_aclk/U0/ACTIVE_LOW_BSR_OUT_DFF[0].FDRE_BSR_N/C
                            (rising edge-triggered cell FDRE clocked by clk_pl_0  {rise@0.000ns fall@2.667ns period=5.333ns})
  Destination:            top_i/smartconnect_0/inst/m00_nodes/m00_b_node/inst/s_sc_xpm_cdc_async_rst_inst/arststages_ff_reg[1]/CLR
                            (removal check against rising-edge clock clk_pl_0  {rise@0.000ns fall@2.667ns period=5.333ns})
  Path Group:             (none)
  Path Type:              Removal (Min at Fast Process Corner)
  Data Path Delay:        0.267ns  (logic 0.039ns (14.583%)  route 0.228ns (85.417%))
  Logic Levels:           0  
  Clock Path Skew:        0.154ns (DCD - SCD - CPR)
    Destination Clock Delay (DCD):    1.281ns
    Source Clock Delay      (SCD):    1.127ns
    Clock Pessimism Removal (CPR):    -0.000ns
  Clock Uncertainty:      0.112ns  ((TSJ^2 + DJ^2)^1/2) / 2 + PE
    Total System Jitter     (TSJ):    0.071ns
    Discrete Jitter          (DJ):    0.213ns
    Phase Error              (PE):    0.000ns
  Clock Net Delay (Source):      0.988ns (routing 0.311ns, distribution 0.677ns)
  Clock Net Delay (Destination): 1.109ns (routing 0.352ns, distribution 0.757ns)
  Timing Exception:       False Path

    Location             Delay type                Incr(ns)  Path(ns)    Netlist Resource(s)
  -------------------------------------------------------------------    -------------------
                         (clock clk_pl_0 rise edge)
                                                      0.000     0.000 r  
    PS8_X0Y0             PS8                          0.000     0.000 r  top_i/zynq_ps/inst/PS8_i/PLCLK[0]
                         net (fo=1, routed)           0.122     0.122    top_i/zynq_ps/inst/pl_clk_unbuffered[0]
    BUFG_PS_X0Y80        BUFG_PS (Prop_BUFG_PS_I_O)
                                                      0.017     0.139 r  top_i/zynq_ps/inst/buffer_pl_clk_0.PL_CLK_0_BUFG/O
    X1Y2 (CLOCK_ROOT)    net (fo=61545, routed)       0.988     1.127    top_i/smartconnect_0/inst/clk_map/psr_aclk/U0/aclk
    SLICE_X57Y28         FDRE                                         r  top_i/smartconnect_0/inst/clk_map/psr_aclk/U0/ACTIVE_LOW_BSR_OUT_DFF[0].FDRE_BSR_N/C
  -------------------------------------------------------------------    -------------------
    SLICE_X57Y28         FDRE (Prop_DFF_SLICEM_C_Q)
                                                      0.039     1.166 r  top_i/smartconnect_0/inst/clk_map/psr_aclk/U0/ACTIVE_LOW_BSR_OUT_DFF[0].FDRE_BSR_N/Q
                         net (fo=66, routed)          0.228     1.394    top_i/smartconnect_0/inst/m00_nodes/m00_b_node/inst/s_sc_xpm_cdc_async_rst_inst/src_arst
    SLICE_X52Y34         FDCE                                         f  top_i/smartconnect_0/inst/m00_nodes/m00_b_node/inst/s_sc_xpm_cdc_async_rst_inst/arststages_ff_reg[1]/CLR  (IS_INVERTED)
  -------------------------------------------------------------------    -------------------

                         (clock clk_pl_0 rise edge)
                                                      0.000     0.000 r  
    PS8_X0Y0             PS8                          0.000     0.000 r  top_i/zynq_ps/inst/PS8_i/PLCLK[0]
                         net (fo=1, routed)           0.154     0.154    top_i/zynq_ps/inst/pl_clk_unbuffered[0]
    BUFG_PS_X0Y80        BUFG_PS (Prop_BUFG_PS_I_O)
                                                      0.018     0.172 r  top_i/zynq_ps/inst/buffer_pl_clk_0.PL_CLK_0_BUFG/O
    X1Y2 (CLOCK_ROOT)    net (fo=61545, routed)       1.109     1.281    top_i/smartconnect_0/inst/m00_nodes/m00_b_node/inst/s_sc_xpm_cdc_async_rst_inst/dest_clk
    SLICE_X52Y34         FDCE                                         r  top_i/smartconnect_0/inst/m00_nodes/m00_b_node/inst/s_sc_xpm_cdc_async_rst_inst/arststages_ff_reg[1]/C

Slack:                    inf
  Source:                 top_i/smartconnect_0/inst/clk_map/psr_aclk/U0/ACTIVE_LOW_BSR_OUT_DFF[0].FDRE_BSR_N/C
                            (rising edge-triggered cell FDRE clocked by clk_pl_0  {rise@0.000ns fall@2.667ns period=5.333ns})
  Destination:            top_i/smartconnect_0/inst/m00_nodes/m00_b_node/inst/s_sc_xpm_cdc_async_rst_inst/arststages_ff_reg[2]/CLR
                            (removal check against rising-edge clock clk_pl_0  {rise@0.000ns fall@2.667ns period=5.333ns})
  Path Group:             (none)
  Path Type:              Removal (Min at Fast Process Corner)
  Data Path Delay:        0.267ns  (logic 0.039ns (14.583%)  route 0.228ns (85.417%))
  Logic Levels:           0  
  Clock Path Skew:        0.154ns (DCD - SCD - CPR)
    Destination Clock Delay (DCD):    1.281ns
    Source Clock Delay      (SCD):    1.127ns
    Clock Pessimism Removal (CPR):    -0.000ns
  Clock Uncertainty:      0.112ns  ((TSJ^2 + DJ^2)^1/2) / 2 + PE
    Total System Jitter     (TSJ):    0.071ns
    Discrete Jitter          (DJ):    0.213ns
    Phase Error              (PE):    0.000ns
  Clock Net Delay (Source):      0.988ns (routing 0.311ns, distribution 0.677ns)
  Clock Net Delay (Destination): 1.109ns (routing 0.352ns, distribution 0.757ns)
  Timing Exception:       False Path

    Location             Delay type                Incr(ns)  Path(ns)    Netlist Resource(s)
  -------------------------------------------------------------------    -------------------
                         (clock clk_pl_0 rise edge)
                                                      0.000     0.000 r  
    PS8_X0Y0             PS8                          0.000     0.000 r  top_i/zynq_ps/inst/PS8_i/PLCLK[0]
                         net (fo=1, routed)           0.122     0.122    top_i/zynq_ps/inst/pl_clk_unbuffered[0]
    BUFG_PS_X0Y80        BUFG_PS (Prop_BUFG_PS_I_O)
                                                      0.017     0.139 r  top_i/zynq_ps/inst/buffer_pl_clk_0.PL_CLK_0_BUFG/O
    X1Y2 (CLOCK_ROOT)    net (fo=61545, routed)       0.988     1.127    top_i/smartconnect_0/inst/clk_map/psr_aclk/U0/aclk
    SLICE_X57Y28         FDRE                                         r  top_i/smartconnect_0/inst/clk_map/psr_aclk/U0/ACTIVE_LOW_BSR_OUT_DFF[0].FDRE_BSR_N/C
  -------------------------------------------------------------------    -------------------
    SLICE_X57Y28         FDRE (Prop_DFF_SLICEM_C_Q)
                                                      0.039     1.166 r  top_i/smartconnect_0/inst/clk_map/psr_aclk/U0/ACTIVE_LOW_BSR_OUT_DFF[0].FDRE_BSR_N/Q
                         net (fo=66, routed)          0.228     1.394    top_i/smartconnect_0/inst/m00_nodes/m00_b_node/inst/s_sc_xpm_cdc_async_rst_inst/src_arst
    SLICE_X52Y34         FDCE                                         f  top_i/smartconnect_0/inst/m00_nodes/m00_b_node/inst/s_sc_xpm_cdc_async_rst_inst/arststages_ff_reg[2]/CLR  (IS_INVERTED)
  -------------------------------------------------------------------    -------------------

                         (clock clk_pl_0 rise edge)
                                                      0.000     0.000 r  
    PS8_X0Y0             PS8                          0.000     0.000 r  top_i/zynq_ps/inst/PS8_i/PLCLK[0]
                         net (fo=1, routed)           0.154     0.154    top_i/zynq_ps/inst/pl_clk_unbuffered[0]
    BUFG_PS_X0Y80        BUFG_PS (Prop_BUFG_PS_I_O)
                                                      0.018     0.172 r  top_i/zynq_ps/inst/buffer_pl_clk_0.PL_CLK_0_BUFG/O
    X1Y2 (CLOCK_ROOT)    net (fo=61545, routed)       1.109     1.281    top_i/smartconnect_0/inst/m00_nodes/m00_b_node/inst/s_sc_xpm_cdc_async_rst_inst/dest_clk
    SLICE_X52Y34         FDCE                                         r  top_i/smartconnect_0/inst/m00_nodes/m00_b_node/inst/s_sc_xpm_cdc_async_rst_inst/arststages_ff_reg[2]/C

Slack:                    inf
  Source:                 top_i/smartconnect_0/inst/clk_map/psr_aclk/U0/ACTIVE_LOW_BSR_OUT_DFF[0].FDRE_BSR_N/C
                            (rising edge-triggered cell FDRE clocked by clk_pl_0  {rise@0.000ns fall@2.667ns period=5.333ns})
  Destination:            top_i/smartconnect_0/inst/m00_nodes/m00_aw_node/inst/s_sc_xpm_cdc_async_rst_inst/arststages_ff_reg[0]/CLR
                            (removal check against rising-edge clock clk_pl_0  {rise@0.000ns fall@2.667ns period=5.333ns})
  Path Group:             (none)
  Path Type:              Removal (Min at Fast Process Corner)
  Data Path Delay:        0.399ns  (logic 0.039ns (9.768%)  route 0.360ns (90.232%))
  Logic Levels:           0  
  Clock Path Skew:        0.162ns (DCD - SCD - CPR)
    Destination Clock Delay (DCD):    1.289ns
    Source Clock Delay      (SCD):    1.127ns
    Clock Pessimism Removal (CPR):    -0.000ns
  Clock Uncertainty:      0.112ns  ((TSJ^2 + DJ^2)^1/2) / 2 + PE
    Total System Jitter     (TSJ):    0.071ns
    Discrete Jitter          (DJ):    0.213ns
    Phase Error              (PE):    0.000ns
  Clock Net Delay (Source):      0.988ns (routing 0.311ns, distribution 0.677ns)
  Clock Net Delay (Destination): 1.117ns (routing 0.352ns, distribution 0.765ns)
  Timing Exception:       False Path

    Location             Delay type                Incr(ns)  Path(ns)    Netlist Resource(s)
  -------------------------------------------------------------------    -------------------
                         (clock clk_pl_0 rise edge)
                                                      0.000     0.000 r  
    PS8_X0Y0             PS8                          0.000     0.000 r  top_i/zynq_ps/inst/PS8_i/PLCLK[0]
                         net (fo=1, routed)           0.122     0.122    top_i/zynq_ps/inst/pl_clk_unbuffered[0]
    BUFG_PS_X0Y80        BUFG_PS (Prop_BUFG_PS_I_O)
                                                      0.017     0.139 r  top_i/zynq_ps/inst/buffer_pl_clk_0.PL_CLK_0_BUFG/O
    X1Y2 (CLOCK_ROOT)    net (fo=61545, routed)       0.988     1.127    top_i/smartconnect_0/inst/clk_map/psr_aclk/U0/aclk
    SLICE_X57Y28         FDRE                                         r  top_i/smartconnect_0/inst/clk_map/psr_aclk/U0/ACTIVE_LOW_BSR_OUT_DFF[0].FDRE_BSR_N/C
  -------------------------------------------------------------------    -------------------
    SLICE_X57Y28         FDRE (Prop_DFF_SLICEM_C_Q)
                                                      0.039     1.166 r  top_i/smartconnect_0/inst/clk_map/psr_aclk/U0/ACTIVE_LOW_BSR_OUT_DFF[0].FDRE_BSR_N/Q
                         net (fo=66, routed)          0.360     1.526    top_i/smartconnect_0/inst/m00_nodes/m00_aw_node/inst/s_sc_xpm_cdc_async_rst_inst/src_arst
    SLICE_X55Y46         FDCE                                         f  top_i/smartconnect_0/inst/m00_nodes/m00_aw_node/inst/s_sc_xpm_cdc_async_rst_inst/arststages_ff_reg[0]/CLR  (IS_INVERTED)
  -------------------------------------------------------------------    -------------------

                         (clock clk_pl_0 rise edge)
                                                      0.000     0.000 r  
    PS8_X0Y0             PS8                          0.000     0.000 r  top_i/zynq_ps/inst/PS8_i/PLCLK[0]
                         net (fo=1, routed)           0.154     0.154    top_i/zynq_ps/inst/pl_clk_unbuffered[0]
    BUFG_PS_X0Y80        BUFG_PS (Prop_BUFG_PS_I_O)
                                                      0.018     0.172 r  top_i/zynq_ps/inst/buffer_pl_clk_0.PL_CLK_0_BUFG/O
    X1Y2 (CLOCK_ROOT)    net (fo=61545, routed)       1.117     1.289    top_i/smartconnect_0/inst/m00_nodes/m00_aw_node/inst/s_sc_xpm_cdc_async_rst_inst/dest_clk
    SLICE_X55Y46         FDCE                                         r  top_i/smartconnect_0/inst/m00_nodes/m00_aw_node/inst/s_sc_xpm_cdc_async_rst_inst/arststages_ff_reg[0]/C

Slack:                    inf
  Source:                 top_i/smartconnect_0/inst/clk_map/psr_aclk/U0/ACTIVE_LOW_BSR_OUT_DFF[0].FDRE_BSR_N/C
                            (rising edge-triggered cell FDRE clocked by clk_pl_0  {rise@0.000ns fall@2.667ns period=5.333ns})
  Destination:            top_i/smartconnect_0/inst/m00_nodes/m00_aw_node/inst/s_sc_xpm_cdc_async_rst_inst/arststages_ff_reg[1]/CLR
                            (removal check against rising-edge clock clk_pl_0  {rise@0.000ns fall@2.667ns period=5.333ns})
  Path Group:             (none)
  Path Type:              Removal (Min at Fast Process Corner)
  Data Path Delay:        0.399ns  (logic 0.039ns (9.768%)  route 0.360ns (90.232%))
  Logic Levels:           0  
  Clock Path Skew:        0.162ns (DCD - SCD - CPR)
    Destination Clock Delay (DCD):    1.289ns
    Source Clock Delay      (SCD):    1.127ns
    Clock Pessimism Removal (CPR):    -0.000ns
  Clock Uncertainty:      0.112ns  ((TSJ^2 + DJ^2)^1/2) / 2 + PE
    Total System Jitter     (TSJ):    0.071ns
    Discrete Jitter          (DJ):    0.213ns
    Phase Error              (PE):    0.000ns
  Clock Net Delay (Source):      0.988ns (routing 0.311ns, distribution 0.677ns)
  Clock Net Delay (Destination): 1.117ns (routing 0.352ns, distribution 0.765ns)
  Timing Exception:       False Path

    Location             Delay type                Incr(ns)  Path(ns)    Netlist Resource(s)
  -------------------------------------------------------------------    -------------------
                         (clock clk_pl_0 rise edge)
                                                      0.000     0.000 r  
    PS8_X0Y0             PS8                          0.000     0.000 r  top_i/zynq_ps/inst/PS8_i/PLCLK[0]
                         net (fo=1, routed)           0.122     0.122    top_i/zynq_ps/inst/pl_clk_unbuffered[0]
    BUFG_PS_X0Y80        BUFG_PS (Prop_BUFG_PS_I_O)
                                                      0.017     0.139 r  top_i/zynq_ps/inst/buffer_pl_clk_0.PL_CLK_0_BUFG/O
    X1Y2 (CLOCK_ROOT)    net (fo=61545, routed)       0.988     1.127    top_i/smartconnect_0/inst/clk_map/psr_aclk/U0/aclk
    SLICE_X57Y28         FDRE                                         r  top_i/smartconnect_0/inst/clk_map/psr_aclk/U0/ACTIVE_LOW_BSR_OUT_DFF[0].FDRE_BSR_N/C
  -------------------------------------------------------------------    -------------------
    SLICE_X57Y28         FDRE (Prop_DFF_SLICEM_C_Q)
                                                      0.039     1.166 r  top_i/smartconnect_0/inst/clk_map/psr_aclk/U0/ACTIVE_LOW_BSR_OUT_DFF[0].FDRE_BSR_N/Q
                         net (fo=66, routed)          0.360     1.526    top_i/smartconnect_0/inst/m00_nodes/m00_aw_node/inst/s_sc_xpm_cdc_async_rst_inst/src_arst
    SLICE_X55Y46         FDCE                                         f  top_i/smartconnect_0/inst/m00_nodes/m00_aw_node/inst/s_sc_xpm_cdc_async_rst_inst/arststages_ff_reg[1]/CLR  (IS_INVERTED)
  -------------------------------------------------------------------    -------------------

                         (clock clk_pl_0 rise edge)
                                                      0.000     0.000 r  
    PS8_X0Y0             PS8                          0.000     0.000 r  top_i/zynq_ps/inst/PS8_i/PLCLK[0]
                         net (fo=1, routed)           0.154     0.154    top_i/zynq_ps/inst/pl_clk_unbuffered[0]
    BUFG_PS_X0Y80        BUFG_PS (Prop_BUFG_PS_I_O)
                                                      0.018     0.172 r  top_i/zynq_ps/inst/buffer_pl_clk_0.PL_CLK_0_BUFG/O
    X1Y2 (CLOCK_ROOT)    net (fo=61545, routed)       1.117     1.289    top_i/smartconnect_0/inst/m00_nodes/m00_aw_node/inst/s_sc_xpm_cdc_async_rst_inst/dest_clk
    SLICE_X55Y46         FDCE                                         r  top_i/smartconnect_0/inst/m00_nodes/m00_aw_node/inst/s_sc_xpm_cdc_async_rst_inst/arststages_ff_reg[1]/C

Slack:                    inf
  Source:                 top_i/smartconnect_0/inst/clk_map/psr_aclk/U0/ACTIVE_LOW_BSR_OUT_DFF[0].FDRE_BSR_N/C
                            (rising edge-triggered cell FDRE clocked by clk_pl_0  {rise@0.000ns fall@2.667ns period=5.333ns})
  Destination:            top_i/smartconnect_0/inst/m00_nodes/m00_aw_node/inst/s_sc_xpm_cdc_async_rst_inst/arststages_ff_reg[2]/CLR
                            (removal check against rising-edge clock clk_pl_0  {rise@0.000ns fall@2.667ns period=5.333ns})
  Path Group:             (none)
  Path Type:              Removal (Min at Fast Process Corner)
  Data Path Delay:        0.399ns  (logic 0.039ns (9.768%)  route 0.360ns (90.232%))
  Logic Levels:           0  
  Clock Path Skew:        0.162ns (DCD - SCD - CPR)
    Destination Clock Delay (DCD):    1.289ns
    Source Clock Delay      (SCD):    1.127ns
    Clock Pessimism Removal (CPR):    -0.000ns
  Clock Uncertainty:      0.112ns  ((TSJ^2 + DJ^2)^1/2) / 2 + PE
    Total System Jitter     (TSJ):    0.071ns
    Discrete Jitter          (DJ):    0.213ns
    Phase Error              (PE):    0.000ns
  Clock Net Delay (Source):      0.988ns (routing 0.311ns, distribution 0.677ns)
  Clock Net Delay (Destination): 1.117ns (routing 0.352ns, distribution 0.765ns)
  Timing Exception:       False Path

    Location             Delay type                Incr(ns)  Path(ns)    Netlist Resource(s)
  -------------------------------------------------------------------    -------------------
                         (clock clk_pl_0 rise edge)
                                                      0.000     0.000 r  
    PS8_X0Y0             PS8                          0.000     0.000 r  top_i/zynq_ps/inst/PS8_i/PLCLK[0]
                         net (fo=1, routed)           0.122     0.122    top_i/zynq_ps/inst/pl_clk_unbuffered[0]
    BUFG_PS_X0Y80        BUFG_PS (Prop_BUFG_PS_I_O)
                                                      0.017     0.139 r  top_i/zynq_ps/inst/buffer_pl_clk_0.PL_CLK_0_BUFG/O
    X1Y2 (CLOCK_ROOT)    net (fo=61545, routed)       0.988     1.127    top_i/smartconnect_0/inst/clk_map/psr_aclk/U0/aclk
    SLICE_X57Y28         FDRE                                         r  top_i/smartconnect_0/inst/clk_map/psr_aclk/U0/ACTIVE_LOW_BSR_OUT_DFF[0].FDRE_BSR_N/C
  -------------------------------------------------------------------    -------------------
    SLICE_X57Y28         FDRE (Prop_DFF_SLICEM_C_Q)
                                                      0.039     1.166 r  top_i/smartconnect_0/inst/clk_map/psr_aclk/U0/ACTIVE_LOW_BSR_OUT_DFF[0].FDRE_BSR_N/Q
                         net (fo=66, routed)          0.360     1.526    top_i/smartconnect_0/inst/m00_nodes/m00_aw_node/inst/s_sc_xpm_cdc_async_rst_inst/src_arst
    SLICE_X55Y46         FDCE                                         f  top_i/smartconnect_0/inst/m00_nodes/m00_aw_node/inst/s_sc_xpm_cdc_async_rst_inst/arststages_ff_reg[2]/CLR  (IS_INVERTED)
  -------------------------------------------------------------------    -------------------

                         (clock clk_pl_0 rise edge)
                                                      0.000     0.000 r  
    PS8_X0Y0             PS8                          0.000     0.000 r  top_i/zynq_ps/inst/PS8_i/PLCLK[0]
                         net (fo=1, routed)           0.154     0.154    top_i/zynq_ps/inst/pl_clk_unbuffered[0]
    BUFG_PS_X0Y80        BUFG_PS (Prop_BUFG_PS_I_O)
                                                      0.018     0.172 r  top_i/zynq_ps/inst/buffer_pl_clk_0.PL_CLK_0_BUFG/O
    X1Y2 (CLOCK_ROOT)    net (fo=61545, routed)       1.117     1.289    top_i/smartconnect_0/inst/m00_nodes/m00_aw_node/inst/s_sc_xpm_cdc_async_rst_inst/dest_clk
    SLICE_X55Y46         FDCE                                         r  top_i/smartconnect_0/inst/m00_nodes/m00_aw_node/inst/s_sc_xpm_cdc_async_rst_inst/arststages_ff_reg[2]/C

Slack:                    inf
  Source:                 top_i/smartconnect_0/inst/clk_map/psr_aclk/U0/ACTIVE_LOW_BSR_OUT_DFF[0].FDRE_BSR_N/C
                            (rising edge-triggered cell FDRE clocked by clk_pl_0  {rise@0.000ns fall@2.667ns period=5.333ns})
  Destination:            top_i/smartconnect_0/inst/s00_nodes/s00_w_node/inst/s_sc_xpm_cdc_async_rst_inst/arststages_ff_reg[0]/CLR
                            (removal check against rising-edge clock clk_pl_0  {rise@0.000ns fall@2.667ns period=5.333ns})
  Path Group:             (none)
  Path Type:              Removal (Min at Fast Process Corner)
  Data Path Delay:        0.437ns  (logic 0.039ns (8.934%)  route 0.398ns (91.066%))
  Logic Levels:           0  
  Clock Path Skew:        0.166ns (DCD - SCD - CPR)
    Destination Clock Delay (DCD):    1.292ns
    Source Clock Delay      (SCD):    1.127ns
    Clock Pessimism Removal (CPR):    -0.000ns
  Clock Uncertainty:      0.112ns  ((TSJ^2 + DJ^2)^1/2) / 2 + PE
    Total System Jitter     (TSJ):    0.071ns
    Discrete Jitter          (DJ):    0.213ns
    Phase Error              (PE):    0.000ns
  Clock Net Delay (Source):      0.988ns (routing 0.311ns, distribution 0.677ns)
  Clock Net Delay (Destination): 1.120ns (routing 0.352ns, distribution 0.768ns)
  Timing Exception:       False Path

    Location             Delay type                Incr(ns)  Path(ns)    Netlist Resource(s)
  -------------------------------------------------------------------    -------------------
                         (clock clk_pl_0 rise edge)
                                                      0.000     0.000 r  
    PS8_X0Y0             PS8                          0.000     0.000 r  top_i/zynq_ps/inst/PS8_i/PLCLK[0]
                         net (fo=1, routed)           0.122     0.122    top_i/zynq_ps/inst/pl_clk_unbuffered[0]
    BUFG_PS_X0Y80        BUFG_PS (Prop_BUFG_PS_I_O)
                                                      0.017     0.139 r  top_i/zynq_ps/inst/buffer_pl_clk_0.PL_CLK_0_BUFG/O
    X1Y2 (CLOCK_ROOT)    net (fo=61545, routed)       0.988     1.127    top_i/smartconnect_0/inst/clk_map/psr_aclk/U0/aclk
    SLICE_X57Y28         FDRE                                         r  top_i/smartconnect_0/inst/clk_map/psr_aclk/U0/ACTIVE_LOW_BSR_OUT_DFF[0].FDRE_BSR_N/C
  -------------------------------------------------------------------    -------------------
    SLICE_X57Y28         FDRE (Prop_DFF_SLICEM_C_Q)
                                                      0.039     1.166 r  top_i/smartconnect_0/inst/clk_map/psr_aclk/U0/ACTIVE_LOW_BSR_OUT_DFF[0].FDRE_BSR_N/Q
                         net (fo=66, routed)          0.398     1.563    top_i/smartconnect_0/inst/s00_nodes/s00_w_node/inst/s_sc_xpm_cdc_async_rst_inst/src_arst
    SLICE_X53Y44         FDCE                                         f  top_i/smartconnect_0/inst/s00_nodes/s00_w_node/inst/s_sc_xpm_cdc_async_rst_inst/arststages_ff_reg[0]/CLR  (IS_INVERTED)
  -------------------------------------------------------------------    -------------------

                         (clock clk_pl_0 rise edge)
                                                      0.000     0.000 r  
    PS8_X0Y0             PS8                          0.000     0.000 r  top_i/zynq_ps/inst/PS8_i/PLCLK[0]
                         net (fo=1, routed)           0.154     0.154    top_i/zynq_ps/inst/pl_clk_unbuffered[0]
    BUFG_PS_X0Y80        BUFG_PS (Prop_BUFG_PS_I_O)
                                                      0.018     0.172 r  top_i/zynq_ps/inst/buffer_pl_clk_0.PL_CLK_0_BUFG/O
    X1Y2 (CLOCK_ROOT)    net (fo=61545, routed)       1.120     1.292    top_i/smartconnect_0/inst/s00_nodes/s00_w_node/inst/s_sc_xpm_cdc_async_rst_inst/dest_clk
    SLICE_X53Y44         FDCE                                         r  top_i/smartconnect_0/inst/s00_nodes/s00_w_node/inst/s_sc_xpm_cdc_async_rst_inst/arststages_ff_reg[0]/C





