Copyright 1986-2022 Xilinx, Inc. All Rights Reserved. Copyright 2022-2024 Advanced Micro Devices, Inc. All Rights Reserved.
----------------------------------------------------------------------------------------------------------------------------------------------------------------------------------------------------------------
| Tool Version      : Vivado v.2024.1 (lin64) Build 5076996 Wed May 22 18:36:09 MDT 2024
| Date              : Fri Jul 17 19:20:32 2026
| Host              : finn_dev_phu running 64-bit Ubuntu 22.04.1 LTS
| Command           : report_timing_summary -max_paths 10 -report_unconstrained -file top_wrapper_timing_summary_routed.rpt -pb top_wrapper_timing_summary_routed.pb -rpx top_wrapper_timing_summary_routed.rpx
| Design            : top_wrapper
| Device            : xczu7ev-ffvc1156
| Speed File        : -2  PRODUCTION 1.30 05-15-2022
| Design State      : Routed
| Temperature Grade : E
----------------------------------------------------------------------------------------------------------------------------------------------------------------------------------------------------------------

Timing Summary Report

------------------------------------------------------------------------------------------------
| Timer Settings
| --------------
------------------------------------------------------------------------------------------------

  Enable Multi Corner Analysis               :  Yes
  Enable Pessimism Removal                   :  Yes
  Pessimism Removal Resolution               :  Nearest Common Node
  Enable Input Delay Default Clock           :  No
  Enable Preset / Clear Arcs                 :  No
  Disable Flight Delays                      :  No
  Ignore I/O Paths                           :  No
  Timing Early Launch at Borrowing Latches   :  No
  Borrow Time for Max Delay Exceptions       :  Yes
  Merge Timing Exceptions                    :  Yes
  Inter-SLR Compensation                     :  Conservative

  Corner  Analyze    Analyze    
  Name    Max Paths  Min Paths  
  ------  ---------  ---------  
  Slow    Yes        Yes        
  Fast    Yes        Yes        


------------------------------------------------------------------------------------------------
| Report Methodology
| ------------------
------------------------------------------------------------------------------------------------

Rule     Severity  Description                   Violations  
-------  --------  ----------------------------  ----------  
LUTAR-1  Warning   LUT drives async reset alert  3           

Note: This report is based on the most recent report_methodology run and may not be up-to-date. Run report_methodology on the current design for the latest report.



check_timing report

Table of Contents
-----------------
1. checking no_clock (0)
2. checking constant_clock (0)
3. checking pulse_width_clock (0)
4. checking unconstrained_internal_endpoints (0)
5. checking no_input_delay (0)
6. checking no_output_delay (0)
7. checking multiple_clock (0)
8. checking generated_clocks (0)
9. checking loops (0)
10. checking partial_input_delay (0)
11. checking partial_output_delay (0)
12. checking latch_loops (0)

1. checking no_clock (0)
------------------------
 There are 0 register/latch pins with no clock.


2. checking constant_clock (0)
------------------------------
 There are 0 register/latch pins with constant_clock.


3. checking pulse_width_clock (0)
---------------------------------
 There are 0 register/latch pins which need pulse_width check


4. checking unconstrained_internal_endpoints (0)
------------------------------------------------
 There are 0 pins that are not constrained for maximum delay.

 There are 0 pins that are not constrained for maximum delay due to constant clock.


5. checking no_input_delay (0)
------------------------------
 There are 0 input ports with no input delay specified.

 There are 0 input ports with no input delay but user has a false path constraint.


6. checking no_output_delay (0)
-------------------------------
 There are 0 ports with no output delay specified.

 There are 0 ports with no output delay but user has a false path constraint

 There are 0 ports with no output delay but with a timing clock defined on it or propagating through it


7. checking multiple_clock (0)
------------------------------
 There are 0 register/latch pins with multiple clocks.


8. checking generated_clocks (0)
--------------------------------
 There are 0 generated clocks that are not connected to a clock source.


9. checking loops (0)
---------------------
 There are 0 combinational loops in the design.


10. checking partial_input_delay (0)
------------------------------------
 There are 0 input ports with partial input delay specified.


11. checking partial_output_delay (0)
-------------------------------------
 There are 0 ports with partial output delay specified.


12. checking latch_loops (0)
----------------------------
 There are 0 combinational latch loops in the design through latch input



------------------------------------------------------------------------------------------------
| Design Timing Summary
| ---------------------
------------------------------------------------------------------------------------------------

    WNS(ns)      TNS(ns)  TNS Failing Endpoints  TNS Total Endpoints      WHS(ns)      THS(ns)  THS Failing Endpoints  THS Total Endpoints     WPWS(ns)     TPWS(ns)  TPWS Failing Endpoints  TPWS Total Endpoints  
    -------      -------  ---------------------  -------------------      -------      -------  ---------------------  -------------------     --------     --------  ----------------------  --------------------  
      0.756        0.000                      0               114745        0.010        0.000                      0               114745        1.166        0.000                       0                 38219  


All user specified timing constraints are met.


------------------------------------------------------------------------------------------------
| Clock Summary
| -------------
------------------------------------------------------------------------------------------------

Clock     Waveform(ns)         Period(ns)      Frequency(MHz)
-----     ------------         ----------      --------------
clk_pl_0  {0.000 2.667}        5.333           187.512         


------------------------------------------------------------------------------------------------
| Intra Clock Table
| -----------------
------------------------------------------------------------------------------------------------

Clock             WNS(ns)      TNS(ns)  TNS Failing Endpoints  TNS Total Endpoints      WHS(ns)      THS(ns)  THS Failing Endpoints  THS Total Endpoints     WPWS(ns)     TPWS(ns)  TPWS Failing Endpoints  TPWS Total Endpoints  
-----             -------      -------  ---------------------  -------------------      -------      -------  ---------------------  -------------------     --------     --------  ----------------------  --------------------  
clk_pl_0            0.756        0.000                      0               114649        0.010        0.000                      0               114649        1.166        0.000                       0                 38219  


------------------------------------------------------------------------------------------------
| Inter Clock Table
| -----------------
------------------------------------------------------------------------------------------------

From Clock    To Clock          WNS(ns)      TNS(ns)  TNS Failing Endpoints  TNS Total Endpoints      WHS(ns)      THS(ns)  THS Failing Endpoints  THS Total Endpoints  
----------    --------          -------      -------  ---------------------  -------------------      -------      -------  ---------------------  -------------------  


------------------------------------------------------------------------------------------------
| Other Path Groups Table
| -----------------------
------------------------------------------------------------------------------------------------

Path Group         From Clock         To Clock               WNS(ns)      TNS(ns)  TNS Failing Endpoints  TNS Total Endpoints      WHS(ns)      THS(ns)  THS Failing Endpoints  THS Total Endpoints  
----------         ----------         --------               -------      -------  ---------------------  -------------------      -------      -------  ---------------------  -------------------  
**async_default**  clk_pl_0           clk_pl_0                 3.945        0.000                      0                   96        0.180        0.000                      0                   96  


------------------------------------------------------------------------------------------------
| User Ignored Path Table
| -----------------------
------------------------------------------------------------------------------------------------

Path Group    From Clock    To Clock    
----------    ----------    --------    
(none)                      clk_pl_0      
(none)        clk_pl_0      clk_pl_0      


------------------------------------------------------------------------------------------------
| Unconstrained Path Table
| ------------------------
------------------------------------------------------------------------------------------------

Path Group    From Clock    To Clock    
----------    ----------    --------    


------------------------------------------------------------------------------------------------
| Timing Details
| --------------
------------------------------------------------------------------------------------------------


---------------------------------------------------------------------------------------------------
From Clock:  clk_pl_0
  To Clock:  clk_pl_0

Setup :            0  Failing Endpoints,  Worst Slack        0.756ns,  Total Violation        0.000ns
Hold  :            0  Failing Endpoints,  Worst Slack        0.010ns,  Total Violation        0.000ns
PW    :            0  Failing Endpoints,  Worst Slack        1.166ns,  Total Violation        0.000ns
---------------------------------------------------------------------------------------------------


Max Delay Paths
--------------------------------------------------------------------------------------
Slack (MET) :             0.756ns  (required time - arrival time)
  Source:                 top_i/StreamingDataflowPartition_1/inst/StreamingDataflowPartition_1_MVAU_rtl_7/StreamingDataflowPartition_1_MVAU_rtl_7_wstrm/inst/core/mem/blkStage2.Mem_reg_bram_0/CLKARDCLK
                            (rising edge-triggered cell RAMB36E2 clocked by clk_pl_0  {rise@0.000ns fall@2.667ns period=5.333ns})
  Destination:            top_i/StreamingDataflowPartition_1/inst/StreamingDataflowPartition_1_MVAU_rtl_7/StreamingDataflowPartition_1_MVAU_rtl_7/inst/inst/blkDsp.genblk2_1.core/genPipes[0].genSIMD[0].genDSP.genblk1_0.dsp/DSP_PREADD_DATA_INST/AD[26]
                            (rising edge-triggered cell DSP_PREADD_DATA clocked by clk_pl_0  {rise@0.000ns fall@2.667ns period=5.333ns})
  Path Group:             clk_pl_0
  Path Type:              Setup (Max at Slow Process Corner)
  Requirement:            5.333ns  (clk_pl_0 rise@5.333ns - clk_pl_0 rise@0.000ns)
  Data Path Delay:        4.331ns  (logic 3.407ns (78.665%)  route 0.924ns (21.335%))
  Logic Levels:           10  (DSP_PREADD=1 DSP_PREADD_DATA=1 LUT3=1 RAMB36E2=7)
  Clock Path Skew:        -0.163ns (DCD - SCD + CPR)
    Destination Clock Delay (DCD):    2.110ns = ( 7.443 - 5.333 ) 
    Source Clock Delay      (SCD):    2.469ns
    Clock Pessimism Removal (CPR):    0.196ns
  Clock Uncertainty:      0.112ns  ((TSJ^2 + DJ^2)^1/2) / 2 + PE
    Total System Jitter     (TSJ):    0.071ns
    Discrete Jitter          (DJ):    0.213ns
    Phase Error              (PE):    0.000ns
  Clock Net Delay (Source):      2.261ns (routing 0.960ns, distribution 1.301ns)
  Clock Net Delay (Destination): 1.942ns (routing 0.872ns, distribution 1.070ns)

    Location             Delay type                Incr(ns)  Path(ns)    Netlist Resource(s)
  -------------------------------------------------------------------    -------------------
                         (clock clk_pl_0 rise edge)
                                                      0.000     0.000 r  
    PS8_X0Y0             PS8                          0.000     0.000 r  top_i/zynq_ps/inst/PS8_i/PLCLK[0]
                         net (fo=1, routed)           0.180     0.180    top_i/zynq_ps/inst/pl_clk_unbuffered[0]
    BUFG_PS_X0Y80        BUFG_PS (Prop_BUFG_PS_I_O)
                                                      0.028     0.208 r  top_i/zynq_ps/inst/buffer_pl_clk_0.PL_CLK_0_BUFG/O
    X2Y2 (CLOCK_ROOT)    net (fo=38649, routed)       2.261     2.469    top_i/StreamingDataflowPartition_1/inst/StreamingDataflowPartition_1_MVAU_rtl_7/StreamingDataflowPartition_1_MVAU_rtl_7_wstrm/inst/core/mem/ap_clk
    RAMB36_X2Y44         RAMB36E2                                     r  top_i/StreamingDataflowPartition_1/inst/StreamingDataflowPartition_1_MVAU_rtl_7/StreamingDataflowPartition_1_MVAU_rtl_7_wstrm/inst/core/mem/blkStage2.Mem_reg_bram_0/CLKARDCLK
  -------------------------------------------------------------------    -------------------
    RAMB36_X2Y44         RAMB36E2 (Prop_RAMB36E2_RAMB36_CLKARDCLK_CASDOUTA[3])
                                                      1.123     3.592 f  top_i/StreamingDataflowPartition_1/inst/StreamingDataflowPartition_1_MVAU_rtl_7/StreamingDataflowPartition_1_MVAU_rtl_7_wstrm/inst/core/mem/blkStage2.Mem_reg_bram_0/CASDOUTA[3]
                         net (fo=1, routed)           0.034     3.626    top_i/StreamingDataflowPartition_1/inst/StreamingDataflowPartition_1_MVAU_rtl_7/StreamingDataflowPartition_1_MVAU_rtl_7_wstrm/inst/core/mem/blkStage2.Mem_reg_bram_0_n_32
    RAMB36_X2Y45         RAMB36E2 (Prop_RAMB36E2_RAMB36_CASDINA[3]_CASDOUTA[3])
                                                      0.210     3.836 f  top_i/StreamingDataflowPartition_1/inst/StreamingDataflowPartition_1_MVAU_rtl_7/StreamingDataflowPartition_1_MVAU_rtl_7_wstrm/inst/core/mem/blkStage2.Mem_reg_bram_1/CASDOUTA[3]
                         net (fo=1, routed)           0.034     3.870    top_i/StreamingDataflowPartition_1/inst/StreamingDataflowPartition_1_MVAU_rtl_7/StreamingDataflowPartition_1_MVAU_rtl_7_wstrm/inst/core/mem/blkStage2.Mem_reg_bram_1_n_32
    RAMB36_X2Y46         RAMB36E2 (Prop_RAMB36E2_RAMB36_CASDINA[3]_CASDOUTA[3])
                                                      0.210     4.080 f  top_i/StreamingDataflowPartition_1/inst/StreamingDataflowPartition_1_MVAU_rtl_7/StreamingDataflowPartition_1_MVAU_rtl_7_wstrm/inst/core/mem/blkStage2.Mem_reg_bram_2/CASDOUTA[3]
                         net (fo=1, routed)           0.034     4.114    top_i/StreamingDataflowPartition_1/inst/StreamingDataflowPartition_1_MVAU_rtl_7/StreamingDataflowPartition_1_MVAU_rtl_7_wstrm/inst/core/mem/blkStage2.Mem_reg_bram_2_n_32
    RAMB36_X2Y47         RAMB36E2 (Prop_RAMB36E2_RAMB36_CASDINA[3]_CASDOUTA[3])
                                                      0.210     4.324 f  top_i/StreamingDataflowPartition_1/inst/StreamingDataflowPartition_1_MVAU_rtl_7/StreamingDataflowPartition_1_MVAU_rtl_7_wstrm/inst/core/mem/blkStage2.Mem_reg_bram_3/CASDOUTA[3]
                         net (fo=1, routed)           0.034     4.358    top_i/StreamingDataflowPartition_1/inst/StreamingDataflowPartition_1_MVAU_rtl_7/StreamingDataflowPartition_1_MVAU_rtl_7_wstrm/inst/core/mem/blkStage2.Mem_reg_bram_3_n_32
    RAMB36_X2Y48         RAMB36E2 (Prop_RAMB36E2_RAMB36_CASDINA[3]_CASDOUTA[3])
                                                      0.210     4.568 f  top_i/StreamingDataflowPartition_1/inst/StreamingDataflowPartition_1_MVAU_rtl_7/StreamingDataflowPartition_1_MVAU_rtl_7_wstrm/inst/core/mem/blkStage2.Mem_reg_bram_4/CASDOUTA[3]
                         net (fo=1, routed)           0.034     4.602    top_i/StreamingDataflowPartition_1/inst/StreamingDataflowPartition_1_MVAU_rtl_7/StreamingDataflowPartition_1_MVAU_rtl_7_wstrm/inst/core/mem/blkStage2.Mem_reg_bram_4_n_32
    RAMB36_X2Y49         RAMB36E2 (Prop_RAMB36E2_RAMB36_CASDINA[3]_CASDOUTA[3])
                                                      0.210     4.812 f  top_i/StreamingDataflowPartition_1/inst/StreamingDataflowPartition_1_MVAU_rtl_7/StreamingDataflowPartition_1_MVAU_rtl_7_wstrm/inst/core/mem/blkStage2.Mem_reg_bram_5/CASDOUTA[3]
                         net (fo=1, routed)           0.034     4.846    top_i/StreamingDataflowPartition_1/inst/StreamingDataflowPartition_1_MVAU_rtl_7/StreamingDataflowPartition_1_MVAU_rtl_7_wstrm/inst/core/mem/blkStage2.Mem_reg_bram_5_n_32
    RAMB36_X2Y50         RAMB36E2 (Prop_RAMB36E2_RAMB36_CASDINA[3]_CASDOUTA[3])
                                                      0.210     5.056 f  top_i/StreamingDataflowPartition_1/inst/StreamingDataflowPartition_1_MVAU_rtl_7/StreamingDataflowPartition_1_MVAU_rtl_7_wstrm/inst/core/mem/blkStage2.Mem_reg_bram_6/CASDOUTA[3]
                         net (fo=1, routed)           0.034     5.090    top_i/StreamingDataflowPartition_1/inst/StreamingDataflowPartition_1_MVAU_rtl_7/StreamingDataflowPartition_1_MVAU_rtl_7_wstrm/inst/core/mem/blkStage2.Mem_reg_bram_6_n_32
    RAMB36_X2Y51         RAMB36E2 (Prop_RAMB36E2_RAMB36_CASDINA[3]_DOUTADOUT[3])
                                                      0.117     5.207 f  top_i/StreamingDataflowPartition_1/inst/StreamingDataflowPartition_1_MVAU_rtl_7/StreamingDataflowPartition_1_MVAU_rtl_7_wstrm/inst/core/mem/blkStage2.Mem_reg_bram_7/DOUTADOUT[3]
                         net (fo=1, routed)           0.488     5.695    top_i/StreamingDataflowPartition_1/inst/StreamingDataflowPartition_1_MVAU_rtl_7/StreamingDataflowPartition_1_MVAU_rtl_7_wstrm/inst/core/mem/blkStage2.Mem_reg_bram_7_n_96
    SLICE_X69Y216        LUT3 (Prop_F5LUT_SLICEL_I2_O)
                                                      0.143     5.838 f  top_i/StreamingDataflowPartition_1/inst/StreamingDataflowPartition_1_MVAU_rtl_7/StreamingDataflowPartition_1_MVAU_rtl_7_wstrm/inst/core/mem/m_axis_0_tdata[3]_INST_0/O
                         net (fo=1, routed)           0.198     6.036    top_i/StreamingDataflowPartition_1/inst/StreamingDataflowPartition_1_MVAU_rtl_7/StreamingDataflowPartition_1_MVAU_rtl_7/inst/inst/blkDsp.genblk2_1.core/genPipes[0].genSIMD[0].genDSP.genblk1_0.dsp/D[26]
    DSP48E2_X7Y85        DSP_PREADD_DATA (Prop_DSP_PREADD_DATA_DSP48E2_DIN[26]_D_DATA[26])
                                                      0.240     6.276 r  top_i/StreamingDataflowPartition_1/inst/StreamingDataflowPartition_1_MVAU_rtl_7/StreamingDataflowPartition_1_MVAU_rtl_7/inst/inst/blkDsp.genblk2_1.core/genPipes[0].genSIMD[0].genDSP.genblk1_0.dsp/DSP_PREADD_DATA_INST/D_DATA[26]
                         net (fo=1, routed)           0.000     6.276    top_i/StreamingDataflowPartition_1/inst/StreamingDataflowPartition_1_MVAU_rtl_7/StreamingDataflowPartition_1_MVAU_rtl_7/inst/inst/blkDsp.genblk2_1.core/genPipes[0].genSIMD[0].genDSP.genblk1_0.dsp/DSP_PREADD_DATA.D_DATA<26>
    DSP48E2_X7Y85        DSP_PREADD (Prop_DSP_PREADD_DSP48E2_D_DATA[26]_AD[26])
                                                      0.524     6.800 r  top_i/StreamingDataflowPartition_1/inst/StreamingDataflowPartition_1_MVAU_rtl_7/StreamingDataflowPartition_1_MVAU_rtl_7/inst/inst/blkDsp.genblk2_1.core/genPipes[0].genSIMD[0].genDSP.genblk1_0.dsp/DSP_PREADD_INST/AD[26]
                         net (fo=1, routed)           0.000     6.800    top_i/StreamingDataflowPartition_1/inst/StreamingDataflowPartition_1_MVAU_rtl_7/StreamingDataflowPartition_1_MVAU_rtl_7/inst/inst/blkDsp.genblk2_1.core/genPipes[0].genSIMD[0].genDSP.genblk1_0.dsp/DSP_PREADD.AD<26>
    DSP48E2_X7Y85        DSP_PREADD_DATA                              r  top_i/StreamingDataflowPartition_1/inst/StreamingDataflowPartition_1_MVAU_rtl_7/StreamingDataflowPartition_1_MVAU_rtl_7/inst/inst/blkDsp.genblk2_1.core/genPipes[0].genSIMD[0].genDSP.genblk1_0.dsp/DSP_PREADD_DATA_INST/AD[26]
  -------------------------------------------------------------------    -------------------

                         (clock clk_pl_0 rise edge)
                                                      5.333     5.333 r  
    PS8_X0Y0             PS8                          0.000     5.333 r  top_i/zynq_ps/inst/PS8_i/PLCLK[0]
                         net (fo=1, routed)           0.143     5.476    top_i/zynq_ps/inst/pl_clk_unbuffered[0]
    BUFG_PS_X0Y80        BUFG_PS (Prop_BUFG_PS_I_O)
                                                      0.025     5.501 r  top_i/zynq_ps/inst/buffer_pl_clk_0.PL_CLK_0_BUFG/O
    X2Y2 (CLOCK_ROOT)    net (fo=38649, routed)       1.942     7.443    top_i/StreamingDataflowPartition_1/inst/StreamingDataflowPartition_1_MVAU_rtl_7/StreamingDataflowPartition_1_MVAU_rtl_7/inst/inst/blkDsp.genblk2_1.core/genPipes[0].genSIMD[0].genDSP.genblk1_0.dsp/CLK
    DSP48E2_X7Y85        DSP_PREADD_DATA                              r  top_i/StreamingDataflowPartition_1/inst/StreamingDataflowPartition_1_MVAU_rtl_7/StreamingDataflowPartition_1_MVAU_rtl_7/inst/inst/blkDsp.genblk2_1.core/genPipes[0].genSIMD[0].genDSP.genblk1_0.dsp/DSP_PREADD_DATA_INST/CLK
                         clock pessimism              0.196     7.639    
                         clock uncertainty           -0.112     7.527    
    DSP48E2_X7Y85        DSP_PREADD_DATA (Setup_DSP_PREADD_DATA_DSP48E2_CLK_AD[26])
                                                      0.029     7.556    top_i/StreamingDataflowPartition_1/inst/StreamingDataflowPartition_1_MVAU_rtl_7/StreamingDataflowPartition_1_MVAU_rtl_7/inst/inst/blkDsp.genblk2_1.core/genPipes[0].genSIMD[0].genDSP.genblk1_0.dsp/DSP_PREADD_DATA_INST
  -------------------------------------------------------------------
                         required time                          7.556    
                         arrival time                          -6.800    
  -------------------------------------------------------------------
                         slack                                  0.756    

Slack (MET) :             0.776ns  (required time - arrival time)
  Source:                 top_i/StreamingDataflowPartition_1/inst/StreamingDataflowPartition_1_MVAU_rtl_7/StreamingDataflowPartition_1_MVAU_rtl_7_wstrm/inst/core/mem/blkStage2.Mem_reg_bram_0/CLKARDCLK
                            (rising edge-triggered cell RAMB36E2 clocked by clk_pl_0  {rise@0.000ns fall@2.667ns period=5.333ns})
  Destination:            top_i/StreamingDataflowPartition_1/inst/StreamingDataflowPartition_1_MVAU_rtl_7/StreamingDataflowPartition_1_MVAU_rtl_7/inst/inst/blkDsp.genblk2_1.core/genPipes[0].genSIMD[0].genDSP.genblk1_0.dsp/DSP_PREADD_DATA_INST/AD[23]
                            (rising edge-triggered cell DSP_PREADD_DATA clocked by clk_pl_0  {rise@0.000ns fall@2.667ns period=5.333ns})
  Path Group:             clk_pl_0
  Path Type:              Setup (Max at Slow Process Corner)
  Requirement:            5.333ns  (clk_pl_0 rise@5.333ns - clk_pl_0 rise@0.000ns)
  Data Path Delay:        4.311ns  (logic 3.446ns (79.935%)  route 0.865ns (20.065%))
  Logic Levels:           10  (DSP_PREADD=1 DSP_PREADD_DATA=1 LUT3=1 RAMB36E2=7)
  Clock Path Skew:        -0.163ns (DCD - SCD + CPR)
    Destination Clock Delay (DCD):    2.110ns = ( 7.443 - 5.333 ) 
    Source Clock Delay      (SCD):    2.469ns
    Clock Pessimism Removal (CPR):    0.196ns
  Clock Uncertainty:      0.112ns  ((TSJ^2 + DJ^2)^1/2) / 2 + PE
    Total System Jitter     (TSJ):    0.071ns
    Discrete Jitter          (DJ):    0.213ns
    Phase Error              (PE):    0.000ns
  Clock Net Delay (Source):      2.261ns (routing 0.960ns, distribution 1.301ns)
  Clock Net Delay (Destination): 1.942ns (routing 0.872ns, distribution 1.070ns)

    Location             Delay type                Incr(ns)  Path(ns)    Netlist Resource(s)
  -------------------------------------------------------------------    -------------------
                         (clock clk_pl_0 rise edge)
                                                      0.000     0.000 r  
    PS8_X0Y0             PS8                          0.000     0.000 r  top_i/zynq_ps/inst/PS8_i/PLCLK[0]
                         net (fo=1, routed)           0.180     0.180    top_i/zynq_ps/inst/pl_clk_unbuffered[0]
    BUFG_PS_X0Y80        BUFG_PS (Prop_BUFG_PS_I_O)
                                                      0.028     0.208 r  top_i/zynq_ps/inst/buffer_pl_clk_0.PL_CLK_0_BUFG/O
    X2Y2 (CLOCK_ROOT)    net (fo=38649, routed)       2.261     2.469    top_i/StreamingDataflowPartition_1/inst/StreamingDataflowPartition_1_MVAU_rtl_7/StreamingDataflowPartition_1_MVAU_rtl_7_wstrm/inst/core/mem/ap_clk
    RAMB36_X2Y44         RAMB36E2                                     r  top_i/StreamingDataflowPartition_1/inst/StreamingDataflowPartition_1_MVAU_rtl_7/StreamingDataflowPartition_1_MVAU_rtl_7_wstrm/inst/core/mem/blkStage2.Mem_reg_bram_0/CLKARDCLK
  -------------------------------------------------------------------    -------------------
    RAMB36_X2Y44         RAMB36E2 (Prop_RAMB36E2_RAMB36_CLKARDCLK_CASDOUTA[0])
                                                      1.156     3.625 f  top_i/StreamingDataflowPartition_1/inst/StreamingDataflowPartition_1_MVAU_rtl_7/StreamingDataflowPartition_1_MVAU_rtl_7_wstrm/inst/core/mem/blkStage2.Mem_reg_bram_0/CASDOUTA[0]
                         net (fo=1, routed)           0.032     3.657    top_i/StreamingDataflowPartition_1/inst/StreamingDataflowPartition_1_MVAU_rtl_7/StreamingDataflowPartition_1_MVAU_rtl_7_wstrm/inst/core/mem/blkStage2.Mem_reg_bram_0_n_35
    RAMB36_X2Y45         RAMB36E2 (Prop_RAMB36E2_RAMB36_CASDINA[0]_CASDOUTA[0])
                                                      0.210     3.867 f  top_i/StreamingDataflowPartition_1/inst/StreamingDataflowPartition_1_MVAU_rtl_7/StreamingDataflowPartition_1_MVAU_rtl_7_wstrm/inst/core/mem/blkStage2.Mem_reg_bram_1/CASDOUTA[0]
                         net (fo=1, routed)           0.032     3.899    top_i/StreamingDataflowPartition_1/inst/StreamingDataflowPartition_1_MVAU_rtl_7/StreamingDataflowPartition_1_MVAU_rtl_7_wstrm/inst/core/mem/blkStage2.Mem_reg_bram_1_n_35
    RAMB36_X2Y46         RAMB36E2 (Prop_RAMB36E2_RAMB36_CASDINA[0]_CASDOUTA[0])
                                                      0.210     4.109 f  top_i/StreamingDataflowPartition_1/inst/StreamingDataflowPartition_1_MVAU_rtl_7/StreamingDataflowPartition_1_MVAU_rtl_7_wstrm/inst/core/mem/blkStage2.Mem_reg_bram_2/CASDOUTA[0]
                         net (fo=1, routed)           0.032     4.141    top_i/StreamingDataflowPartition_1/inst/StreamingDataflowPartition_1_MVAU_rtl_7/StreamingDataflowPartition_1_MVAU_rtl_7_wstrm/inst/core/mem/blkStage2.Mem_reg_bram_2_n_35
    RAMB36_X2Y47         RAMB36E2 (Prop_RAMB36E2_RAMB36_CASDINA[0]_CASDOUTA[0])
                                                      0.210     4.351 f  top_i/StreamingDataflowPartition_1/inst/StreamingDataflowPartition_1_MVAU_rtl_7/StreamingDataflowPartition_1_MVAU_rtl_7_wstrm/inst/core/mem/blkStage2.Mem_reg_bram_3/CASDOUTA[0]
                         net (fo=1, routed)           0.032     4.383    top_i/StreamingDataflowPartition_1/inst/StreamingDataflowPartition_1_MVAU_rtl_7/StreamingDataflowPartition_1_MVAU_rtl_7_wstrm/inst/core/mem/blkStage2.Mem_reg_bram_3_n_35
    RAMB36_X2Y48         RAMB36E2 (Prop_RAMB36E2_RAMB36_CASDINA[0]_CASDOUTA[0])
                                                      0.210     4.593 f  top_i/StreamingDataflowPartition_1/inst/StreamingDataflowPartition_1_MVAU_rtl_7/StreamingDataflowPartition_1_MVAU_rtl_7_wstrm/inst/core/mem/blkStage2.Mem_reg_bram_4/CASDOUTA[0]
                         net (fo=1, routed)           0.032     4.625    top_i/StreamingDataflowPartition_1/inst/StreamingDataflowPartition_1_MVAU_rtl_7/StreamingDataflowPartition_1_MVAU_rtl_7_wstrm/inst/core/mem/blkStage2.Mem_reg_bram_4_n_35
    RAMB36_X2Y49         RAMB36E2 (Prop_RAMB36E2_RAMB36_CASDINA[0]_CASDOUTA[0])
                                                      0.210     4.835 f  top_i/StreamingDataflowPartition_1/inst/StreamingDataflowPartition_1_MVAU_rtl_7/StreamingDataflowPartition_1_MVAU_rtl_7_wstrm/inst/core/mem/blkStage2.Mem_reg_bram_5/CASDOUTA[0]
                         net (fo=1, routed)           0.032     4.867    top_i/StreamingDataflowPartition_1/inst/StreamingDataflowPartition_1_MVAU_rtl_7/StreamingDataflowPartition_1_MVAU_rtl_7_wstrm/inst/core/mem/blkStage2.Mem_reg_bram_5_n_35
    RAMB36_X2Y50         RAMB36E2 (Prop_RAMB36E2_RAMB36_CASDINA[0]_CASDOUTA[0])
                                                      0.210     5.077 f  top_i/StreamingDataflowPartition_1/inst/StreamingDataflowPartition_1_MVAU_rtl_7/StreamingDataflowPartition_1_MVAU_rtl_7_wstrm/inst/core/mem/blkStage2.Mem_reg_bram_6/CASDOUTA[0]
                         net (fo=1, routed)           0.032     5.109    top_i/StreamingDataflowPartition_1/inst/StreamingDataflowPartition_1_MVAU_rtl_7/StreamingDataflowPartition_1_MVAU_rtl_7_wstrm/inst/core/mem/blkStage2.Mem_reg_bram_6_n_35
    RAMB36_X2Y51         RAMB36E2 (Prop_RAMB36E2_RAMB36_CASDINA[0]_DOUTADOUT[0])
                                                      0.117     5.226 f  top_i/StreamingDataflowPartition_1/inst/StreamingDataflowPartition_1_MVAU_rtl_7/StreamingDataflowPartition_1_MVAU_rtl_7_wstrm/inst/core/mem/blkStage2.Mem_reg_bram_7/DOUTADOUT[0]
                         net (fo=1, routed)           0.484     5.710    top_i/StreamingDataflowPartition_1/inst/StreamingDataflowPartition_1_MVAU_rtl_7/StreamingDataflowPartition_1_MVAU_rtl_7_wstrm/inst/core/mem/blkStage2.Mem_reg_bram_7_n_99
    SLICE_X69Y216        LUT3 (Prop_G6LUT_SLICEL_I2_O)
                                                      0.149     5.859 f  top_i/StreamingDataflowPartition_1/inst/StreamingDataflowPartition_1_MVAU_rtl_7/StreamingDataflowPartition_1_MVAU_rtl_7_wstrm/inst/core/mem/m_axis_0_tdata[0]_INST_0/O
                         net (fo=1, routed)           0.157     6.016    top_i/StreamingDataflowPartition_1/inst/StreamingDataflowPartition_1_MVAU_rtl_7/StreamingDataflowPartition_1_MVAU_rtl_7/inst/inst/blkDsp.genblk2_1.core/genPipes[0].genSIMD[0].genDSP.genblk1_0.dsp/D[23]
    DSP48E2_X7Y85        DSP_PREADD_DATA (Prop_DSP_PREADD_DATA_DSP48E2_DIN[23]_D_DATA[23])
                                                      0.240     6.256 r  top_i/StreamingDataflowPartition_1/inst/StreamingDataflowPartition_1_MVAU_rtl_7/StreamingDataflowPartition_1_MVAU_rtl_7/inst/inst/blkDsp.genblk2_1.core/genPipes[0].genSIMD[0].genDSP.genblk1_0.dsp/DSP_PREADD_DATA_INST/D_DATA[23]
                         net (fo=1, routed)           0.000     6.256    top_i/StreamingDataflowPartition_1/inst/StreamingDataflowPartition_1_MVAU_rtl_7/StreamingDataflowPartition_1_MVAU_rtl_7/inst/inst/blkDsp.genblk2_1.core/genPipes[0].genSIMD[0].genDSP.genblk1_0.dsp/DSP_PREADD_DATA.D_DATA<23>
    DSP48E2_X7Y85        DSP_PREADD (Prop_DSP_PREADD_DSP48E2_D_DATA[23]_AD[23])
                                                      0.524     6.780 r  top_i/StreamingDataflowPartition_1/inst/StreamingDataflowPartition_1_MVAU_rtl_7/StreamingDataflowPartition_1_MVAU_rtl_7/inst/inst/blkDsp.genblk2_1.core/genPipes[0].genSIMD[0].genDSP.genblk1_0.dsp/DSP_PREADD_INST/AD[23]
                         net (fo=1, routed)           0.000     6.780    top_i/StreamingDataflowPartition_1/inst/StreamingDataflowPartition_1_MVAU_rtl_7/StreamingDataflowPartition_1_MVAU_rtl_7/inst/inst/blkDsp.genblk2_1.core/genPipes[0].genSIMD[0].genDSP.genblk1_0.dsp/DSP_PREADD.AD<23>
    DSP48E2_X7Y85        DSP_PREADD_DATA                              r  top_i/StreamingDataflowPartition_1/inst/StreamingDataflowPartition_1_MVAU_rtl_7/StreamingDataflowPartition_1_MVAU_rtl_7/inst/inst/blkDsp.genblk2_1.core/genPipes[0].genSIMD[0].genDSP.genblk1_0.dsp/DSP_PREADD_DATA_INST/AD[23]
  -------------------------------------------------------------------    -------------------

                         (clock clk_pl_0 rise edge)
                                                      5.333     5.333 r  
    PS8_X0Y0             PS8                          0.000     5.333 r  top_i/zynq_ps/inst/PS8_i/PLCLK[0]
                         net (fo=1, routed)           0.143     5.476    top_i/zynq_ps/inst/pl_clk_unbuffered[0]
    BUFG_PS_X0Y80        BUFG_PS (Prop_BUFG_PS_I_O)
                                                      0.025     5.501 r  top_i/zynq_ps/inst/buffer_pl_clk_0.PL_CLK_0_BUFG/O
    X2Y2 (CLOCK_ROOT)    net (fo=38649, routed)       1.942     7.443    top_i/StreamingDataflowPartition_1/inst/StreamingDataflowPartition_1_MVAU_rtl_7/StreamingDataflowPartition_1_MVAU_rtl_7/inst/inst/blkDsp.genblk2_1.core/genPipes[0].genSIMD[0].genDSP.genblk1_0.dsp/CLK
    DSP48E2_X7Y85        DSP_PREADD_DATA                              r  top_i/StreamingDataflowPartition_1/inst/StreamingDataflowPartition_1_MVAU_rtl_7/StreamingDataflowPartition_1_MVAU_rtl_7/inst/inst/blkDsp.genblk2_1.core/genPipes[0].genSIMD[0].genDSP.genblk1_0.dsp/DSP_PREADD_DATA_INST/CLK
                         clock pessimism              0.196     7.639    
                         clock uncertainty           -0.112     7.527    
    DSP48E2_X7Y85        DSP_PREADD_DATA (Setup_DSP_PREADD_DATA_DSP48E2_CLK_AD[23])
                                                      0.029     7.556    top_i/StreamingDataflowPartition_1/inst/StreamingDataflowPartition_1_MVAU_rtl_7/StreamingDataflowPartition_1_MVAU_rtl_7/inst/inst/blkDsp.genblk2_1.core/genPipes[0].genSIMD[0].genDSP.genblk1_0.dsp/DSP_PREADD_DATA_INST
  -------------------------------------------------------------------
                         required time                          7.556    
                         arrival time                          -6.780    
  -------------------------------------------------------------------
                         slack                                  0.776    

Slack (MET) :             0.776ns  (required time - arrival time)
  Source:                 top_i/StreamingDataflowPartition_1/inst/StreamingDataflowPartition_1_MVAU_rtl_7/StreamingDataflowPartition_1_MVAU_rtl_7_wstrm/inst/core/mem/blkStage2.Mem_reg_bram_0/CLKARDCLK
                            (rising edge-triggered cell RAMB36E2 clocked by clk_pl_0  {rise@0.000ns fall@2.667ns period=5.333ns})
  Destination:            top_i/StreamingDataflowPartition_1/inst/StreamingDataflowPartition_1_MVAU_rtl_7/StreamingDataflowPartition_1_MVAU_rtl_7/inst/inst/blkDsp.genblk2_1.core/genPipes[0].genSIMD[0].genDSP.genblk1_0.dsp/DSP_PREADD_DATA_INST/AD[24]
                            (rising edge-triggered cell DSP_PREADD_DATA clocked by clk_pl_0  {rise@0.000ns fall@2.667ns period=5.333ns})
  Path Group:             clk_pl_0
  Path Type:              Setup (Max at Slow Process Corner)
  Requirement:            5.333ns  (clk_pl_0 rise@5.333ns - clk_pl_0 rise@0.000ns)
  Data Path Delay:        4.311ns  (logic 3.446ns (79.935%)  route 0.865ns (20.065%))
  Logic Levels:           10  (DSP_PREADD=1 DSP_PREADD_DATA=1 LUT3=1 RAMB36E2=7)
  Clock Path Skew:        -0.163ns (DCD - SCD + CPR)
    Destination Clock Delay (DCD):    2.110ns = ( 7.443 - 5.333 ) 
    Source Clock Delay      (SCD):    2.469ns
    Clock Pessimism Removal (CPR):    0.196ns
  Clock Uncertainty:      0.112ns  ((TSJ^2 + DJ^2)^1/2) / 2 + PE
    Total System Jitter     (TSJ):    0.071ns
    Discrete Jitter          (DJ):    0.213ns
    Phase Error              (PE):    0.000ns
  Clock Net Delay (Source):      2.261ns (routing 0.960ns, distribution 1.301ns)
  Clock Net Delay (Destination): 1.942ns (routing 0.872ns, distribution 1.070ns)

    Location             Delay type                Incr(ns)  Path(ns)    Netlist Resource(s)
  -------------------------------------------------------------------    -------------------
                         (clock clk_pl_0 rise edge)
                                                      0.000     0.000 r  
    PS8_X0Y0             PS8                          0.000     0.000 r  top_i/zynq_ps/inst/PS8_i/PLCLK[0]
                         net (fo=1, routed)           0.180     0.180    top_i/zynq_ps/inst/pl_clk_unbuffered[0]
    BUFG_PS_X0Y80        BUFG_PS (Prop_BUFG_PS_I_O)
                                                      0.028     0.208 r  top_i/zynq_ps/inst/buffer_pl_clk_0.PL_CLK_0_BUFG/O
    X2Y2 (CLOCK_ROOT)    net (fo=38649, routed)       2.261     2.469    top_i/StreamingDataflowPartition_1/inst/StreamingDataflowPartition_1_MVAU_rtl_7/StreamingDataflowPartition_1_MVAU_rtl_7_wstrm/inst/core/mem/ap_clk
    RAMB36_X2Y44         RAMB36E2                                     r  top_i/StreamingDataflowPartition_1/inst/StreamingDataflowPartition_1_MVAU_rtl_7/StreamingDataflowPartition_1_MVAU_rtl_7_wstrm/inst/core/mem/blkStage2.Mem_reg_bram_0/CLKARDCLK
  -------------------------------------------------------------------    -------------------
    RAMB36_X2Y44         RAMB36E2 (Prop_RAMB36E2_RAMB36_CLKARDCLK_CASDOUTA[0])
                                                      1.156     3.625 f  top_i/StreamingDataflowPartition_1/inst/StreamingDataflowPartition_1_MVAU_rtl_7/StreamingDataflowPartition_1_MVAU_rtl_7_wstrm/inst/core/mem/blkStage2.Mem_reg_bram_0/CASDOUTA[0]
                         net (fo=1, routed)           0.032     3.657    top_i/StreamingDataflowPartition_1/inst/StreamingDataflowPartition_1_MVAU_rtl_7/StreamingDataflowPartition_1_MVAU_rtl_7_wstrm/inst/core/mem/blkStage2.Mem_reg_bram_0_n_35
    RAMB36_X2Y45         RAMB36E2 (Prop_RAMB36E2_RAMB36_CASDINA[0]_CASDOUTA[0])
                                                      0.210     3.867 f  top_i/StreamingDataflowPartition_1/inst/StreamingDataflowPartition_1_MVAU_rtl_7/StreamingDataflowPartition_1_MVAU_rtl_7_wstrm/inst/core/mem/blkStage2.Mem_reg_bram_1/CASDOUTA[0]
                         net (fo=1, routed)           0.032     3.899    top_i/StreamingDataflowPartition_1/inst/StreamingDataflowPartition_1_MVAU_rtl_7/StreamingDataflowPartition_1_MVAU_rtl_7_wstrm/inst/core/mem/blkStage2.Mem_reg_bram_1_n_35
    RAMB36_X2Y46         RAMB36E2 (Prop_RAMB36E2_RAMB36_CASDINA[0]_CASDOUTA[0])
                                                      0.210     4.109 f  top_i/StreamingDataflowPartition_1/inst/StreamingDataflowPartition_1_MVAU_rtl_7/StreamingDataflowPartition_1_MVAU_rtl_7_wstrm/inst/core/mem/blkStage2.Mem_reg_bram_2/CASDOUTA[0]
                         net (fo=1, routed)           0.032     4.141    top_i/StreamingDataflowPartition_1/inst/StreamingDataflowPartition_1_MVAU_rtl_7/StreamingDataflowPartition_1_MVAU_rtl_7_wstrm/inst/core/mem/blkStage2.Mem_reg_bram_2_n_35
    RAMB36_X2Y47         RAMB36E2 (Prop_RAMB36E2_RAMB36_CASDINA[0]_CASDOUTA[0])
                                                      0.210     4.351 f  top_i/StreamingDataflowPartition_1/inst/StreamingDataflowPartition_1_MVAU_rtl_7/StreamingDataflowPartition_1_MVAU_rtl_7_wstrm/inst/core/mem/blkStage2.Mem_reg_bram_3/CASDOUTA[0]
                         net (fo=1, routed)           0.032     4.383    top_i/StreamingDataflowPartition_1/inst/StreamingDataflowPartition_1_MVAU_rtl_7/StreamingDataflowPartition_1_MVAU_rtl_7_wstrm/inst/core/mem/blkStage2.Mem_reg_bram_3_n_35
    RAMB36_X2Y48         RAMB36E2 (Prop_RAMB36E2_RAMB36_CASDINA[0]_CASDOUTA[0])
                                                      0.210     4.593 f  top_i/StreamingDataflowPartition_1/inst/StreamingDataflowPartition_1_MVAU_rtl_7/StreamingDataflowPartition_1_MVAU_rtl_7_wstrm/inst/core/mem/blkStage2.Mem_reg_bram_4/CASDOUTA[0]
                         net (fo=1, routed)           0.032     4.625    top_i/StreamingDataflowPartition_1/inst/StreamingDataflowPartition_1_MVAU_rtl_7/StreamingDataflowPartition_1_MVAU_rtl_7_wstrm/inst/core/mem/blkStage2.Mem_reg_bram_4_n_35
    RAMB36_X2Y49         RAMB36E2 (Prop_RAMB36E2_RAMB36_CASDINA[0]_CASDOUTA[0])
                                                      0.210     4.835 f  top_i/StreamingDataflowPartition_1/inst/StreamingDataflowPartition_1_MVAU_rtl_7/StreamingDataflowPartition_1_MVAU_rtl_7_wstrm/inst/core/mem/blkStage2.Mem_reg_bram_5/CASDOUTA[0]
                         net (fo=1, routed)           0.032     4.867    top_i/StreamingDataflowPartition_1/inst/StreamingDataflowPartition_1_MVAU_rtl_7/StreamingDataflowPartition_1_MVAU_rtl_7_wstrm/inst/core/mem/blkStage2.Mem_reg_bram_5_n_35
    RAMB36_X2Y50         RAMB36E2 (Prop_RAMB36E2_RAMB36_CASDINA[0]_CASDOUTA[0])
                                                      0.210     5.077 f  top_i/StreamingDataflowPartition_1/inst/StreamingDataflowPartition_1_MVAU_rtl_7/StreamingDataflowPartition_1_MVAU_rtl_7_wstrm/inst/core/mem/blkStage2.Mem_reg_bram_6/CASDOUTA[0]
                         net (fo=1, routed)           0.032     5.109    top_i/StreamingDataflowPartition_1/inst/StreamingDataflowPartition_1_MVAU_rtl_7/StreamingDataflowPartition_1_MVAU_rtl_7_wstrm/inst/core/mem/blkStage2.Mem_reg_bram_6_n_35
    RAMB36_X2Y51         RAMB36E2 (Prop_RAMB36E2_RAMB36_CASDINA[0]_DOUTADOUT[0])
                                                      0.117     5.226 f  top_i/StreamingDataflowPartition_1/inst/StreamingDataflowPartition_1_MVAU_rtl_7/StreamingDataflowPartition_1_MVAU_rtl_7_wstrm/inst/core/mem/blkStage2.Mem_reg_bram_7/DOUTADOUT[0]
                         net (fo=1, routed)           0.484     5.710    top_i/StreamingDataflowPartition_1/inst/StreamingDataflowPartition_1_MVAU_rtl_7/StreamingDataflowPartition_1_MVAU_rtl_7_wstrm/inst/core/mem/blkStage2.Mem_reg_bram_7_n_99
    SLICE_X69Y216        LUT3 (Prop_G6LUT_SLICEL_I2_O)
                                                      0.149     5.859 f  top_i/StreamingDataflowPartition_1/inst/StreamingDataflowPartition_1_MVAU_rtl_7/StreamingDataflowPartition_1_MVAU_rtl_7_wstrm/inst/core/mem/m_axis_0_tdata[0]_INST_0/O
                         net (fo=1, routed)           0.157     6.016    top_i/StreamingDataflowPartition_1/inst/StreamingDataflowPartition_1_MVAU_rtl_7/StreamingDataflowPartition_1_MVAU_rtl_7/inst/inst/blkDsp.genblk2_1.core/genPipes[0].genSIMD[0].genDSP.genblk1_0.dsp/D[23]
    DSP48E2_X7Y85        DSP_PREADD_DATA (Prop_DSP_PREADD_DATA_DSP48E2_DIN[23]_D_DATA[23])
                                                      0.240     6.256 r  top_i/StreamingDataflowPartition_1/inst/StreamingDataflowPartition_1_MVAU_rtl_7/StreamingDataflowPartition_1_MVAU_rtl_7/inst/inst/blkDsp.genblk2_1.core/genPipes[0].genSIMD[0].genDSP.genblk1_0.dsp/DSP_PREADD_DATA_INST/D_DATA[23]
                         net (fo=1, routed)           0.000     6.256    top_i/StreamingDataflowPartition_1/inst/StreamingDataflowPartition_1_MVAU_rtl_7/StreamingDataflowPartition_1_MVAU_rtl_7/inst/inst/blkDsp.genblk2_1.core/genPipes[0].genSIMD[0].genDSP.genblk1_0.dsp/DSP_PREADD_DATA.D_DATA<23>
    DSP48E2_X7Y85        DSP_PREADD (Prop_DSP_PREADD_DSP48E2_D_DATA[23]_AD[24])
                                                      0.524     6.780 r  top_i/StreamingDataflowPartition_1/inst/StreamingDataflowPartition_1_MVAU_rtl_7/StreamingDataflowPartition_1_MVAU_rtl_7/inst/inst/blkDsp.genblk2_1.core/genPipes[0].genSIMD[0].genDSP.genblk1_0.dsp/DSP_PREADD_INST/AD[24]
                         net (fo=1, routed)           0.000     6.780    top_i/StreamingDataflowPartition_1/inst/StreamingDataflowPartition_1_MVAU_rtl_7/StreamingDataflowPartition_1_MVAU_rtl_7/inst/inst/blkDsp.genblk2_1.core/genPipes[0].genSIMD[0].genDSP.genblk1_0.dsp/DSP_PREADD.AD<24>
    DSP48E2_X7Y85        DSP_PREADD_DATA                              r  top_i/StreamingDataflowPartition_1/inst/StreamingDataflowPartition_1_MVAU_rtl_7/StreamingDataflowPartition_1_MVAU_rtl_7/inst/inst/blkDsp.genblk2_1.core/genPipes[0].genSIMD[0].genDSP.genblk1_0.dsp/DSP_PREADD_DATA_INST/AD[24]
  -------------------------------------------------------------------    -------------------

                         (clock clk_pl_0 rise edge)
                                                      5.333     5.333 r  
    PS8_X0Y0             PS8                          0.000     5.333 r  top_i/zynq_ps/inst/PS8_i/PLCLK[0]
                         net (fo=1, routed)           0.143     5.476    top_i/zynq_ps/inst/pl_clk_unbuffered[0]
    BUFG_PS_X0Y80        BUFG_PS (Prop_BUFG_PS_I_O)
                                                      0.025     5.501 r  top_i/zynq_ps/inst/buffer_pl_clk_0.PL_CLK_0_BUFG/O
    X2Y2 (CLOCK_ROOT)    net (fo=38649, routed)       1.942     7.443    top_i/StreamingDataflowPartition_1/inst/StreamingDataflowPartition_1_MVAU_rtl_7/StreamingDataflowPartition_1_MVAU_rtl_7/inst/inst/blkDsp.genblk2_1.core/genPipes[0].genSIMD[0].genDSP.genblk1_0.dsp/CLK
    DSP48E2_X7Y85        DSP_PREADD_DATA                              r  top_i/StreamingDataflowPartition_1/inst/StreamingDataflowPartition_1_MVAU_rtl_7/StreamingDataflowPartition_1_MVAU_rtl_7/inst/inst/blkDsp.genblk2_1.core/genPipes[0].genSIMD[0].genDSP.genblk1_0.dsp/DSP_PREADD_DATA_INST/CLK
                         clock pessimism              0.196     7.639    
                         clock uncertainty           -0.112     7.527    
    DSP48E2_X7Y85        DSP_PREADD_DATA (Setup_DSP_PREADD_DATA_DSP48E2_CLK_AD[24])
                                                      0.029     7.556    top_i/StreamingDataflowPartition_1/inst/StreamingDataflowPartition_1_MVAU_rtl_7/StreamingDataflowPartition_1_MVAU_rtl_7/inst/inst/blkDsp.genblk2_1.core/genPipes[0].genSIMD[0].genDSP.genblk1_0.dsp/DSP_PREADD_DATA_INST
  -------------------------------------------------------------------
                         required time                          7.556    
                         arrival time                          -6.780    
  -------------------------------------------------------------------
                         slack                                  0.776    

Slack (MET) :             0.776ns  (required time - arrival time)
  Source:                 top_i/StreamingDataflowPartition_1/inst/StreamingDataflowPartition_1_MVAU_rtl_7/StreamingDataflowPartition_1_MVAU_rtl_7_wstrm/inst/core/mem/blkStage2.Mem_reg_bram_0/CLKARDCLK
                            (rising edge-triggered cell RAMB36E2 clocked by clk_pl_0  {rise@0.000ns fall@2.667ns period=5.333ns})
  Destination:            top_i/StreamingDataflowPartition_1/inst/StreamingDataflowPartition_1_MVAU_rtl_7/StreamingDataflowPartition_1_MVAU_rtl_7/inst/inst/blkDsp.genblk2_1.core/genPipes[0].genSIMD[0].genDSP.genblk1_0.dsp/DSP_PREADD_DATA_INST/AD[25]
                            (rising edge-triggered cell DSP_PREADD_DATA clocked by clk_pl_0  {rise@0.000ns fall@2.667ns period=5.333ns})
  Path Group:             clk_pl_0
  Path Type:              Setup (Max at Slow Process Corner)
  Requirement:            5.333ns  (clk_pl_0 rise@5.333ns - clk_pl_0 rise@0.000ns)
  Data Path Delay:        4.311ns  (logic 3.446ns (79.935%)  route 0.865ns (20.065%))
  Logic Levels:           10  (DSP_PREADD=1 DSP_PREADD_DATA=1 LUT3=1 RAMB36E2=7)
  Clock Path Skew:        -0.163ns (DCD - SCD + CPR)
    Destination Clock Delay (DCD):    2.110ns = ( 7.443 - 5.333 ) 
    Source Clock Delay      (SCD):    2.469ns
    Clock Pessimism Removal (CPR):    0.196ns
  Clock Uncertainty:      0.112ns  ((TSJ^2 + DJ^2)^1/2) / 2 + PE
    Total System Jitter     (TSJ):    0.071ns
    Discrete Jitter          (DJ):    0.213ns
    Phase Error              (PE):    0.000ns
  Clock Net Delay (Source):      2.261ns (routing 0.960ns, distribution 1.301ns)
  Clock Net Delay (Destination): 1.942ns (routing 0.872ns, distribution 1.070ns)

    Location             Delay type                Incr(ns)  Path(ns)    Netlist Resource(s)
  -------------------------------------------------------------------    -------------------
                         (clock clk_pl_0 rise edge)
                                                      0.000     0.000 r  
    PS8_X0Y0             PS8                          0.000     0.000 r  top_i/zynq_ps/inst/PS8_i/PLCLK[0]
                         net (fo=1, routed)           0.180     0.180    top_i/zynq_ps/inst/pl_clk_unbuffered[0]
    BUFG_PS_X0Y80        BUFG_PS (Prop_BUFG_PS_I_O)
                                                      0.028     0.208 r  top_i/zynq_ps/inst/buffer_pl_clk_0.PL_CLK_0_BUFG/O
    X2Y2 (CLOCK_ROOT)    net (fo=38649, routed)       2.261     2.469    top_i/StreamingDataflowPartition_1/inst/StreamingDataflowPartition_1_MVAU_rtl_7/StreamingDataflowPartition_1_MVAU_rtl_7_wstrm/inst/core/mem/ap_clk
    RAMB36_X2Y44         RAMB36E2                                     r  top_i/StreamingDataflowPartition_1/inst/StreamingDataflowPartition_1_MVAU_rtl_7/StreamingDataflowPartition_1_MVAU_rtl_7_wstrm/inst/core/mem/blkStage2.Mem_reg_bram_0/CLKARDCLK
  -------------------------------------------------------------------    -------------------
    RAMB36_X2Y44         RAMB36E2 (Prop_RAMB36E2_RAMB36_CLKARDCLK_CASDOUTA[0])
                                                      1.156     3.625 f  top_i/StreamingDataflowPartition_1/inst/StreamingDataflowPartition_1_MVAU_rtl_7/StreamingDataflowPartition_1_MVAU_rtl_7_wstrm/inst/core/mem/blkStage2.Mem_reg_bram_0/CASDOUTA[0]
                         net (fo=1, routed)           0.032     3.657    top_i/StreamingDataflowPartition_1/inst/StreamingDataflowPartition_1_MVAU_rtl_7/StreamingDataflowPartition_1_MVAU_rtl_7_wstrm/inst/core/mem/blkStage2.Mem_reg_bram_0_n_35
    RAMB36_X2Y45         RAMB36E2 (Prop_RAMB36E2_RAMB36_CASDINA[0]_CASDOUTA[0])
                                                      0.210     3.867 f  top_i/StreamingDataflowPartition_1/inst/StreamingDataflowPartition_1_MVAU_rtl_7/StreamingDataflowPartition_1_MVAU_rtl_7_wstrm/inst/core/mem/blkStage2.Mem_reg_bram_1/CASDOUTA[0]
                         net (fo=1, routed)           0.032     3.899    top_i/StreamingDataflowPartition_1/inst/StreamingDataflowPartition_1_MVAU_rtl_7/StreamingDataflowPartition_1_MVAU_rtl_7_wstrm/inst/core/mem/blkStage2.Mem_reg_bram_1_n_35
    RAMB36_X2Y46         RAMB36E2 (Prop_RAMB36E2_RAMB36_CASDINA[0]_CASDOUTA[0])
                                                      0.210     4.109 f  top_i/StreamingDataflowPartition_1/inst/StreamingDataflowPartition_1_MVAU_rtl_7/StreamingDataflowPartition_1_MVAU_rtl_7_wstrm/inst/core/mem/blkStage2.Mem_reg_bram_2/CASDOUTA[0]
                         net (fo=1, routed)           0.032     4.141    top_i/StreamingDataflowPartition_1/inst/StreamingDataflowPartition_1_MVAU_rtl_7/StreamingDataflowPartition_1_MVAU_rtl_7_wstrm/inst/core/mem/blkStage2.Mem_reg_bram_2_n_35
    RAMB36_X2Y47         RAMB36E2 (Prop_RAMB36E2_RAMB36_CASDINA[0]_CASDOUTA[0])
                                                      0.210     4.351 f  top_i/StreamingDataflowPartition_1/inst/StreamingDataflowPartition_1_MVAU_rtl_7/StreamingDataflowPartition_1_MVAU_rtl_7_wstrm/inst/core/mem/blkStage2.Mem_reg_bram_3/CASDOUTA[0]
                         net (fo=1, routed)           0.032     4.383    top_i/StreamingDataflowPartition_1/inst/StreamingDataflowPartition_1_MVAU_rtl_7/StreamingDataflowPartition_1_MVAU_rtl_7_wstrm/inst/core/mem/blkStage2.Mem_reg_bram_3_n_35
    RAMB36_X2Y48         RAMB36E2 (Prop_RAMB36E2_RAMB36_CASDINA[0]_CASDOUTA[0])
                                                      0.210     4.593 f  top_i/StreamingDataflowPartition_1/inst/StreamingDataflowPartition_1_MVAU_rtl_7/StreamingDataflowPartition_1_MVAU_rtl_7_wstrm/inst/core/mem/blkStage2.Mem_reg_bram_4/CASDOUTA[0]
                         net (fo=1, routed)           0.032     4.625    top_i/StreamingDataflowPartition_1/inst/StreamingDataflowPartition_1_MVAU_rtl_7/StreamingDataflowPartition_1_MVAU_rtl_7_wstrm/inst/core/mem/blkStage2.Mem_reg_bram_4_n_35
    RAMB36_X2Y49         RAMB36E2 (Prop_RAMB36E2_RAMB36_CASDINA[0]_CASDOUTA[0])
                                                      0.210     4.835 f  top_i/StreamingDataflowPartition_1/inst/StreamingDataflowPartition_1_MVAU_rtl_7/StreamingDataflowPartition_1_MVAU_rtl_7_wstrm/inst/core/mem/blkStage2.Mem_reg_bram_5/CASDOUTA[0]
                         net (fo=1, routed)           0.032     4.867    top_i/StreamingDataflowPartition_1/inst/StreamingDataflowPartition_1_MVAU_rtl_7/StreamingDataflowPartition_1_MVAU_rtl_7_wstrm/inst/core/mem/blkStage2.Mem_reg_bram_5_n_35
    RAMB36_X2Y50         RAMB36E2 (Prop_RAMB36E2_RAMB36_CASDINA[0]_CASDOUTA[0])
                                                      0.210     5.077 f  top_i/StreamingDataflowPartition_1/inst/StreamingDataflowPartition_1_MVAU_rtl_7/StreamingDataflowPartition_1_MVAU_rtl_7_wstrm/inst/core/mem/blkStage2.Mem_reg_bram_6/CASDOUTA[0]
                         net (fo=1, routed)           0.032     5.109    top_i/StreamingDataflowPartition_1/inst/StreamingDataflowPartition_1_MVAU_rtl_7/StreamingDataflowPartition_1_MVAU_rtl_7_wstrm/inst/core/mem/blkStage2.Mem_reg_bram_6_n_35
    RAMB36_X2Y51         RAMB36E2 (Prop_RAMB36E2_RAMB36_CASDINA[0]_DOUTADOUT[0])
                                                      0.117     5.226 f  top_i/StreamingDataflowPartition_1/inst/StreamingDataflowPartition_1_MVAU_rtl_7/StreamingDataflowPartition_1_MVAU_rtl_7_wstrm/inst/core/mem/blkStage2.Mem_reg_bram_7/DOUTADOUT[0]
                         net (fo=1, routed)           0.484     5.710    top_i/StreamingDataflowPartition_1/inst/StreamingDataflowPartition_1_MVAU_rtl_7/StreamingDataflowPartition_1_MVAU_rtl_7_wstrm/inst/core/mem/blkStage2.Mem_reg_bram_7_n_99
    SLICE_X69Y216        LUT3 (Prop_G6LUT_SLICEL_I2_O)
                                                      0.149     5.859 f  top_i/StreamingDataflowPartition_1/inst/StreamingDataflowPartition_1_MVAU_rtl_7/StreamingDataflowPartition_1_MVAU_rtl_7_wstrm/inst/core/mem/m_axis_0_tdata[0]_INST_0/O
                         net (fo=1, routed)           0.157     6.016    top_i/StreamingDataflowPartition_1/inst/StreamingDataflowPartition_1_MVAU_rtl_7/StreamingDataflowPartition_1_MVAU_rtl_7/inst/inst/blkDsp.genblk2_1.core/genPipes[0].genSIMD[0].genDSP.genblk1_0.dsp/D[23]
    DSP48E2_X7Y85        DSP_PREADD_DATA (Prop_DSP_PREADD_DATA_DSP48E2_DIN[23]_D_DATA[23])
                                                      0.240     6.256 r  top_i/StreamingDataflowPartition_1/inst/StreamingDataflowPartition_1_MVAU_rtl_7/StreamingDataflowPartition_1_MVAU_rtl_7/inst/inst/blkDsp.genblk2_1.core/genPipes[0].genSIMD[0].genDSP.genblk1_0.dsp/DSP_PREADD_DATA_INST/D_DATA[23]
                         net (fo=1, routed)           0.000     6.256    top_i/StreamingDataflowPartition_1/inst/StreamingDataflowPartition_1_MVAU_rtl_7/StreamingDataflowPartition_1_MVAU_rtl_7/inst/inst/blkDsp.genblk2_1.core/genPipes[0].genSIMD[0].genDSP.genblk1_0.dsp/DSP_PREADD_DATA.D_DATA<23>
    DSP48E2_X7Y85        DSP_PREADD (Prop_DSP_PREADD_DSP48E2_D_DATA[23]_AD[25])
                                                      0.524     6.780 r  top_i/StreamingDataflowPartition_1/inst/StreamingDataflowPartition_1_MVAU_rtl_7/StreamingDataflowPartition_1_MVAU_rtl_7/inst/inst/blkDsp.genblk2_1.core/genPipes[0].genSIMD[0].genDSP.genblk1_0.dsp/DSP_PREADD_INST/AD[25]
                         net (fo=1, routed)           0.000     6.780    top_i/StreamingDataflowPartition_1/inst/StreamingDataflowPartition_1_MVAU_rtl_7/StreamingDataflowPartition_1_MVAU_rtl_7/inst/inst/blkDsp.genblk2_1.core/genPipes[0].genSIMD[0].genDSP.genblk1_0.dsp/DSP_PREADD.AD<25>
    DSP48E2_X7Y85        DSP_PREADD_DATA                              r  top_i/StreamingDataflowPartition_1/inst/StreamingDataflowPartition_1_MVAU_rtl_7/StreamingDataflowPartition_1_MVAU_rtl_7/inst/inst/blkDsp.genblk2_1.core/genPipes[0].genSIMD[0].genDSP.genblk1_0.dsp/DSP_PREADD_DATA_INST/AD[25]
  -------------------------------------------------------------------    -------------------

                         (clock clk_pl_0 rise edge)
                                                      5.333     5.333 r  
    PS8_X0Y0             PS8                          0.000     5.333 r  top_i/zynq_ps/inst/PS8_i/PLCLK[0]
                         net (fo=1, routed)           0.143     5.476    top_i/zynq_ps/inst/pl_clk_unbuffered[0]
    BUFG_PS_X0Y80        BUFG_PS (Prop_BUFG_PS_I_O)
                                                      0.025     5.501 r  top_i/zynq_ps/inst/buffer_pl_clk_0.PL_CLK_0_BUFG/O
    X2Y2 (CLOCK_ROOT)    net (fo=38649, routed)       1.942     7.443    top_i/StreamingDataflowPartition_1/inst/StreamingDataflowPartition_1_MVAU_rtl_7/StreamingDataflowPartition_1_MVAU_rtl_7/inst/inst/blkDsp.genblk2_1.core/genPipes[0].genSIMD[0].genDSP.genblk1_0.dsp/CLK
    DSP48E2_X7Y85        DSP_PREADD_DATA                              r  top_i/StreamingDataflowPartition_1/inst/StreamingDataflowPartition_1_MVAU_rtl_7/StreamingDataflowPartition_1_MVAU_rtl_7/inst/inst/blkDsp.genblk2_1.core/genPipes[0].genSIMD[0].genDSP.genblk1_0.dsp/DSP_PREADD_DATA_INST/CLK
                         clock pessimism              0.196     7.639    
                         clock uncertainty           -0.112     7.527    
    DSP48E2_X7Y85        DSP_PREADD_DATA (Setup_DSP_PREADD_DATA_DSP48E2_CLK_AD[25])
                                                      0.029     7.556    top_i/StreamingDataflowPartition_1/inst/StreamingDataflowPartition_1_MVAU_rtl_7/StreamingDataflowPartition_1_MVAU_rtl_7/inst/inst/blkDsp.genblk2_1.core/genPipes[0].genSIMD[0].genDSP.genblk1_0.dsp/DSP_PREADD_DATA_INST
  -------------------------------------------------------------------
                         required time                          7.556    
                         arrival time                          -6.780    
  -------------------------------------------------------------------
                         slack                                  0.776    

Slack (MET) :             1.723ns  (required time - arrival time)
  Source:                 top_i/axi_interconnect_0/s00_couplers/auto_ds/inst/gen_downsizer.gen_simple_downsizer.axi_downsizer_inst/USE_READ.read_data_inst/first_word_reg/C
                            (rising edge-triggered cell FDSE clocked by clk_pl_0  {rise@0.000ns fall@2.667ns period=5.333ns})
  Destination:            top_i/zynq_ps/inst/PS8_i/MAXIGP0RDATA[28]
                            (rising edge-triggered cell PS8 clocked by clk_pl_0  {rise@0.000ns fall@2.667ns period=5.333ns})
  Path Group:             clk_pl_0
  Path Type:              Setup (Max at Slow Process Corner)
  Requirement:            5.333ns  (clk_pl_0 rise@5.333ns - clk_pl_0 rise@0.000ns)
  Data Path Delay:        2.428ns  (logic 0.547ns (22.525%)  route 1.881ns (77.475%))
  Logic Levels:           4  (LUT2=1 LUT5=2 LUT6=1)
  Clock Path Skew:        -0.208ns (DCD - SCD + CPR)
    Destination Clock Delay (DCD):    2.210ns = ( 7.543 - 5.333 ) 
    Source Clock Delay      (SCD):    2.550ns
    Clock Pessimism Removal (CPR):    0.132ns
  Clock Uncertainty:      0.112ns  ((TSJ^2 + DJ^2)^1/2) / 2 + PE
    Total System Jitter     (TSJ):    0.071ns
    Discrete Jitter          (DJ):    0.213ns
    Phase Error              (PE):    0.000ns
  Clock Net Delay (Source):      2.342ns (routing 0.960ns, distribution 1.382ns)
  Clock Net Delay (Destination): 2.042ns (routing 0.872ns, distribution 1.170ns)

    Location             Delay type                Incr(ns)  Path(ns)    Netlist Resource(s)
  -------------------------------------------------------------------    -------------------
                         (clock clk_pl_0 rise edge)
                                                      0.000     0.000 r  
    PS8_X0Y0             PS8                          0.000     0.000 r  top_i/zynq_ps/inst/PS8_i/PLCLK[0]
                         net (fo=1, routed)           0.180     0.180    top_i/zynq_ps/inst/pl_clk_unbuffered[0]
    BUFG_PS_X0Y80        BUFG_PS (Prop_BUFG_PS_I_O)
                                                      0.028     0.208 r  top_i/zynq_ps/inst/buffer_pl_clk_0.PL_CLK_0_BUFG/O
    X2Y2 (CLOCK_ROOT)    net (fo=38649, routed)       2.342     2.550    top_i/axi_interconnect_0/s00_couplers/auto_ds/inst/gen_downsizer.gen_simple_downsizer.axi_downsizer_inst/USE_READ.read_data_inst/CLK
    SLICE_X54Y121        FDSE                                         r  top_i/axi_interconnect_0/s00_couplers/auto_ds/inst/gen_downsizer.gen_simple_downsizer.axi_downsizer_inst/USE_READ.read_data_inst/first_word_reg/C
  -------------------------------------------------------------------    -------------------
    SLICE_X54Y121        FDSE (Prop_AFF_SLICEM_C_Q)
                                                      0.077     2.627 f  top_i/axi_interconnect_0/s00_couplers/auto_ds/inst/gen_downsizer.gen_simple_downsizer.axi_downsizer_inst/USE_READ.read_data_inst/first_word_reg/Q
                         net (fo=22, routed)          0.417     3.045    top_i/axi_interconnect_0/s00_couplers/auto_ds/inst/gen_downsizer.gen_simple_downsizer.axi_downsizer_inst/USE_READ.read_data_inst/first_mi_word
    SLICE_X50Y120        LUT2 (Prop_D5LUT_SLICEM_I0_O)
                                                      0.158     3.203 r  top_i/axi_interconnect_0/s00_couplers/auto_ds/inst/gen_downsizer.gen_simple_downsizer.axi_downsizer_inst/USE_READ.read_data_inst/s_axi_rdata[127]_INST_0_i_8/O
                         net (fo=1, routed)           0.295     3.498    top_i/axi_interconnect_0/s00_couplers/auto_ds/inst/gen_downsizer.gen_simple_downsizer.axi_downsizer_inst/USE_READ.read_addr_inst/cmd_queue/inst/s_axi_rdata[127]_INST_0_i_2_0
    SLICE_X50Y120        LUT6 (Prop_H6LUT_SLICEM_I2_O)
                                                      0.039     3.537 r  top_i/axi_interconnect_0/s00_couplers/auto_ds/inst/gen_downsizer.gen_simple_downsizer.axi_downsizer_inst/USE_READ.read_addr_inst/cmd_queue/inst/s_axi_rdata[127]_INST_0_i_6/O
                         net (fo=1, routed)           0.048     3.585    top_i/axi_interconnect_0/s00_couplers/auto_ds/inst/gen_downsizer.gen_simple_downsizer.axi_downsizer_inst/USE_READ.read_addr_inst/cmd_queue/inst/s_axi_rdata[127]_INST_0_i_6_n_0
    SLICE_X50Y120        LUT5 (Prop_C6LUT_SLICEM_I2_O)
                                                      0.123     3.708 r  top_i/axi_interconnect_0/s00_couplers/auto_ds/inst/gen_downsizer.gen_simple_downsizer.axi_downsizer_inst/USE_READ.read_addr_inst/cmd_queue/inst/s_axi_rdata[127]_INST_0_i_2/O
                         net (fo=132, routed)         0.483     4.191    top_i/axi_interconnect_0/s00_couplers/auto_ds/inst/gen_downsizer.gen_simple_downsizer.axi_downsizer_inst/USE_READ.read_addr_inst/cmd_queue/inst/s_axi_rdata[127]_INST_0_i_2_n_0
    SLICE_X50Y150        LUT5 (Prop_G6LUT_SLICEM_I1_O)
                                                      0.150     4.341 r  top_i/axi_interconnect_0/s00_couplers/auto_ds/inst/gen_downsizer.gen_simple_downsizer.axi_downsizer_inst/USE_READ.read_addr_inst/cmd_queue/inst/s_axi_rdata[28]_INST_0/O
                         net (fo=1, routed)           0.638     4.979    top_i/zynq_ps/inst/maxigp0_rdata[28]
    PS8_X0Y0             PS8                                          r  top_i/zynq_ps/inst/PS8_i/MAXIGP0RDATA[28]
  -------------------------------------------------------------------    -------------------

                         (clock clk_pl_0 rise edge)
                                                      5.333     5.333 r  
    PS8_X0Y0             PS8                          0.000     5.333 r  top_i/zynq_ps/inst/PS8_i/PLCLK[0]
                         net (fo=1, routed)           0.143     5.476    top_i/zynq_ps/inst/pl_clk_unbuffered[0]
    BUFG_PS_X0Y80        BUFG_PS (Prop_BUFG_PS_I_O)
                                                      0.025     5.501 r  top_i/zynq_ps/inst/buffer_pl_clk_0.PL_CLK_0_BUFG/O
    X2Y2 (CLOCK_ROOT)    net (fo=38649, routed)       2.042     7.543    top_i/zynq_ps/inst/maxihpm0_fpd_aclk
    PS8_X0Y0             PS8                                          r  top_i/zynq_ps/inst/PS8_i/MAXIGP0ACLK
                         clock pessimism              0.132     7.675    
                         clock uncertainty           -0.112     7.563    
    PS8_X0Y0             PS8 (Setup_PS8_MAXIGP0ACLK_MAXIGP0RDATA[28])
                                                     -0.861     6.702    top_i/zynq_ps/inst/PS8_i
  -------------------------------------------------------------------
                         required time                          6.702    
                         arrival time                          -4.979    
  -------------------------------------------------------------------
                         slack                                  1.723    

Slack (MET) :             1.725ns  (required time - arrival time)
  Source:                 top_i/StreamingDataflowPartition_1/inst/StreamingDataflowPartition_1_Thresholding_rtl_0/inst/core/impl/blkStreamOutput.BVld_reg/C
                            (rising edge-triggered cell FDRE clocked by clk_pl_0  {rise@0.000ns fall@2.667ns period=5.333ns})
  Destination:            top_i/StreamingDataflowPartition_1/inst/StreamingDataflowPartition_1_StreamingFIFO_rtl_11/fifo/inst/gen_fifo.xpm_fifo_axis_inst/xpm_fifo_base_inst/gen_sdpram.xpm_memory_base_inst/gen_wr_a.gen_word_narrow.mem_reg_bram_5/WEA[0]
                            (rising edge-triggered cell RAMB36E2 clocked by clk_pl_0  {rise@0.000ns fall@2.667ns period=5.333ns})
  Path Group:             clk_pl_0
  Path Type:              Setup (Max at Slow Process Corner)
  Requirement:            5.333ns  (clk_pl_0 rise@5.333ns - clk_pl_0 rise@0.000ns)
  Data Path Delay:        3.016ns  (logic 0.332ns (11.009%)  route 2.684ns (88.991%))
  Logic Levels:           2  (LUT4=2)
  Clock Path Skew:        -0.086ns (DCD - SCD + CPR)
    Destination Clock Delay (DCD):    2.163ns = ( 7.496 - 5.333 ) 
    Source Clock Delay      (SCD):    2.377ns
    Clock Pessimism Removal (CPR):    0.128ns
  Clock Uncertainty:      0.112ns  ((TSJ^2 + DJ^2)^1/2) / 2 + PE
    Total System Jitter     (TSJ):    0.071ns
    Discrete Jitter          (DJ):    0.213ns
    Phase Error              (PE):    0.000ns
  Clock Net Delay (Source):      2.169ns (routing 0.960ns, distribution 1.209ns)
  Clock Net Delay (Destination): 1.995ns (routing 0.872ns, distribution 1.123ns)

    Location             Delay type                Incr(ns)  Path(ns)    Netlist Resource(s)
  -------------------------------------------------------------------    -------------------
                         (clock clk_pl_0 rise edge)
                                                      0.000     0.000 r  
    PS8_X0Y0             PS8                          0.000     0.000 r  top_i/zynq_ps/inst/PS8_i/PLCLK[0]
                         net (fo=1, routed)           0.180     0.180    top_i/zynq_ps/inst/pl_clk_unbuffered[0]
    BUFG_PS_X0Y80        BUFG_PS (Prop_BUFG_PS_I_O)
                                                      0.028     0.208 r  top_i/zynq_ps/inst/buffer_pl_clk_0.PL_CLK_0_BUFG/O
    X2Y2 (CLOCK_ROOT)    net (fo=38649, routed)       2.169     2.377    top_i/StreamingDataflowPartition_1/inst/StreamingDataflowPartition_1_Thresholding_rtl_0/inst/core/impl/ap_clk
    SLICE_X68Y88         FDRE                                         r  top_i/StreamingDataflowPartition_1/inst/StreamingDataflowPartition_1_Thresholding_rtl_0/inst/core/impl/blkStreamOutput.BVld_reg/C
  -------------------------------------------------------------------    -------------------
    SLICE_X68Y88         FDRE (Prop_CFF_SLICEL_C_Q)
                                                      0.079     2.456 r  top_i/StreamingDataflowPartition_1/inst/StreamingDataflowPartition_1_Thresholding_rtl_0/inst/core/impl/blkStreamOutput.BVld_reg/Q
                         net (fo=15, routed)          1.860     4.316    top_i/StreamingDataflowPartition_1/inst/StreamingDataflowPartition_1_StreamingFIFO_rtl_11/fifo/inst/gen_fifo.xpm_fifo_axis_inst/xpm_fifo_base_inst/xpm_fifo_rst_inst/wr_en
    SLICE_X68Y320        LUT4 (Prop_F5LUT_SLICEL_I0_O)
                                                      0.143     4.459 r  top_i/StreamingDataflowPartition_1/inst/StreamingDataflowPartition_1_StreamingFIFO_rtl_11/fifo/inst/gen_fifo.xpm_fifo_axis_inst/xpm_fifo_base_inst/xpm_fifo_rst_inst/gen_sdpram.xpm_memory_base_inst_i_1/O
                         net (fo=42, routed)          0.471     4.930    top_i/StreamingDataflowPartition_1/inst/StreamingDataflowPartition_1_StreamingFIFO_rtl_11/fifo/inst/gen_fifo.xpm_fifo_axis_inst/xpm_fifo_base_inst/gen_sdpram.xpm_memory_base_inst/wea[0]
    SLICE_X69Y327        LUT4 (Prop_C5LUT_SLICEL_I0_O)
                                                      0.110     5.040 r  top_i/StreamingDataflowPartition_1/inst/StreamingDataflowPartition_1_StreamingFIFO_rtl_11/fifo/inst/gen_fifo.xpm_fifo_axis_inst/xpm_fifo_base_inst/gen_sdpram.xpm_memory_base_inst/gen_wr_a.gen_word_narrow.mem_reg_bram_5_i_4/O
                         net (fo=4, routed)           0.353     5.393    top_i/StreamingDataflowPartition_1/inst/StreamingDataflowPartition_1_StreamingFIFO_rtl_11/fifo/inst/gen_fifo.xpm_fifo_axis_inst/xpm_fifo_base_inst/gen_sdpram.xpm_memory_base_inst/gen_wr_a.gen_word_narrow.mem_reg_bram_5_i_4_n_0
    RAMB36_X2Y66         RAMB36E2                                     r  top_i/StreamingDataflowPartition_1/inst/StreamingDataflowPartition_1_StreamingFIFO_rtl_11/fifo/inst/gen_fifo.xpm_fifo_axis_inst/xpm_fifo_base_inst/gen_sdpram.xpm_memory_base_inst/gen_wr_a.gen_word_narrow.mem_reg_bram_5/WEA[0]
  -------------------------------------------------------------------    -------------------

                         (clock clk_pl_0 rise edge)
                                                      5.333     5.333 r  
    PS8_X0Y0             PS8                          0.000     5.333 r  top_i/zynq_ps/inst/PS8_i/PLCLK[0]
                         net (fo=1, routed)           0.143     5.476    top_i/zynq_ps/inst/pl_clk_unbuffered[0]
    BUFG_PS_X0Y80        BUFG_PS (Prop_BUFG_PS_I_O)
                                                      0.025     5.501 r  top_i/zynq_ps/inst/buffer_pl_clk_0.PL_CLK_0_BUFG/O
    X2Y2 (CLOCK_ROOT)    net (fo=38649, routed)       1.995     7.496    top_i/StreamingDataflowPartition_1/inst/StreamingDataflowPartition_1_StreamingFIFO_rtl_11/fifo/inst/gen_fifo.xpm_fifo_axis_inst/xpm_fifo_base_inst/gen_sdpram.xpm_memory_base_inst/clka
    RAMB36_X2Y66         RAMB36E2                                     r  top_i/StreamingDataflowPartition_1/inst/StreamingDataflowPartition_1_StreamingFIFO_rtl_11/fifo/inst/gen_fifo.xpm_fifo_axis_inst/xpm_fifo_base_inst/gen_sdpram.xpm_memory_base_inst/gen_wr_a.gen_word_narrow.mem_reg_bram_5/CLKARDCLK
                         clock pessimism              0.128     7.624    
                         clock uncertainty           -0.112     7.512    
    RAMB36_X2Y66         RAMB36E2 (Setup_RAMB36E2_RAMB36_CLKARDCLK_WEA[0])
                                                     -0.394     7.118    top_i/StreamingDataflowPartition_1/inst/StreamingDataflowPartition_1_StreamingFIFO_rtl_11/fifo/inst/gen_fifo.xpm_fifo_axis_inst/xpm_fifo_base_inst/gen_sdpram.xpm_memory_base_inst/gen_wr_a.gen_word_narrow.mem_reg_bram_5
  -------------------------------------------------------------------
                         required time                          7.118    
                         arrival time                          -5.393    
  -------------------------------------------------------------------
                         slack                                  1.725    

Slack (MET) :             1.734ns  (required time - arrival time)
  Source:                 top_i/rst_zynq_ps_187M/U0/SEQ/pr_reg/C
                            (rising edge-triggered cell FDSE clocked by clk_pl_0  {rise@0.000ns fall@2.667ns period=5.333ns})
  Destination:            top_i/rst_zynq_ps_187M/U0/ACTIVE_LOW_PR_OUT_DFF[0].FDRE_PER_N_replica_14/D
                            (rising edge-triggered cell FDRE clocked by clk_pl_0  {rise@0.000ns fall@2.667ns period=5.333ns})
  Path Group:             clk_pl_0
  Path Type:              Setup (Max at Slow Process Corner)
  Requirement:            5.333ns  (clk_pl_0 rise@5.333ns - clk_pl_0 rise@0.000ns)
  Data Path Delay:        3.233ns  (logic 0.146ns (4.516%)  route 3.087ns (95.484%))
  Logic Levels:           1  (LUT1=1)
  Clock Path Skew:        -0.279ns (DCD - SCD + CPR)
    Destination Clock Delay (DCD):    2.077ns = ( 7.410 - 5.333 ) 
    Source Clock Delay      (SCD):    2.484ns
    Clock Pessimism Removal (CPR):    0.128ns
  Clock Uncertainty:      0.112ns  ((TSJ^2 + DJ^2)^1/2) / 2 + PE
    Total System Jitter     (TSJ):    0.071ns
    Discrete Jitter          (DJ):    0.213ns
    Phase Error              (PE):    0.000ns
  Clock Net Delay (Source):      2.276ns (routing 0.960ns, distribution 1.316ns)
  Clock Net Delay (Destination): 1.909ns (routing 0.872ns, distribution 1.037ns)

    Location             Delay type                Incr(ns)  Path(ns)    Netlist Resource(s)
  -------------------------------------------------------------------    -------------------
                         (clock clk_pl_0 rise edge)
                                                      0.000     0.000 r  
    PS8_X0Y0             PS8                          0.000     0.000 r  top_i/zynq_ps/inst/PS8_i/PLCLK[0]
                         net (fo=1, routed)           0.180     0.180    top_i/zynq_ps/inst/pl_clk_unbuffered[0]
    BUFG_PS_X0Y80        BUFG_PS (Prop_BUFG_PS_I_O)
                                                      0.028     0.208 r  top_i/zynq_ps/inst/buffer_pl_clk_0.PL_CLK_0_BUFG/O
    X2Y2 (CLOCK_ROOT)    net (fo=38649, routed)       2.276     2.484    top_i/rst_zynq_ps_187M/U0/SEQ/slowest_sync_clk
    SLICE_X90Y205        FDSE                                         r  top_i/rst_zynq_ps_187M/U0/SEQ/pr_reg/C
  -------------------------------------------------------------------    -------------------
    SLICE_X90Y205        FDSE (Prop_GFF_SLICEL_C_Q)
                                                      0.079     2.563 f  top_i/rst_zynq_ps_187M/U0/SEQ/pr_reg/Q
                         net (fo=2, routed)           0.044     2.607    top_i/rst_zynq_ps_187M/U0/SEQ/Pr_out
    SLICE_X90Y205        LUT1 (Prop_G5LUT_SLICEL_I0_O)
                                                      0.067     2.674 r  top_i/rst_zynq_ps_187M/U0/SEQ/ACTIVE_LOW_PR_OUT_DFF[0].FDRE_PER_N_i_1/O
                         net (fo=69, routed)          3.043     5.717    top_i/rst_zynq_ps_187M/U0/SEQ_n_4
    SLICE_X66Y134        FDRE                                         r  top_i/rst_zynq_ps_187M/U0/ACTIVE_LOW_PR_OUT_DFF[0].FDRE_PER_N_replica_14/D
  -------------------------------------------------------------------    -------------------

                         (clock clk_pl_0 rise edge)
                                                      5.333     5.333 r  
    PS8_X0Y0             PS8                          0.000     5.333 r  top_i/zynq_ps/inst/PS8_i/PLCLK[0]
                         net (fo=1, routed)           0.143     5.476    top_i/zynq_ps/inst/pl_clk_unbuffered[0]
    BUFG_PS_X0Y80        BUFG_PS (Prop_BUFG_PS_I_O)
                                                      0.025     5.501 r  top_i/zynq_ps/inst/buffer_pl_clk_0.PL_CLK_0_BUFG/O
    X2Y2 (CLOCK_ROOT)    net (fo=38649, routed)       1.909     7.410    top_i/rst_zynq_ps_187M/U0/slowest_sync_clk
    SLICE_X66Y134        FDRE                                         r  top_i/rst_zynq_ps_187M/U0/ACTIVE_LOW_PR_OUT_DFF[0].FDRE_PER_N_replica_14/C
                         clock pessimism              0.128     7.538    
                         clock uncertainty           -0.112     7.426    
    SLICE_X66Y134        FDRE (Setup_EFF_SLICEL_C_D)
                                                      0.025     7.451    top_i/rst_zynq_ps_187M/U0/ACTIVE_LOW_PR_OUT_DFF[0].FDRE_PER_N_replica_14
  -------------------------------------------------------------------
                         required time                          7.451    
                         arrival time                          -5.717    
  -------------------------------------------------------------------
                         slack                                  1.734    

Slack (MET) :             1.744ns  (required time - arrival time)
  Source:                 top_i/axi_interconnect_0/s00_couplers/auto_ds/inst/gen_downsizer.gen_simple_downsizer.axi_downsizer_inst/USE_READ.read_data_inst/first_word_reg/C
                            (rising edge-triggered cell FDSE clocked by clk_pl_0  {rise@0.000ns fall@2.667ns period=5.333ns})
  Destination:            top_i/zynq_ps/inst/PS8_i/MAXIGP0RDATA[16]
                            (rising edge-triggered cell PS8 clocked by clk_pl_0  {rise@0.000ns fall@2.667ns period=5.333ns})
  Path Group:             clk_pl_0
  Path Type:              Setup (Max at Slow Process Corner)
  Requirement:            5.333ns  (clk_pl_0 rise@5.333ns - clk_pl_0 rise@0.000ns)
  Data Path Delay:        2.455ns  (logic 0.549ns (22.358%)  route 1.906ns (77.642%))
  Logic Levels:           4  (LUT2=1 LUT5=2 LUT6=1)
  Clock Path Skew:        -0.208ns (DCD - SCD + CPR)
    Destination Clock Delay (DCD):    2.210ns = ( 7.543 - 5.333 ) 
    Source Clock Delay      (SCD):    2.550ns
    Clock Pessimism Removal (CPR):    0.132ns
  Clock Uncertainty:      0.112ns  ((TSJ^2 + DJ^2)^1/2) / 2 + PE
    Total System Jitter     (TSJ):    0.071ns
    Discrete Jitter          (DJ):    0.213ns
    Phase Error              (PE):    0.000ns
  Clock Net Delay (Source):      2.342ns (routing 0.960ns, distribution 1.382ns)
  Clock Net Delay (Destination): 2.042ns (routing 0.872ns, distribution 1.170ns)

    Location             Delay type                Incr(ns)  Path(ns)    Netlist Resource(s)
  -------------------------------------------------------------------    -------------------
                         (clock clk_pl_0 rise edge)
                                                      0.000     0.000 r  
    PS8_X0Y0             PS8                          0.000     0.000 r  top_i/zynq_ps/inst/PS8_i/PLCLK[0]
                         net (fo=1, routed)           0.180     0.180    top_i/zynq_ps/inst/pl_clk_unbuffered[0]
    BUFG_PS_X0Y80        BUFG_PS (Prop_BUFG_PS_I_O)
                                                      0.028     0.208 r  top_i/zynq_ps/inst/buffer_pl_clk_0.PL_CLK_0_BUFG/O
    X2Y2 (CLOCK_ROOT)    net (fo=38649, routed)       2.342     2.550    top_i/axi_interconnect_0/s00_couplers/auto_ds/inst/gen_downsizer.gen_simple_downsizer.axi_downsizer_inst/USE_READ.read_data_inst/CLK
    SLICE_X54Y121        FDSE                                         r  top_i/axi_interconnect_0/s00_couplers/auto_ds/inst/gen_downsizer.gen_simple_downsizer.axi_downsizer_inst/USE_READ.read_data_inst/first_word_reg/C
  -------------------------------------------------------------------    -------------------
    SLICE_X54Y121        FDSE (Prop_AFF_SLICEM_C_Q)
                                                      0.077     2.627 f  top_i/axi_interconnect_0/s00_couplers/auto_ds/inst/gen_downsizer.gen_simple_downsizer.axi_downsizer_inst/USE_READ.read_data_inst/first_word_reg/Q
                         net (fo=22, routed)          0.417     3.045    top_i/axi_interconnect_0/s00_couplers/auto_ds/inst/gen_downsizer.gen_simple_downsizer.axi_downsizer_inst/USE_READ.read_data_inst/first_mi_word
    SLICE_X50Y120        LUT2 (Prop_D5LUT_SLICEM_I0_O)
                                                      0.158     3.203 r  top_i/axi_interconnect_0/s00_couplers/auto_ds/inst/gen_downsizer.gen_simple_downsizer.axi_downsizer_inst/USE_READ.read_data_inst/s_axi_rdata[127]_INST_0_i_8/O
                         net (fo=1, routed)           0.295     3.498    top_i/axi_interconnect_0/s00_couplers/auto_ds/inst/gen_downsizer.gen_simple_downsizer.axi_downsizer_inst/USE_READ.read_addr_inst/cmd_queue/inst/s_axi_rdata[127]_INST_0_i_2_0
    SLICE_X50Y120        LUT6 (Prop_H6LUT_SLICEM_I2_O)
                                                      0.039     3.537 r  top_i/axi_interconnect_0/s00_couplers/auto_ds/inst/gen_downsizer.gen_simple_downsizer.axi_downsizer_inst/USE_READ.read_addr_inst/cmd_queue/inst/s_axi_rdata[127]_INST_0_i_6/O
                         net (fo=1, routed)           0.048     3.585    top_i/axi_interconnect_0/s00_couplers/auto_ds/inst/gen_downsizer.gen_simple_downsizer.axi_downsizer_inst/USE_READ.read_addr_inst/cmd_queue/inst/s_axi_rdata[127]_INST_0_i_6_n_0
    SLICE_X50Y120        LUT5 (Prop_C6LUT_SLICEM_I2_O)
                                                      0.123     3.708 r  top_i/axi_interconnect_0/s00_couplers/auto_ds/inst/gen_downsizer.gen_simple_downsizer.axi_downsizer_inst/USE_READ.read_addr_inst/cmd_queue/inst/s_axi_rdata[127]_INST_0_i_2/O
                         net (fo=132, routed)         0.491     4.199    top_i/axi_interconnect_0/s00_couplers/auto_ds/inst/gen_downsizer.gen_simple_downsizer.axi_downsizer_inst/USE_READ.read_addr_inst/cmd_queue/inst/s_axi_rdata[127]_INST_0_i_2_n_0
    SLICE_X50Y150        LUT5 (Prop_H6LUT_SLICEM_I1_O)
                                                      0.152     4.351 r  top_i/axi_interconnect_0/s00_couplers/auto_ds/inst/gen_downsizer.gen_simple_downsizer.axi_downsizer_inst/USE_READ.read_addr_inst/cmd_queue/inst/s_axi_rdata[16]_INST_0/O
                         net (fo=1, routed)           0.655     5.006    top_i/zynq_ps/inst/maxigp0_rdata[16]
    PS8_X0Y0             PS8                                          r  top_i/zynq_ps/inst/PS8_i/MAXIGP0RDATA[16]
  -------------------------------------------------------------------    -------------------

                         (clock clk_pl_0 rise edge)
                                                      5.333     5.333 r  
    PS8_X0Y0             PS8                          0.000     5.333 r  top_i/zynq_ps/inst/PS8_i/PLCLK[0]
                         net (fo=1, routed)           0.143     5.476    top_i/zynq_ps/inst/pl_clk_unbuffered[0]
    BUFG_PS_X0Y80        BUFG_PS (Prop_BUFG_PS_I_O)
                                                      0.025     5.501 r  top_i/zynq_ps/inst/buffer_pl_clk_0.PL_CLK_0_BUFG/O
    X2Y2 (CLOCK_ROOT)    net (fo=38649, routed)       2.042     7.543    top_i/zynq_ps/inst/maxihpm0_fpd_aclk
    PS8_X0Y0             PS8                                          r  top_i/zynq_ps/inst/PS8_i/MAXIGP0ACLK
                         clock pessimism              0.132     7.675    
                         clock uncertainty           -0.112     7.563    
    PS8_X0Y0             PS8 (Setup_PS8_MAXIGP0ACLK_MAXIGP0RDATA[16])
                                                     -0.813     6.750    top_i/zynq_ps/inst/PS8_i
  -------------------------------------------------------------------
                         required time                          6.750    
                         arrival time                          -5.006    
  -------------------------------------------------------------------
                         slack                                  1.744    

Slack (MET) :             1.756ns  (required time - arrival time)
  Source:                 top_i/rst_zynq_ps_187M/U0/SEQ/pr_reg/C
                            (rising edge-triggered cell FDSE clocked by clk_pl_0  {rise@0.000ns fall@2.667ns period=5.333ns})
  Destination:            top_i/rst_zynq_ps_187M/U0/ACTIVE_LOW_PR_OUT_DFF[0].FDRE_PER_N_replica_24/D
                            (rising edge-triggered cell FDRE clocked by clk_pl_0  {rise@0.000ns fall@2.667ns period=5.333ns})
  Path Group:             clk_pl_0
  Path Type:              Setup (Max at Slow Process Corner)
  Requirement:            5.333ns  (clk_pl_0 rise@5.333ns - clk_pl_0 rise@0.000ns)
  Data Path Delay:        3.211ns  (logic 0.146ns (4.547%)  route 3.065ns (95.453%))
  Logic Levels:           1  (LUT1=1)
  Clock Path Skew:        -0.279ns (DCD - SCD + CPR)
    Destination Clock Delay (DCD):    2.077ns = ( 7.410 - 5.333 ) 
    Source Clock Delay      (SCD):    2.484ns
    Clock Pessimism Removal (CPR):    0.128ns
  Clock Uncertainty:      0.112ns  ((TSJ^2 + DJ^2)^1/2) / 2 + PE
    Total System Jitter     (TSJ):    0.071ns
    Discrete Jitter          (DJ):    0.213ns
    Phase Error              (PE):    0.000ns
  Clock Net Delay (Source):      2.276ns (routing 0.960ns, distribution 1.316ns)
  Clock Net Delay (Destination): 1.909ns (routing 0.872ns, distribution 1.037ns)

    Location             Delay type                Incr(ns)  Path(ns)    Netlist Resource(s)
  -------------------------------------------------------------------    -------------------
                         (clock clk_pl_0 rise edge)
                                                      0.000     0.000 r  
    PS8_X0Y0             PS8                          0.000     0.000 r  top_i/zynq_ps/inst/PS8_i/PLCLK[0]
                         net (fo=1, routed)           0.180     0.180    top_i/zynq_ps/inst/pl_clk_unbuffered[0]
    BUFG_PS_X0Y80        BUFG_PS (Prop_BUFG_PS_I_O)
                                                      0.028     0.208 r  top_i/zynq_ps/inst/buffer_pl_clk_0.PL_CLK_0_BUFG/O
    X2Y2 (CLOCK_ROOT)    net (fo=38649, routed)       2.276     2.484    top_i/rst_zynq_ps_187M/U0/SEQ/slowest_sync_clk
    SLICE_X90Y205        FDSE                                         r  top_i/rst_zynq_ps_187M/U0/SEQ/pr_reg/C
  -------------------------------------------------------------------    -------------------
    SLICE_X90Y205        FDSE (Prop_GFF_SLICEL_C_Q)
                                                      0.079     2.563 f  top_i/rst_zynq_ps_187M/U0/SEQ/pr_reg/Q
                         net (fo=2, routed)           0.044     2.607    top_i/rst_zynq_ps_187M/U0/SEQ/Pr_out
    SLICE_X90Y205        LUT1 (Prop_G5LUT_SLICEL_I0_O)
                                                      0.067     2.674 r  top_i/rst_zynq_ps_187M/U0/SEQ/ACTIVE_LOW_PR_OUT_DFF[0].FDRE_PER_N_i_1/O
                         net (fo=69, routed)          3.021     5.695    top_i/rst_zynq_ps_187M/U0/SEQ_n_4
    SLICE_X66Y134        FDRE                                         r  top_i/rst_zynq_ps_187M/U0/ACTIVE_LOW_PR_OUT_DFF[0].FDRE_PER_N_replica_24/D
  -------------------------------------------------------------------    -------------------

                         (clock clk_pl_0 rise edge)
                                                      5.333     5.333 r  
    PS8_X0Y0             PS8                          0.000     5.333 r  top_i/zynq_ps/inst/PS8_i/PLCLK[0]
                         net (fo=1, routed)           0.143     5.476    top_i/zynq_ps/inst/pl_clk_unbuffered[0]
    BUFG_PS_X0Y80        BUFG_PS (Prop_BUFG_PS_I_O)
                                                      0.025     5.501 r  top_i/zynq_ps/inst/buffer_pl_clk_0.PL_CLK_0_BUFG/O
    X2Y2 (CLOCK_ROOT)    net (fo=38649, routed)       1.909     7.410    top_i/rst_zynq_ps_187M/U0/slowest_sync_clk
    SLICE_X66Y134        FDRE                                         r  top_i/rst_zynq_ps_187M/U0/ACTIVE_LOW_PR_OUT_DFF[0].FDRE_PER_N_replica_24/C
                         clock pessimism              0.128     7.538    
                         clock uncertainty           -0.112     7.426    
    SLICE_X66Y134        FDRE (Setup_EFF2_SLICEL_C_D)
                                                      0.025     7.451    top_i/rst_zynq_ps_187M/U0/ACTIVE_LOW_PR_OUT_DFF[0].FDRE_PER_N_replica_24
  -------------------------------------------------------------------
                         required time                          7.451    
                         arrival time                          -5.695    
  -------------------------------------------------------------------
                         slack                                  1.756    

Slack (MET) :             1.757ns  (required time - arrival time)
  Source:                 top_i/StreamingDataflowPartition_1/inst/StreamingDataflowPartition_1_Thresholding_rtl_0/inst/core/impl/blkStreamOutput.BVld_reg/C
                            (rising edge-triggered cell FDRE clocked by clk_pl_0  {rise@0.000ns fall@2.667ns period=5.333ns})
  Destination:            top_i/StreamingDataflowPartition_1/inst/StreamingDataflowPartition_1_StreamingFIFO_rtl_11/fifo/inst/gen_fifo.xpm_fifo_axis_inst/xpm_fifo_base_inst/gen_sdpram.xpm_memory_base_inst/gen_wr_a.gen_word_narrow.mem_reg_bram_7/WEA[0]
                            (rising edge-triggered cell RAMB36E2 clocked by clk_pl_0  {rise@0.000ns fall@2.667ns period=5.333ns})
  Path Group:             clk_pl_0
  Path Type:              Setup (Max at Slow Process Corner)
  Requirement:            5.333ns  (clk_pl_0 rise@5.333ns - clk_pl_0 rise@0.000ns)
  Data Path Delay:        2.993ns  (logic 0.357ns (11.927%)  route 2.636ns (88.073%))
  Logic Levels:           2  (LUT4=2)
  Clock Path Skew:        -0.077ns (DCD - SCD + CPR)
    Destination Clock Delay (DCD):    2.172ns = ( 7.505 - 5.333 ) 
    Source Clock Delay      (SCD):    2.377ns
    Clock Pessimism Removal (CPR):    0.128ns
  Clock Uncertainty:      0.112ns  ((TSJ^2 + DJ^2)^1/2) / 2 + PE
    Total System Jitter     (TSJ):    0.071ns
    Discrete Jitter          (DJ):    0.213ns
    Phase Error              (PE):    0.000ns
  Clock Net Delay (Source):      2.169ns (routing 0.960ns, distribution 1.209ns)
  Clock Net Delay (Destination): 2.004ns (routing 0.872ns, distribution 1.132ns)

    Location             Delay type                Incr(ns)  Path(ns)    Netlist Resource(s)
  -------------------------------------------------------------------    -------------------
                         (clock clk_pl_0 rise edge)
                                                      0.000     0.000 r  
    PS8_X0Y0             PS8                          0.000     0.000 r  top_i/zynq_ps/inst/PS8_i/PLCLK[0]
                         net (fo=1, routed)           0.180     0.180    top_i/zynq_ps/inst/pl_clk_unbuffered[0]
    BUFG_PS_X0Y80        BUFG_PS (Prop_BUFG_PS_I_O)
                                                      0.028     0.208 r  top_i/zynq_ps/inst/buffer_pl_clk_0.PL_CLK_0_BUFG/O
    X2Y2 (CLOCK_ROOT)    net (fo=38649, routed)       2.169     2.377    top_i/StreamingDataflowPartition_1/inst/StreamingDataflowPartition_1_Thresholding_rtl_0/inst/core/impl/ap_clk
    SLICE_X68Y88         FDRE                                         r  top_i/StreamingDataflowPartition_1/inst/StreamingDataflowPartition_1_Thresholding_rtl_0/inst/core/impl/blkStreamOutput.BVld_reg/C
  -------------------------------------------------------------------    -------------------
    SLICE_X68Y88         FDRE (Prop_CFF_SLICEL_C_Q)
                                                      0.079     2.456 r  top_i/StreamingDataflowPartition_1/inst/StreamingDataflowPartition_1_Thresholding_rtl_0/inst/core/impl/blkStreamOutput.BVld_reg/Q
                         net (fo=15, routed)          1.860     4.316    top_i/StreamingDataflowPartition_1/inst/StreamingDataflowPartition_1_StreamingFIFO_rtl_11/fifo/inst/gen_fifo.xpm_fifo_axis_inst/xpm_fifo_base_inst/xpm_fifo_rst_inst/wr_en
    SLICE_X68Y320        LUT4 (Prop_F5LUT_SLICEL_I0_O)
                                                      0.143     4.459 r  top_i/StreamingDataflowPartition_1/inst/StreamingDataflowPartition_1_StreamingFIFO_rtl_11/fifo/inst/gen_fifo.xpm_fifo_axis_inst/xpm_fifo_base_inst/xpm_fifo_rst_inst/gen_sdpram.xpm_memory_base_inst_i_1/O
                         net (fo=42, routed)          0.358     4.817    top_i/StreamingDataflowPartition_1/inst/StreamingDataflowPartition_1_StreamingFIFO_rtl_11/fifo/inst/gen_fifo.xpm_fifo_axis_inst/xpm_fifo_base_inst/gen_sdpram.xpm_memory_base_inst/wea[0]
    SLICE_X69Y331        LUT4 (Prop_G5LUT_SLICEL_I0_O)
                                                      0.135     4.952 r  top_i/StreamingDataflowPartition_1/inst/StreamingDataflowPartition_1_StreamingFIFO_rtl_11/fifo/inst/gen_fifo.xpm_fifo_axis_inst/xpm_fifo_base_inst/gen_sdpram.xpm_memory_base_inst/gen_wr_a.gen_word_narrow.mem_reg_bram_7_i_4/O
                         net (fo=4, routed)           0.418     5.370    top_i/StreamingDataflowPartition_1/inst/StreamingDataflowPartition_1_StreamingFIFO_rtl_11/fifo/inst/gen_fifo.xpm_fifo_axis_inst/xpm_fifo_base_inst/gen_sdpram.xpm_memory_base_inst/gen_wr_a.gen_word_narrow.mem_reg_bram_7_i_4_n_0
    RAMB36_X2Y68         RAMB36E2                                     r  top_i/StreamingDataflowPartition_1/inst/StreamingDataflowPartition_1_StreamingFIFO_rtl_11/fifo/inst/gen_fifo.xpm_fifo_axis_inst/xpm_fifo_base_inst/gen_sdpram.xpm_memory_base_inst/gen_wr_a.gen_word_narrow.mem_reg_bram_7/WEA[0]
  -------------------------------------------------------------------    -------------------

                         (clock clk_pl_0 rise edge)
                                                      5.333     5.333 r  
    PS8_X0Y0             PS8                          0.000     5.333 r  top_i/zynq_ps/inst/PS8_i/PLCLK[0]
                         net (fo=1, routed)           0.143     5.476    top_i/zynq_ps/inst/pl_clk_unbuffered[0]
    BUFG_PS_X0Y80        BUFG_PS (Prop_BUFG_PS_I_O)
                                                      0.025     5.501 r  top_i/zynq_ps/inst/buffer_pl_clk_0.PL_CLK_0_BUFG/O
    X2Y2 (CLOCK_ROOT)    net (fo=38649, routed)       2.004     7.505    top_i/StreamingDataflowPartition_1/inst/StreamingDataflowPartition_1_StreamingFIFO_rtl_11/fifo/inst/gen_fifo.xpm_fifo_axis_inst/xpm_fifo_base_inst/gen_sdpram.xpm_memory_base_inst/clka
    RAMB36_X2Y68         RAMB36E2                                     r  top_i/StreamingDataflowPartition_1/inst/StreamingDataflowPartition_1_StreamingFIFO_rtl_11/fifo/inst/gen_fifo.xpm_fifo_axis_inst/xpm_fifo_base_inst/gen_sdpram.xpm_memory_base_inst/gen_wr_a.gen_word_narrow.mem_reg_bram_7/CLKARDCLK
                         clock pessimism              0.128     7.633    
                         clock uncertainty           -0.112     7.521    
    RAMB36_X2Y68         RAMB36E2 (Setup_RAMB36E2_RAMB36_CLKARDCLK_WEA[0])
                                                     -0.394     7.127    top_i/StreamingDataflowPartition_1/inst/StreamingDataflowPartition_1_StreamingFIFO_rtl_11/fifo/inst/gen_fifo.xpm_fifo_axis_inst/xpm_fifo_base_inst/gen_sdpram.xpm_memory_base_inst/gen_wr_a.gen_word_narrow.mem_reg_bram_7
  -------------------------------------------------------------------
                         required time                          7.127    
                         arrival time                          -5.370    
  -------------------------------------------------------------------
                         slack                                  1.757    





Min Delay Paths
--------------------------------------------------------------------------------------
Slack (MET) :             0.010ns  (arrival time - required time)
  Source:                 top_i/smartconnect_0/inst/s01_nodes/s01_w_node/inst/inst_mi_handler/gen_normal_area.gen_upsizer.inst_upsizer/gen_w_ch.accum_reg[bytes][15][userdata][3]/C
                            (rising edge-triggered cell FDRE clocked by clk_pl_0  {rise@0.000ns fall@2.667ns period=5.333ns})
  Destination:            top_i/smartconnect_0/inst/s01_nodes/s01_w_node/inst/inst_mi_handler/gen_normal_area.inst_fifo_node_payld/gen_xpm_memory_fifo.inst_fifo/gen_mem_rep[0].inst_xpm_memory/xpm_memory_base_inst/gen_wr_a.gen_word_narrow.mem_reg_0_31_154_159/RAMA_D1/I
                            (rising edge-triggered cell RAMD32 clocked by clk_pl_0  {rise@0.000ns fall@2.667ns period=5.333ns})
  Path Group:             clk_pl_0
  Path Type:              Hold (Min at Slow Process Corner)
  Requirement:            0.000ns  (clk_pl_0 rise@0.000ns - clk_pl_0 rise@0.000ns)
  Data Path Delay:        0.202ns  (logic 0.060ns (29.703%)  route 0.142ns (70.297%))
  Logic Levels:           0  
  Clock Path Skew:        0.132ns (DCD - SCD - CPR)
    Destination Clock Delay (DCD):    2.568ns
    Source Clock Delay      (SCD):    2.233ns
    Clock Pessimism Removal (CPR):    0.203ns
  Clock Net Delay (Source):      2.065ns (routing 0.872ns, distribution 1.193ns)
  Clock Net Delay (Destination): 2.360ns (routing 0.960ns, distribution 1.400ns)

    Location             Delay type                Incr(ns)  Path(ns)    Netlist Resource(s)
  -------------------------------------------------------------------    -------------------
                         (clock clk_pl_0 rise edge)
                                                      0.000     0.000 r  
    PS8_X0Y0             PS8                          0.000     0.000 r  top_i/zynq_ps/inst/PS8_i/PLCLK[0]
                         net (fo=1, routed)           0.143     0.143    top_i/zynq_ps/inst/pl_clk_unbuffered[0]
    BUFG_PS_X0Y80        BUFG_PS (Prop_BUFG_PS_I_O)
                                                      0.025     0.168 r  top_i/zynq_ps/inst/buffer_pl_clk_0.PL_CLK_0_BUFG/O
    X2Y2 (CLOCK_ROOT)    net (fo=38649, routed)       2.065     2.233    top_i/smartconnect_0/inst/s01_nodes/s01_w_node/inst/inst_mi_handler/gen_normal_area.gen_upsizer.inst_upsizer/s_sc_aclk
    SLICE_X55Y81         FDRE                                         r  top_i/smartconnect_0/inst/s01_nodes/s01_w_node/inst/inst_mi_handler/gen_normal_area.gen_upsizer.inst_upsizer/gen_w_ch.accum_reg[bytes][15][userdata][3]/C
  -------------------------------------------------------------------    -------------------
    SLICE_X55Y81         FDRE (Prop_EFF2_SLICEL_C_Q)
                                                      0.060     2.293 r  top_i/smartconnect_0/inst/s01_nodes/s01_w_node/inst/inst_mi_handler/gen_normal_area.gen_upsizer.inst_upsizer/gen_w_ch.accum_reg[bytes][15][userdata][3]/Q
                         net (fo=1, routed)           0.142     2.435    top_i/smartconnect_0/inst/s01_nodes/s01_w_node/inst/inst_mi_handler/gen_normal_area.inst_fifo_node_payld/gen_xpm_memory_fifo.inst_fifo/gen_mem_rep[0].inst_xpm_memory/xpm_memory_base_inst/gen_wr_a.gen_word_narrow.mem_reg_0_31_154_159/DIA1
    SLICE_X56Y80         RAMD32                                       r  top_i/smartconnect_0/inst/s01_nodes/s01_w_node/inst/inst_mi_handler/gen_normal_area.inst_fifo_node_payld/gen_xpm_memory_fifo.inst_fifo/gen_mem_rep[0].inst_xpm_memory/xpm_memory_base_inst/gen_wr_a.gen_word_narrow.mem_reg_0_31_154_159/RAMA_D1/I
  -------------------------------------------------------------------    -------------------

                         (clock clk_pl_0 rise edge)
                                                      0.000     0.000 r  
    PS8_X0Y0             PS8                          0.000     0.000 r  top_i/zynq_ps/inst/PS8_i/PLCLK[0]
                         net (fo=1, routed)           0.180     0.180    top_i/zynq_ps/inst/pl_clk_unbuffered[0]
    BUFG_PS_X0Y80        BUFG_PS (Prop_BUFG_PS_I_O)
                                                      0.028     0.208 r  top_i/zynq_ps/inst/buffer_pl_clk_0.PL_CLK_0_BUFG/O
    X2Y2 (CLOCK_ROOT)    net (fo=38649, routed)       2.360     2.568    top_i/smartconnect_0/inst/s01_nodes/s01_w_node/inst/inst_mi_handler/gen_normal_area.inst_fifo_node_payld/gen_xpm_memory_fifo.inst_fifo/gen_mem_rep[0].inst_xpm_memory/xpm_memory_base_inst/gen_wr_a.gen_word_narrow.mem_reg_0_31_154_159/WCLK
    SLICE_X56Y80         RAMD32                                       r  top_i/smartconnect_0/inst/s01_nodes/s01_w_node/inst/inst_mi_handler/gen_normal_area.inst_fifo_node_payld/gen_xpm_memory_fifo.inst_fifo/gen_mem_rep[0].inst_xpm_memory/xpm_memory_base_inst/gen_wr_a.gen_word_narrow.mem_reg_0_31_154_159/RAMA_D1/CLK
                         clock pessimism             -0.203     2.365    
    SLICE_X56Y80         RAMD32 (Hold_E6LUT_SLICEM_CLK_I)
                                                      0.060     2.425    top_i/smartconnect_0/inst/s01_nodes/s01_w_node/inst/inst_mi_handler/gen_normal_area.inst_fifo_node_payld/gen_xpm_memory_fifo.inst_fifo/gen_mem_rep[0].inst_xpm_memory/xpm_memory_base_inst/gen_wr_a.gen_word_narrow.mem_reg_0_31_154_159/RAMA_D1
  -------------------------------------------------------------------
                         required time                         -2.425    
                         arrival time                           2.435    
  -------------------------------------------------------------------
                         slack                                  0.010    

Slack (MET) :             0.010ns  (arrival time - required time)
  Source:                 top_i/StreamingDataflowPartition_1/inst/StreamingDataflowPartition_1_MVAU_rtl_6/StreamingDataflowPartition_1_MVAU_rtl_6/inst/inst/B_reg[dat][0][3]/C
                            (rising edge-triggered cell FDRE clocked by clk_pl_0  {rise@0.000ns fall@2.667ns period=5.333ns})
  Destination:            top_i/StreamingDataflowPartition_1/inst/StreamingDataflowPartition_1_StreamingFIFO_rtl_65/inst/impl/srl_reg[0][3]/D
                            (rising edge-triggered cell FDRE clocked by clk_pl_0  {rise@0.000ns fall@2.667ns period=5.333ns})
  Path Group:             clk_pl_0
  Path Type:              Hold (Min at Slow Process Corner)
  Requirement:            0.000ns  (clk_pl_0 rise@0.000ns - clk_pl_0 rise@0.000ns)
  Data Path Delay:        0.133ns  (logic 0.059ns (44.361%)  route 0.074ns (55.639%))
  Logic Levels:           0  
  Clock Path Skew:        0.061ns (DCD - SCD - CPR)
    Destination Clock Delay (DCD):    2.519ns
    Source Clock Delay      (SCD):    2.209ns
    Clock Pessimism Removal (CPR):    0.249ns
  Clock Net Delay (Source):      2.041ns (routing 0.872ns, distribution 1.169ns)
  Clock Net Delay (Destination): 2.311ns (routing 0.960ns, distribution 1.351ns)

    Location             Delay type                Incr(ns)  Path(ns)    Netlist Resource(s)
  -------------------------------------------------------------------    -------------------
                         (clock clk_pl_0 rise edge)
                                                      0.000     0.000 r  
    PS8_X0Y0             PS8                          0.000     0.000 r  top_i/zynq_ps/inst/PS8_i/PLCLK[0]
                         net (fo=1, routed)           0.143     0.143    top_i/zynq_ps/inst/pl_clk_unbuffered[0]
    BUFG_PS_X0Y80        BUFG_PS (Prop_BUFG_PS_I_O)
                                                      0.025     0.168 r  top_i/zynq_ps/inst/buffer_pl_clk_0.PL_CLK_0_BUFG/O
    X2Y2 (CLOCK_ROOT)    net (fo=38649, routed)       2.041     2.209    top_i/StreamingDataflowPartition_1/inst/StreamingDataflowPartition_1_MVAU_rtl_6/StreamingDataflowPartition_1_MVAU_rtl_6/inst/inst/ap_clk
    SLICE_X95Y186        FDRE                                         r  top_i/StreamingDataflowPartition_1/inst/StreamingDataflowPartition_1_MVAU_rtl_6/StreamingDataflowPartition_1_MVAU_rtl_6/inst/inst/B_reg[dat][0][3]/C
  -------------------------------------------------------------------    -------------------
    SLICE_X95Y186        FDRE (Prop_CFF2_SLICEL_C_Q)
                                                      0.059     2.268 r  top_i/StreamingDataflowPartition_1/inst/StreamingDataflowPartition_1_MVAU_rtl_6/StreamingDataflowPartition_1_MVAU_rtl_6/inst/inst/B_reg[dat][0][3]/Q
                         net (fo=2, routed)           0.074     2.342    top_i/StreamingDataflowPartition_1/inst/StreamingDataflowPartition_1_StreamingFIFO_rtl_65/inst/impl/D[3]
    SLICE_X95Y188        FDRE                                         r  top_i/StreamingDataflowPartition_1/inst/StreamingDataflowPartition_1_StreamingFIFO_rtl_65/inst/impl/srl_reg[0][3]/D
  -------------------------------------------------------------------    -------------------

                         (clock clk_pl_0 rise edge)
                                                      0.000     0.000 r  
    PS8_X0Y0             PS8                          0.000     0.000 r  top_i/zynq_ps/inst/PS8_i/PLCLK[0]
                         net (fo=1, routed)           0.180     0.180    top_i/zynq_ps/inst/pl_clk_unbuffered[0]
    BUFG_PS_X0Y80        BUFG_PS (Prop_BUFG_PS_I_O)
                                                      0.028     0.208 r  top_i/zynq_ps/inst/buffer_pl_clk_0.PL_CLK_0_BUFG/O
    X2Y2 (CLOCK_ROOT)    net (fo=38649, routed)       2.311     2.519    top_i/StreamingDataflowPartition_1/inst/StreamingDataflowPartition_1_StreamingFIFO_rtl_65/inst/impl/ap_clk
    SLICE_X95Y188        FDRE                                         r  top_i/StreamingDataflowPartition_1/inst/StreamingDataflowPartition_1_StreamingFIFO_rtl_65/inst/impl/srl_reg[0][3]/C
                         clock pessimism             -0.249     2.271    
    SLICE_X95Y188        FDRE (Hold_GFF2_SLICEL_C_D)
                                                      0.062     2.333    top_i/StreamingDataflowPartition_1/inst/StreamingDataflowPartition_1_StreamingFIFO_rtl_65/inst/impl/srl_reg[0][3]
  -------------------------------------------------------------------
                         required time                         -2.333    
                         arrival time                           2.342    
  -------------------------------------------------------------------
                         slack                                  0.010    

Slack (MET) :             0.010ns  (arrival time - required time)
  Source:                 top_i/StreamingDataflowPartition_1/inst/StreamingDataflowPartition_1_MVAU_rtl_0/StreamingDataflowPartition_1_MVAU_rtl_0/inst/inst/blkDsp.genblk2_2.core/genPipes[0].Res5_reg[1][1]/C
                            (rising edge-triggered cell FDRE clocked by clk_pl_0  {rise@0.000ns fall@2.667ns period=5.333ns})
  Destination:            top_i/StreamingDataflowPartition_1/inst/StreamingDataflowPartition_1_MVAU_rtl_0/StreamingDataflowPartition_1_MVAU_rtl_0/inst/inst/A_reg[dat][0][1]/D
                            (rising edge-triggered cell FDRE clocked by clk_pl_0  {rise@0.000ns fall@2.667ns period=5.333ns})
  Path Group:             clk_pl_0
  Path Type:              Hold (Min at Slow Process Corner)
  Requirement:            0.000ns  (clk_pl_0 rise@0.000ns - clk_pl_0 rise@0.000ns)
  Data Path Delay:        0.135ns  (logic 0.058ns (42.835%)  route 0.077ns (57.165%))
  Logic Levels:           0  
  Clock Path Skew:        0.063ns (DCD - SCD - CPR)
    Destination Clock Delay (DCD):    2.568ns
    Source Clock Delay      (SCD):    2.242ns
    Clock Pessimism Removal (CPR):    0.263ns
  Clock Net Delay (Source):      2.074ns (routing 0.872ns, distribution 1.202ns)
  Clock Net Delay (Destination): 2.360ns (routing 0.960ns, distribution 1.400ns)

    Location             Delay type                Incr(ns)  Path(ns)    Netlist Resource(s)
  -------------------------------------------------------------------    -------------------
                         (clock clk_pl_0 rise edge)
                                                      0.000     0.000 r  
    PS8_X0Y0             PS8                          0.000     0.000 r  top_i/zynq_ps/inst/PS8_i/PLCLK[0]
                         net (fo=1, routed)           0.143     0.143    top_i/zynq_ps/inst/pl_clk_unbuffered[0]
    BUFG_PS_X0Y80        BUFG_PS (Prop_BUFG_PS_I_O)
                                                      0.025     0.168 r  top_i/zynq_ps/inst/buffer_pl_clk_0.PL_CLK_0_BUFG/O
    X2Y2 (CLOCK_ROOT)    net (fo=38649, routed)       2.074     2.242    top_i/StreamingDataflowPartition_1/inst/StreamingDataflowPartition_1_MVAU_rtl_0/StreamingDataflowPartition_1_MVAU_rtl_0/inst/inst/blkDsp.genblk2_2.core/ap_clk
    SLICE_X55Y20         FDRE                                         r  top_i/StreamingDataflowPartition_1/inst/StreamingDataflowPartition_1_MVAU_rtl_0/StreamingDataflowPartition_1_MVAU_rtl_0/inst/inst/blkDsp.genblk2_2.core/genPipes[0].Res5_reg[1][1]/C
  -------------------------------------------------------------------    -------------------
    SLICE_X55Y20         FDRE (Prop_FFF_SLICEL_C_Q)
                                                      0.058     2.300 r  top_i/StreamingDataflowPartition_1/inst/StreamingDataflowPartition_1_MVAU_rtl_0/StreamingDataflowPartition_1_MVAU_rtl_0/inst/inst/blkDsp.genblk2_2.core/genPipes[0].Res5_reg[1][1]/Q
                         net (fo=2, routed)           0.077     2.377    top_i/StreamingDataflowPartition_1/inst/StreamingDataflowPartition_1_MVAU_rtl_0/StreamingDataflowPartition_1_MVAU_rtl_0/inst/inst/genPipes[0].Res5_reg[1]_12[1]
    SLICE_X55Y18         FDRE                                         r  top_i/StreamingDataflowPartition_1/inst/StreamingDataflowPartition_1_MVAU_rtl_0/StreamingDataflowPartition_1_MVAU_rtl_0/inst/inst/A_reg[dat][0][1]/D
  -------------------------------------------------------------------    -------------------

                         (clock clk_pl_0 rise edge)
                                                      0.000     0.000 r  
    PS8_X0Y0             PS8                          0.000     0.000 r  top_i/zynq_ps/inst/PS8_i/PLCLK[0]
                         net (fo=1, routed)           0.180     0.180    top_i/zynq_ps/inst/pl_clk_unbuffered[0]
    BUFG_PS_X0Y80        BUFG_PS (Prop_BUFG_PS_I_O)
                                                      0.028     0.208 r  top_i/zynq_ps/inst/buffer_pl_clk_0.PL_CLK_0_BUFG/O
    X2Y2 (CLOCK_ROOT)    net (fo=38649, routed)       2.360     2.568    top_i/StreamingDataflowPartition_1/inst/StreamingDataflowPartition_1_MVAU_rtl_0/StreamingDataflowPartition_1_MVAU_rtl_0/inst/inst/ap_clk
    SLICE_X55Y18         FDRE                                         r  top_i/StreamingDataflowPartition_1/inst/StreamingDataflowPartition_1_MVAU_rtl_0/StreamingDataflowPartition_1_MVAU_rtl_0/inst/inst/A_reg[dat][0][1]/C
                         clock pessimism             -0.263     2.305    
    SLICE_X55Y18         FDRE (Hold_FFF2_SLICEL_C_D)
                                                      0.062     2.367    top_i/StreamingDataflowPartition_1/inst/StreamingDataflowPartition_1_MVAU_rtl_0/StreamingDataflowPartition_1_MVAU_rtl_0/inst/inst/A_reg[dat][0][1]
  -------------------------------------------------------------------
                         required time                         -2.367    
                         arrival time                           2.377    
  -------------------------------------------------------------------
                         slack                                  0.010    

Slack (MET) :             0.010ns  (arrival time - required time)
  Source:                 top_i/StreamingDataflowPartition_1/inst/StreamingDataflowPartition_1_MVAU_rtl_3/StreamingDataflowPartition_1_MVAU_rtl_3/inst/inst/blkDsp.genblk2_1.core/genPipes[0].Res5_reg[1][8]/C
                            (rising edge-triggered cell FDRE clocked by clk_pl_0  {rise@0.000ns fall@2.667ns period=5.333ns})
  Destination:            top_i/StreamingDataflowPartition_1/inst/StreamingDataflowPartition_1_MVAU_rtl_3/StreamingDataflowPartition_1_MVAU_rtl_3/inst/inst/A_reg[dat][1][8]/D
                            (rising edge-triggered cell FDRE clocked by clk_pl_0  {rise@0.000ns fall@2.667ns period=5.333ns})
  Path Group:             clk_pl_0
  Path Type:              Hold (Min at Slow Process Corner)
  Requirement:            0.000ns  (clk_pl_0 rise@0.000ns - clk_pl_0 rise@0.000ns)
  Data Path Delay:        0.168ns  (logic 0.058ns (34.462%)  route 0.110ns (65.538%))
  Logic Levels:           0  
  Clock Path Skew:        0.098ns (DCD - SCD - CPR)
    Destination Clock Delay (DCD):    2.548ns
    Source Clock Delay      (SCD):    2.250ns
    Clock Pessimism Removal (CPR):    0.200ns
  Clock Net Delay (Source):      2.082ns (routing 0.872ns, distribution 1.210ns)
  Clock Net Delay (Destination): 2.340ns (routing 0.960ns, distribution 1.380ns)

    Location             Delay type                Incr(ns)  Path(ns)    Netlist Resource(s)
  -------------------------------------------------------------------    -------------------
                         (clock clk_pl_0 rise edge)
                                                      0.000     0.000 r  
    PS8_X0Y0             PS8                          0.000     0.000 r  top_i/zynq_ps/inst/PS8_i/PLCLK[0]
                         net (fo=1, routed)           0.143     0.143    top_i/zynq_ps/inst/pl_clk_unbuffered[0]
    BUFG_PS_X0Y80        BUFG_PS (Prop_BUFG_PS_I_O)
                                                      0.025     0.168 r  top_i/zynq_ps/inst/buffer_pl_clk_0.PL_CLK_0_BUFG/O
    X2Y2 (CLOCK_ROOT)    net (fo=38649, routed)       2.082     2.250    top_i/StreamingDataflowPartition_1/inst/StreamingDataflowPartition_1_MVAU_rtl_3/StreamingDataflowPartition_1_MVAU_rtl_3/inst/inst/blkDsp.genblk2_1.core/ap_clk
    SLICE_X103Y226       FDRE                                         r  top_i/StreamingDataflowPartition_1/inst/StreamingDataflowPartition_1_MVAU_rtl_3/StreamingDataflowPartition_1_MVAU_rtl_3/inst/inst/blkDsp.genblk2_1.core/genPipes[0].Res5_reg[1][8]/C
  -------------------------------------------------------------------    -------------------
    SLICE_X103Y226       FDRE (Prop_AFF_SLICEL_C_Q)
                                                      0.058     2.308 r  top_i/StreamingDataflowPartition_1/inst/StreamingDataflowPartition_1_MVAU_rtl_3/StreamingDataflowPartition_1_MVAU_rtl_3/inst/inst/blkDsp.genblk2_1.core/genPipes[0].Res5_reg[1][8]/Q
                         net (fo=2, routed)           0.110     2.418    top_i/StreamingDataflowPartition_1/inst/StreamingDataflowPartition_1_MVAU_rtl_3/StreamingDataflowPartition_1_MVAU_rtl_3/inst/inst/genPipes[0].Res5_reg[1]_93[8]
    SLICE_X102Y226       FDRE                                         r  top_i/StreamingDataflowPartition_1/inst/StreamingDataflowPartition_1_MVAU_rtl_3/StreamingDataflowPartition_1_MVAU_rtl_3/inst/inst/A_reg[dat][1][8]/D
  -------------------------------------------------------------------    -------------------

                         (clock clk_pl_0 rise edge)
                                                      0.000     0.000 r  
    PS8_X0Y0             PS8                          0.000     0.000 r  top_i/zynq_ps/inst/PS8_i/PLCLK[0]
                         net (fo=1, routed)           0.180     0.180    top_i/zynq_ps/inst/pl_clk_unbuffered[0]
    BUFG_PS_X0Y80        BUFG_PS (Prop_BUFG_PS_I_O)
                                                      0.028     0.208 r  top_i/zynq_ps/inst/buffer_pl_clk_0.PL_CLK_0_BUFG/O
    X2Y2 (CLOCK_ROOT)    net (fo=38649, routed)       2.340     2.548    top_i/StreamingDataflowPartition_1/inst/StreamingDataflowPartition_1_MVAU_rtl_3/StreamingDataflowPartition_1_MVAU_rtl_3/inst/inst/ap_clk
    SLICE_X102Y226       FDRE                                         r  top_i/StreamingDataflowPartition_1/inst/StreamingDataflowPartition_1_MVAU_rtl_3/StreamingDataflowPartition_1_MVAU_rtl_3/inst/inst/A_reg[dat][1][8]/C
                         clock pessimism             -0.200     2.348    
    SLICE_X102Y226       FDRE (Hold_EFF_SLICEL_C_D)
                                                      0.060     2.408    top_i/StreamingDataflowPartition_1/inst/StreamingDataflowPartition_1_MVAU_rtl_3/StreamingDataflowPartition_1_MVAU_rtl_3/inst/inst/A_reg[dat][1][8]
  -------------------------------------------------------------------
                         required time                         -2.408    
                         arrival time                           2.418    
  -------------------------------------------------------------------
                         slack                                  0.010    

Slack (MET) :             0.010ns  (arrival time - required time)
  Source:                 top_i/StreamingDataflowPartition_1/inst/StreamingDataflowPartition_1_MVAU_rtl_0/StreamingDataflowPartition_1_MVAU_rtl_0_wstrm/inst/core/mem/blkStage1.Ptr_reg[0][val][1]/C
                            (rising edge-triggered cell FDRE clocked by clk_pl_0  {rise@0.000ns fall@2.667ns period=5.333ns})
  Destination:            top_i/StreamingDataflowPartition_1/inst/StreamingDataflowPartition_1_MVAU_rtl_0/StreamingDataflowPartition_1_MVAU_rtl_0_wstrm/inst/core/mem/blkStage1.Ptr_reg[1][val][1]/D
                            (rising edge-triggered cell FDRE clocked by clk_pl_0  {rise@0.000ns fall@2.667ns period=5.333ns})
  Path Group:             clk_pl_0
  Path Type:              Hold (Min at Slow Process Corner)
  Requirement:            0.000ns  (clk_pl_0 rise@0.000ns - clk_pl_0 rise@0.000ns)
  Data Path Delay:        0.171ns  (logic 0.059ns (34.484%)  route 0.112ns (65.516%))
  Logic Levels:           0  
  Clock Path Skew:        0.099ns (DCD - SCD - CPR)
    Destination Clock Delay (DCD):    2.550ns
    Source Clock Delay      (SCD):    2.244ns
    Clock Pessimism Removal (CPR):    0.207ns
  Clock Net Delay (Source):      2.076ns (routing 0.872ns, distribution 1.204ns)
  Clock Net Delay (Destination): 2.342ns (routing 0.960ns, distribution 1.382ns)

    Location             Delay type                Incr(ns)  Path(ns)    Netlist Resource(s)
  -------------------------------------------------------------------    -------------------
                         (clock clk_pl_0 rise edge)
                                                      0.000     0.000 r  
    PS8_X0Y0             PS8                          0.000     0.000 r  top_i/zynq_ps/inst/PS8_i/PLCLK[0]
                         net (fo=1, routed)           0.143     0.143    top_i/zynq_ps/inst/pl_clk_unbuffered[0]
    BUFG_PS_X0Y80        BUFG_PS (Prop_BUFG_PS_I_O)
                                                      0.025     0.168 r  top_i/zynq_ps/inst/buffer_pl_clk_0.PL_CLK_0_BUFG/O
    X2Y2 (CLOCK_ROOT)    net (fo=38649, routed)       2.076     2.244    top_i/StreamingDataflowPartition_1/inst/StreamingDataflowPartition_1_MVAU_rtl_0/StreamingDataflowPartition_1_MVAU_rtl_0_wstrm/inst/core/mem/ap_clk
    SLICE_X56Y24         FDRE                                         r  top_i/StreamingDataflowPartition_1/inst/StreamingDataflowPartition_1_MVAU_rtl_0/StreamingDataflowPartition_1_MVAU_rtl_0_wstrm/inst/core/mem/blkStage1.Ptr_reg[0][val][1]/C
  -------------------------------------------------------------------    -------------------
    SLICE_X56Y24         FDRE (Prop_HFF2_SLICEM_C_Q)
                                                      0.059     2.303 r  top_i/StreamingDataflowPartition_1/inst/StreamingDataflowPartition_1_MVAU_rtl_0/StreamingDataflowPartition_1_MVAU_rtl_0_wstrm/inst/core/mem/blkStage1.Ptr_reg[0][val][1]/Q
                         net (fo=4, routed)           0.112     2.415    top_i/StreamingDataflowPartition_1/inst/StreamingDataflowPartition_1_MVAU_rtl_0/StreamingDataflowPartition_1_MVAU_rtl_0_wstrm/inst/core/mem/blkStage1.Ptr_reg[0][val][1]
    SLICE_X55Y24         FDRE                                         r  top_i/StreamingDataflowPartition_1/inst/StreamingDataflowPartition_1_MVAU_rtl_0/StreamingDataflowPartition_1_MVAU_rtl_0_wstrm/inst/core/mem/blkStage1.Ptr_reg[1][val][1]/D
  -------------------------------------------------------------------    -------------------

                         (clock clk_pl_0 rise edge)
                                                      0.000     0.000 r  
    PS8_X0Y0             PS8                          0.000     0.000 r  top_i/zynq_ps/inst/PS8_i/PLCLK[0]
                         net (fo=1, routed)           0.180     0.180    top_i/zynq_ps/inst/pl_clk_unbuffered[0]
    BUFG_PS_X0Y80        BUFG_PS (Prop_BUFG_PS_I_O)
                                                      0.028     0.208 r  top_i/zynq_ps/inst/buffer_pl_clk_0.PL_CLK_0_BUFG/O
    X2Y2 (CLOCK_ROOT)    net (fo=38649, routed)       2.342     2.550    top_i/StreamingDataflowPartition_1/inst/StreamingDataflowPartition_1_MVAU_rtl_0/StreamingDataflowPartition_1_MVAU_rtl_0_wstrm/inst/core/mem/ap_clk
    SLICE_X55Y24         FDRE                                         r  top_i/StreamingDataflowPartition_1/inst/StreamingDataflowPartition_1_MVAU_rtl_0/StreamingDataflowPartition_1_MVAU_rtl_0_wstrm/inst/core/mem/blkStage1.Ptr_reg[1][val][1]/C
                         clock pessimism             -0.207     2.343    
    SLICE_X55Y24         FDRE (Hold_GFF2_SLICEL_C_D)
                                                      0.062     2.405    top_i/StreamingDataflowPartition_1/inst/StreamingDataflowPartition_1_MVAU_rtl_0/StreamingDataflowPartition_1_MVAU_rtl_0_wstrm/inst/core/mem/blkStage1.Ptr_reg[1][val][1]
  -------------------------------------------------------------------
                         required time                         -2.405    
                         arrival time                           2.415    
  -------------------------------------------------------------------
                         slack                                  0.010    

Slack (MET) :             0.010ns  (arrival time - required time)
  Source:                 top_i/StreamingDataflowPartition_1/inst/StreamingDataflowPartition_1_StreamingFIFO_rtl_26/inst/impl/srlo_reg[236]/C
                            (rising edge-triggered cell FDRE clocked by clk_pl_0  {rise@0.000ns fall@2.667ns period=5.333ns})
  Destination:            top_i/StreamingDataflowPartition_1/inst/StreamingDataflowPartition_1_FMPadding_rtl_2/inst/impl/padding/A_reg[dat][236]/D
                            (rising edge-triggered cell FDRE clocked by clk_pl_0  {rise@0.000ns fall@2.667ns period=5.333ns})
  Path Group:             clk_pl_0
  Path Type:              Hold (Min at Slow Process Corner)
  Requirement:            0.000ns  (clk_pl_0 rise@0.000ns - clk_pl_0 rise@0.000ns)
  Data Path Delay:        0.173ns  (logic 0.058ns (33.492%)  route 0.115ns (66.508%))
  Logic Levels:           0  
  Clock Path Skew:        0.103ns (DCD - SCD - CPR)
    Destination Clock Delay (DCD):    2.448ns
    Source Clock Delay      (SCD):    2.146ns
    Clock Pessimism Removal (CPR):    0.199ns
  Clock Net Delay (Source):      1.978ns (routing 0.872ns, distribution 1.106ns)
  Clock Net Delay (Destination): 2.240ns (routing 0.960ns, distribution 1.280ns)

    Location             Delay type                Incr(ns)  Path(ns)    Netlist Resource(s)
  -------------------------------------------------------------------    -------------------
                         (clock clk_pl_0 rise edge)
                                                      0.000     0.000 r  
    PS8_X0Y0             PS8                          0.000     0.000 r  top_i/zynq_ps/inst/PS8_i/PLCLK[0]
                         net (fo=1, routed)           0.143     0.143    top_i/zynq_ps/inst/pl_clk_unbuffered[0]
    BUFG_PS_X0Y80        BUFG_PS (Prop_BUFG_PS_I_O)
                                                      0.025     0.168 r  top_i/zynq_ps/inst/buffer_pl_clk_0.PL_CLK_0_BUFG/O
    X2Y2 (CLOCK_ROOT)    net (fo=38649, routed)       1.978     2.146    top_i/StreamingDataflowPartition_1/inst/StreamingDataflowPartition_1_StreamingFIFO_rtl_26/inst/impl/ap_clk
    SLICE_X88Y294        FDRE                                         r  top_i/StreamingDataflowPartition_1/inst/StreamingDataflowPartition_1_StreamingFIFO_rtl_26/inst/impl/srlo_reg[236]/C
  -------------------------------------------------------------------    -------------------
    SLICE_X88Y294        FDRE (Prop_CFF_SLICEM_C_Q)
                                                      0.058     2.204 r  top_i/StreamingDataflowPartition_1/inst/StreamingDataflowPartition_1_StreamingFIFO_rtl_26/inst/impl/srlo_reg[236]/Q
                         net (fo=2, routed)           0.115     2.319    top_i/StreamingDataflowPartition_1/inst/StreamingDataflowPartition_1_FMPadding_rtl_2/inst/impl/padding/Q[236]
    SLICE_X87Y294        FDRE                                         r  top_i/StreamingDataflowPartition_1/inst/StreamingDataflowPartition_1_FMPadding_rtl_2/inst/impl/padding/A_reg[dat][236]/D
  -------------------------------------------------------------------    -------------------

                         (clock clk_pl_0 rise edge)
                                                      0.000     0.000 r  
    PS8_X0Y0             PS8                          0.000     0.000 r  top_i/zynq_ps/inst/PS8_i/PLCLK[0]
                         net (fo=1, routed)           0.180     0.180    top_i/zynq_ps/inst/pl_clk_unbuffered[0]
    BUFG_PS_X0Y80        BUFG_PS (Prop_BUFG_PS_I_O)
                                                      0.028     0.208 r  top_i/zynq_ps/inst/buffer_pl_clk_0.PL_CLK_0_BUFG/O
    X2Y2 (CLOCK_ROOT)    net (fo=38649, routed)       2.240     2.448    top_i/StreamingDataflowPartition_1/inst/StreamingDataflowPartition_1_FMPadding_rtl_2/inst/impl/padding/ap_clk
    SLICE_X87Y294        FDRE                                         r  top_i/StreamingDataflowPartition_1/inst/StreamingDataflowPartition_1_FMPadding_rtl_2/inst/impl/padding/A_reg[dat][236]/C
                         clock pessimism             -0.199     2.249    
    SLICE_X87Y294        FDRE (Hold_FFF_SLICEL_C_D)
                                                      0.060     2.309    top_i/StreamingDataflowPartition_1/inst/StreamingDataflowPartition_1_FMPadding_rtl_2/inst/impl/padding/A_reg[dat][236]
  -------------------------------------------------------------------
                         required time                         -2.309    
                         arrival time                           2.319    
  -------------------------------------------------------------------
                         slack                                  0.010    

Slack (MET) :             0.010ns  (arrival time - required time)
  Source:                 top_i/StreamingDataflowPartition_1/inst/StreamingDataflowPartition_1_StreamingFIFO_rtl_52/inst/impl/srlo_reg[90]/C
                            (rising edge-triggered cell FDRE clocked by clk_pl_0  {rise@0.000ns fall@2.667ns period=5.333ns})
  Destination:            top_i/StreamingDataflowPartition_1/inst/StreamingDataflowPartition_1_FMPadding_rtl_5/inst/impl/padding/A_reg[dat][90]/D
                            (rising edge-triggered cell FDRE clocked by clk_pl_0  {rise@0.000ns fall@2.667ns period=5.333ns})
  Path Group:             clk_pl_0
  Path Type:              Hold (Min at Slow Process Corner)
  Requirement:            0.000ns  (clk_pl_0 rise@0.000ns - clk_pl_0 rise@0.000ns)
  Data Path Delay:        0.182ns  (logic 0.058ns (31.868%)  route 0.124ns (68.132%))
  Logic Levels:           0  
  Clock Path Skew:        0.110ns (DCD - SCD - CPR)
    Destination Clock Delay (DCD):    2.385ns
    Source Clock Delay      (SCD):    2.086ns
    Clock Pessimism Removal (CPR):    0.189ns
  Clock Net Delay (Source):      1.918ns (routing 0.872ns, distribution 1.046ns)
  Clock Net Delay (Destination): 2.177ns (routing 0.960ns, distribution 1.217ns)

    Location             Delay type                Incr(ns)  Path(ns)    Netlist Resource(s)
  -------------------------------------------------------------------    -------------------
                         (clock clk_pl_0 rise edge)
                                                      0.000     0.000 r  
    PS8_X0Y0             PS8                          0.000     0.000 r  top_i/zynq_ps/inst/PS8_i/PLCLK[0]
                         net (fo=1, routed)           0.143     0.143    top_i/zynq_ps/inst/pl_clk_unbuffered[0]
    BUFG_PS_X0Y80        BUFG_PS (Prop_BUFG_PS_I_O)
                                                      0.025     0.168 r  top_i/zynq_ps/inst/buffer_pl_clk_0.PL_CLK_0_BUFG/O
    X2Y2 (CLOCK_ROOT)    net (fo=38649, routed)       1.918     2.086    top_i/StreamingDataflowPartition_1/inst/StreamingDataflowPartition_1_StreamingFIFO_rtl_52/inst/impl/ap_clk
    SLICE_X78Y130        FDRE                                         r  top_i/StreamingDataflowPartition_1/inst/StreamingDataflowPartition_1_StreamingFIFO_rtl_52/inst/impl/srlo_reg[90]/C
  -------------------------------------------------------------------    -------------------
    SLICE_X78Y130        FDRE (Prop_CFF_SLICEM_C_Q)
                                                      0.058     2.144 r  top_i/StreamingDataflowPartition_1/inst/StreamingDataflowPartition_1_StreamingFIFO_rtl_52/inst/impl/srlo_reg[90]/Q
                         net (fo=2, routed)           0.124     2.268    top_i/StreamingDataflowPartition_1/inst/StreamingDataflowPartition_1_FMPadding_rtl_5/inst/impl/padding/Q[90]
    SLICE_X79Y129        FDRE                                         r  top_i/StreamingDataflowPartition_1/inst/StreamingDataflowPartition_1_FMPadding_rtl_5/inst/impl/padding/A_reg[dat][90]/D
  -------------------------------------------------------------------    -------------------

                         (clock clk_pl_0 rise edge)
                                                      0.000     0.000 r  
    PS8_X0Y0             PS8                          0.000     0.000 r  top_i/zynq_ps/inst/PS8_i/PLCLK[0]
                         net (fo=1, routed)           0.180     0.180    top_i/zynq_ps/inst/pl_clk_unbuffered[0]
    BUFG_PS_X0Y80        BUFG_PS (Prop_BUFG_PS_I_O)
                                                      0.028     0.208 r  top_i/zynq_ps/inst/buffer_pl_clk_0.PL_CLK_0_BUFG/O
    X2Y2 (CLOCK_ROOT)    net (fo=38649, routed)       2.177     2.385    top_i/StreamingDataflowPartition_1/inst/StreamingDataflowPartition_1_FMPadding_rtl_5/inst/impl/padding/ap_clk
    SLICE_X79Y129        FDRE                                         r  top_i/StreamingDataflowPartition_1/inst/StreamingDataflowPartition_1_FMPadding_rtl_5/inst/impl/padding/A_reg[dat][90]/C
                         clock pessimism             -0.189     2.196    
    SLICE_X79Y129        FDRE (Hold_GFF2_SLICEM_C_D)
                                                      0.062     2.258    top_i/StreamingDataflowPartition_1/inst/StreamingDataflowPartition_1_FMPadding_rtl_5/inst/impl/padding/A_reg[dat][90]
  -------------------------------------------------------------------
                         required time                         -2.258    
                         arrival time                           2.268    
  -------------------------------------------------------------------
                         slack                                  0.010    

Slack (MET) :             0.010ns  (arrival time - required time)
  Source:                 top_i/StreamingDataflowPartition_1/inst/StreamingDataflowPartition_1_FMPadding_rtl_5/inst/impl/padding/B_reg[dat][157]/C
                            (rising edge-triggered cell FDRE clocked by clk_pl_0  {rise@0.000ns fall@2.667ns period=5.333ns})
  Destination:            top_i/StreamingDataflowPartition_1/inst/StreamingDataflowPartition_1_StreamingFIFO_rtl_53/inst/impl/srl_reg[0][157]/D
                            (rising edge-triggered cell FDRE clocked by clk_pl_0  {rise@0.000ns fall@2.667ns period=5.333ns})
  Path Group:             clk_pl_0
  Path Type:              Hold (Min at Slow Process Corner)
  Requirement:            0.000ns  (clk_pl_0 rise@0.000ns - clk_pl_0 rise@0.000ns)
  Data Path Delay:        0.213ns  (logic 0.058ns (27.207%)  route 0.155ns (72.793%))
  Logic Levels:           0  
  Clock Path Skew:        0.141ns (DCD - SCD - CPR)
    Destination Clock Delay (DCD):    2.377ns
    Source Clock Delay      (SCD):    2.104ns
    Clock Pessimism Removal (CPR):    0.132ns
  Clock Net Delay (Source):      1.936ns (routing 0.872ns, distribution 1.064ns)
  Clock Net Delay (Destination): 2.169ns (routing 0.960ns, distribution 1.209ns)

    Location             Delay type                Incr(ns)  Path(ns)    Netlist Resource(s)
  -------------------------------------------------------------------    -------------------
                         (clock clk_pl_0 rise edge)
                                                      0.000     0.000 r  
    PS8_X0Y0             PS8                          0.000     0.000 r  top_i/zynq_ps/inst/PS8_i/PLCLK[0]
                         net (fo=1, routed)           0.143     0.143    top_i/zynq_ps/inst/pl_clk_unbuffered[0]
    BUFG_PS_X0Y80        BUFG_PS (Prop_BUFG_PS_I_O)
                                                      0.025     0.168 r  top_i/zynq_ps/inst/buffer_pl_clk_0.PL_CLK_0_BUFG/O
    X2Y2 (CLOCK_ROOT)    net (fo=38649, routed)       1.936     2.104    top_i/StreamingDataflowPartition_1/inst/StreamingDataflowPartition_1_FMPadding_rtl_5/inst/impl/padding/ap_clk
    SLICE_X80Y119        FDRE                                         r  top_i/StreamingDataflowPartition_1/inst/StreamingDataflowPartition_1_FMPadding_rtl_5/inst/impl/padding/B_reg[dat][157]/C
  -------------------------------------------------------------------    -------------------
    SLICE_X80Y119        FDRE (Prop_CFF_SLICEL_C_Q)
                                                      0.058     2.162 r  top_i/StreamingDataflowPartition_1/inst/StreamingDataflowPartition_1_FMPadding_rtl_5/inst/impl/padding/B_reg[dat][157]/Q
                         net (fo=2, routed)           0.155     2.317    top_i/StreamingDataflowPartition_1/inst/StreamingDataflowPartition_1_StreamingFIFO_rtl_53/inst/impl/srl_reg[0][255]_0[157]
    SLICE_X80Y120        FDRE                                         r  top_i/StreamingDataflowPartition_1/inst/StreamingDataflowPartition_1_StreamingFIFO_rtl_53/inst/impl/srl_reg[0][157]/D
  -------------------------------------------------------------------    -------------------

                         (clock clk_pl_0 rise edge)
                                                      0.000     0.000 r  
    PS8_X0Y0             PS8                          0.000     0.000 r  top_i/zynq_ps/inst/PS8_i/PLCLK[0]
                         net (fo=1, routed)           0.180     0.180    top_i/zynq_ps/inst/pl_clk_unbuffered[0]
    BUFG_PS_X0Y80        BUFG_PS (Prop_BUFG_PS_I_O)
                                                      0.028     0.208 r  top_i/zynq_ps/inst/buffer_pl_clk_0.PL_CLK_0_BUFG/O
    X2Y2 (CLOCK_ROOT)    net (fo=38649, routed)       2.169     2.377    top_i/StreamingDataflowPartition_1/inst/StreamingDataflowPartition_1_StreamingFIFO_rtl_53/inst/impl/ap_clk
    SLICE_X80Y120        FDRE                                         r  top_i/StreamingDataflowPartition_1/inst/StreamingDataflowPartition_1_StreamingFIFO_rtl_53/inst/impl/srl_reg[0][157]/C
                         clock pessimism             -0.132     2.245    
    SLICE_X80Y120        FDRE (Hold_DFF2_SLICEL_C_D)
                                                      0.062     2.307    top_i/StreamingDataflowPartition_1/inst/StreamingDataflowPartition_1_StreamingFIFO_rtl_53/inst/impl/srl_reg[0][157]
  -------------------------------------------------------------------
                         required time                         -2.307    
                         arrival time                           2.317    
  -------------------------------------------------------------------
                         slack                                  0.010    

Slack (MET) :             0.010ns  (arrival time - required time)
  Source:                 top_i/StreamingDataflowPartition_1/inst/StreamingDataflowPartition_1_FMPadding_rtl_1/inst/impl/padding/B_reg[dat][68]/C
                            (rising edge-triggered cell FDRE clocked by clk_pl_0  {rise@0.000ns fall@2.667ns period=5.333ns})
  Destination:            top_i/StreamingDataflowPartition_1/inst/StreamingDataflowPartition_1_StreamingFIFO_rtl_18/inst/impl/srl_reg[0][68]/D
                            (rising edge-triggered cell FDRE clocked by clk_pl_0  {rise@0.000ns fall@2.667ns period=5.333ns})
  Path Group:             clk_pl_0
  Path Type:              Hold (Min at Slow Process Corner)
  Requirement:            0.000ns  (clk_pl_0 rise@0.000ns - clk_pl_0 rise@0.000ns)
  Data Path Delay:        0.175ns  (logic 0.058ns (33.143%)  route 0.117ns (66.857%))
  Logic Levels:           0  
  Clock Path Skew:        0.103ns (DCD - SCD - CPR)
    Destination Clock Delay (DCD):    2.434ns
    Source Clock Delay      (SCD):    2.132ns
    Clock Pessimism Removal (CPR):    0.199ns
  Clock Net Delay (Source):      1.964ns (routing 0.872ns, distribution 1.092ns)
  Clock Net Delay (Destination): 2.226ns (routing 0.960ns, distribution 1.266ns)

    Location             Delay type                Incr(ns)  Path(ns)    Netlist Resource(s)
  -------------------------------------------------------------------    -------------------
                         (clock clk_pl_0 rise edge)
                                                      0.000     0.000 r  
    PS8_X0Y0             PS8                          0.000     0.000 r  top_i/zynq_ps/inst/PS8_i/PLCLK[0]
                         net (fo=1, routed)           0.143     0.143    top_i/zynq_ps/inst/pl_clk_unbuffered[0]
    BUFG_PS_X0Y80        BUFG_PS (Prop_BUFG_PS_I_O)
                                                      0.025     0.168 r  top_i/zynq_ps/inst/buffer_pl_clk_0.PL_CLK_0_BUFG/O
    X2Y2 (CLOCK_ROOT)    net (fo=38649, routed)       1.964     2.132    top_i/StreamingDataflowPartition_1/inst/StreamingDataflowPartition_1_FMPadding_rtl_1/inst/impl/padding/ap_clk
    SLICE_X83Y267        FDRE                                         r  top_i/StreamingDataflowPartition_1/inst/StreamingDataflowPartition_1_FMPadding_rtl_1/inst/impl/padding/B_reg[dat][68]/C
  -------------------------------------------------------------------    -------------------
    SLICE_X83Y267        FDRE (Prop_DFF_SLICEM_C_Q)
                                                      0.058     2.190 r  top_i/StreamingDataflowPartition_1/inst/StreamingDataflowPartition_1_FMPadding_rtl_1/inst/impl/padding/B_reg[dat][68]/Q
                         net (fo=2, routed)           0.117     2.307    top_i/StreamingDataflowPartition_1/inst/StreamingDataflowPartition_1_StreamingFIFO_rtl_18/inst/impl/srl_reg[0][255]_0[68]
    SLICE_X84Y266        FDRE                                         r  top_i/StreamingDataflowPartition_1/inst/StreamingDataflowPartition_1_StreamingFIFO_rtl_18/inst/impl/srl_reg[0][68]/D
  -------------------------------------------------------------------    -------------------

                         (clock clk_pl_0 rise edge)
                                                      0.000     0.000 r  
    PS8_X0Y0             PS8                          0.000     0.000 r  top_i/zynq_ps/inst/PS8_i/PLCLK[0]
                         net (fo=1, routed)           0.180     0.180    top_i/zynq_ps/inst/pl_clk_unbuffered[0]
    BUFG_PS_X0Y80        BUFG_PS (Prop_BUFG_PS_I_O)
                                                      0.028     0.208 r  top_i/zynq_ps/inst/buffer_pl_clk_0.PL_CLK_0_BUFG/O
    X2Y2 (CLOCK_ROOT)    net (fo=38649, routed)       2.226     2.434    top_i/StreamingDataflowPartition_1/inst/StreamingDataflowPartition_1_StreamingFIFO_rtl_18/inst/impl/ap_clk
    SLICE_X84Y266        FDRE                                         r  top_i/StreamingDataflowPartition_1/inst/StreamingDataflowPartition_1_StreamingFIFO_rtl_18/inst/impl/srl_reg[0][68]/C
                         clock pessimism             -0.199     2.235    
    SLICE_X84Y266        FDRE (Hold_GFF2_SLICEM_C_D)
                                                      0.062     2.297    top_i/StreamingDataflowPartition_1/inst/StreamingDataflowPartition_1_StreamingFIFO_rtl_18/inst/impl/srl_reg[0][68]
  -------------------------------------------------------------------
                         required time                         -2.297    
                         arrival time                           2.307    
  -------------------------------------------------------------------
                         slack                                  0.010    

Slack (MET) :             0.010ns  (arrival time - required time)
  Source:                 top_i/StreamingDataflowPartition_1/inst/StreamingDataflowPartition_1_MVAU_rtl_1/StreamingDataflowPartition_1_MVAU_rtl_1/inst/inst/blkDsp.genblk2_1.core/genPipes[1].genSIMD[1].X1_reg[1][0]/C
                            (rising edge-triggered cell FDRE clocked by clk_pl_0  {rise@0.000ns fall@2.667ns period=5.333ns})
  Destination:            top_i/StreamingDataflowPartition_1/inst/StreamingDataflowPartition_1_MVAU_rtl_1/StreamingDataflowPartition_1_MVAU_rtl_1/inst/inst/blkDsp.genblk2_1.core/genPipes[1].genSIMD[1].X2_reg[1][0]/D
                            (rising edge-triggered cell FDRE clocked by clk_pl_0  {rise@0.000ns fall@2.667ns period=5.333ns})
  Path Group:             clk_pl_0
  Path Type:              Hold (Min at Slow Process Corner)
  Requirement:            0.000ns  (clk_pl_0 rise@0.000ns - clk_pl_0 rise@0.000ns)
  Data Path Delay:        0.128ns  (logic 0.059ns (46.094%)  route 0.069ns (53.906%))
  Logic Levels:           0  
  Clock Path Skew:        0.056ns (DCD - SCD - CPR)
    Destination Clock Delay (DCD):    2.528ns
    Source Clock Delay      (SCD):    2.217ns
    Clock Pessimism Removal (CPR):    0.256ns
  Clock Net Delay (Source):      2.049ns (routing 0.872ns, distribution 1.177ns)
  Clock Net Delay (Destination): 2.320ns (routing 0.960ns, distribution 1.360ns)

    Location             Delay type                Incr(ns)  Path(ns)    Netlist Resource(s)
  -------------------------------------------------------------------    -------------------
                         (clock clk_pl_0 rise edge)
                                                      0.000     0.000 r  
    PS8_X0Y0             PS8                          0.000     0.000 r  top_i/zynq_ps/inst/PS8_i/PLCLK[0]
                         net (fo=1, routed)           0.143     0.143    top_i/zynq_ps/inst/pl_clk_unbuffered[0]
    BUFG_PS_X0Y80        BUFG_PS (Prop_BUFG_PS_I_O)
                                                      0.025     0.168 r  top_i/zynq_ps/inst/buffer_pl_clk_0.PL_CLK_0_BUFG/O
    X2Y2 (CLOCK_ROOT)    net (fo=38649, routed)       2.049     2.217    top_i/StreamingDataflowPartition_1/inst/StreamingDataflowPartition_1_MVAU_rtl_1/StreamingDataflowPartition_1_MVAU_rtl_1/inst/inst/blkDsp.genblk2_1.core/ap_clk
    SLICE_X98Y274        FDRE                                         r  top_i/StreamingDataflowPartition_1/inst/StreamingDataflowPartition_1_MVAU_rtl_1/StreamingDataflowPartition_1_MVAU_rtl_1/inst/inst/blkDsp.genblk2_1.core/genPipes[1].genSIMD[1].X1_reg[1][0]/C
  -------------------------------------------------------------------    -------------------
    SLICE_X98Y274        FDRE (Prop_EFF_SLICEL_C_Q)
                                                      0.059     2.276 r  top_i/StreamingDataflowPartition_1/inst/StreamingDataflowPartition_1_MVAU_rtl_1/StreamingDataflowPartition_1_MVAU_rtl_1/inst/inst/blkDsp.genblk2_1.core/genPipes[1].genSIMD[1].X1_reg[1][0]/Q
                         net (fo=1, routed)           0.069     2.345    top_i/StreamingDataflowPartition_1/inst/StreamingDataflowPartition_1_MVAU_rtl_1/StreamingDataflowPartition_1_MVAU_rtl_1/inst/inst/blkDsp.genblk2_1.core/genPipes[1].genSIMD[1].X1_reg[1]_371[0]
    SLICE_X98Y273        FDRE                                         r  top_i/StreamingDataflowPartition_1/inst/StreamingDataflowPartition_1_MVAU_rtl_1/StreamingDataflowPartition_1_MVAU_rtl_1/inst/inst/blkDsp.genblk2_1.core/genPipes[1].genSIMD[1].X2_reg[1][0]/D
  -------------------------------------------------------------------    -------------------

                         (clock clk_pl_0 rise edge)
                                                      0.000     0.000 r  
    PS8_X0Y0             PS8                          0.000     0.000 r  top_i/zynq_ps/inst/PS8_i/PLCLK[0]
                         net (fo=1, routed)           0.180     0.180    top_i/zynq_ps/inst/pl_clk_unbuffered[0]
    BUFG_PS_X0Y80        BUFG_PS (Prop_BUFG_PS_I_O)
                                                      0.028     0.208 r  top_i/zynq_ps/inst/buffer_pl_clk_0.PL_CLK_0_BUFG/O
    X2Y2 (CLOCK_ROOT)    net (fo=38649, routed)       2.320     2.528    top_i/StreamingDataflowPartition_1/inst/StreamingDataflowPartition_1_MVAU_rtl_1/StreamingDataflowPartition_1_MVAU_rtl_1/inst/inst/blkDsp.genblk2_1.core/ap_clk
    SLICE_X98Y273        FDRE                                         r  top_i/StreamingDataflowPartition_1/inst/StreamingDataflowPartition_1_MVAU_rtl_1/StreamingDataflowPartition_1_MVAU_rtl_1/inst/inst/blkDsp.genblk2_1.core/genPipes[1].genSIMD[1].X2_reg[1][0]/C
                         clock pessimism             -0.256     2.272    
    SLICE_X98Y273        FDRE (Hold_HFF2_SLICEL_C_D)
                                                      0.062     2.334    top_i/StreamingDataflowPartition_1/inst/StreamingDataflowPartition_1_MVAU_rtl_1/StreamingDataflowPartition_1_MVAU_rtl_1/inst/inst/blkDsp.genblk2_1.core/genPipes[1].genSIMD[1].X2_reg[1][0]
  -------------------------------------------------------------------
                         required time                         -2.334    
                         arrival time                           2.345    
  -------------------------------------------------------------------
                         slack                                  0.010    





Pulse Width Checks
--------------------------------------------------------------------------------------
Clock Name:         clk_pl_0
Waveform(ns):       { 0.000 2.667 }
Period(ns):         5.333
Sources:            { top_i/zynq_ps/inst/PS8_i/PLCLK[0] }

Check Type        Corner  Lib Pin             Reference Pin  Required(ns)  Actual(ns)  Slack(ns)  Location      Pin
Min Period        n/a     PS8/MAXIGP0ACLK     n/a            3.000         5.333       2.333      PS8_X0Y0      top_i/zynq_ps/inst/PS8_i/MAXIGP0ACLK
Min Period        n/a     PS8/SAXIGP2RCLK     n/a            3.000         5.333       2.333      PS8_X0Y0      top_i/zynq_ps/inst/PS8_i/SAXIGP2RCLK
Min Period        n/a     PS8/SAXIGP2WCLK     n/a            3.000         5.333       2.333      PS8_X0Y0      top_i/zynq_ps/inst/PS8_i/SAXIGP2WCLK
Min Period        n/a     RAMB36E2/CLKARDCLK  n/a            1.569         5.333       3.764      RAMB36_X3Y52  top_i/StreamingDataflowPartition_1/inst/StreamingDataflowPartition_1_MVAU_rtl_1/StreamingDataflowPartition_1_MVAU_rtl_1_wstrm/inst/core/mem/blkStage2.Mem_reg_0/CLKARDCLK
Min Period        n/a     RAMB36E2/CLKBWRCLK  n/a            1.569         5.333       3.764      RAMB36_X3Y52  top_i/StreamingDataflowPartition_1/inst/StreamingDataflowPartition_1_MVAU_rtl_1/StreamingDataflowPartition_1_MVAU_rtl_1_wstrm/inst/core/mem/blkStage2.Mem_reg_0/CLKBWRCLK
Min Period        n/a     RAMB36E2/CLKARDCLK  n/a            1.569         5.333       3.764      RAMB36_X3Y53  top_i/StreamingDataflowPartition_1/inst/StreamingDataflowPartition_1_MVAU_rtl_1/StreamingDataflowPartition_1_MVAU_rtl_1_wstrm/inst/core/mem/blkStage2.Mem_reg_1/CLKARDCLK
Min Period        n/a     RAMB36E2/CLKBWRCLK  n/a            1.569         5.333       3.764      RAMB36_X3Y53  top_i/StreamingDataflowPartition_1/inst/StreamingDataflowPartition_1_MVAU_rtl_1/StreamingDataflowPartition_1_MVAU_rtl_1_wstrm/inst/core/mem/blkStage2.Mem_reg_1/CLKBWRCLK
Min Period        n/a     RAMB36E2/CLKARDCLK  n/a            1.569         5.333       3.764      RAMB36_X3Y54  top_i/StreamingDataflowPartition_1/inst/StreamingDataflowPartition_1_MVAU_rtl_1/StreamingDataflowPartition_1_MVAU_rtl_1_wstrm/inst/core/mem/blkStage2.Mem_reg_2/CLKARDCLK
Min Period        n/a     RAMB36E2/CLKBWRCLK  n/a            1.569         5.333       3.764      RAMB36_X3Y54  top_i/StreamingDataflowPartition_1/inst/StreamingDataflowPartition_1_MVAU_rtl_1/StreamingDataflowPartition_1_MVAU_rtl_1_wstrm/inst/core/mem/blkStage2.Mem_reg_2/CLKBWRCLK
Min Period        n/a     RAMB36E2/CLKARDCLK  n/a            1.569         5.333       3.764      RAMB36_X3Y51  top_i/StreamingDataflowPartition_1/inst/StreamingDataflowPartition_1_MVAU_rtl_1/StreamingDataflowPartition_1_MVAU_rtl_1_wstrm/inst/core/mem/blkStage2.Mem_reg_3/CLKARDCLK
Low Pulse Width   Slow    PS8/MAXIGP0ACLK     n/a            1.500         2.667       1.167      PS8_X0Y0      top_i/zynq_ps/inst/PS8_i/MAXIGP0ACLK
Low Pulse Width   Fast    PS8/MAXIGP0ACLK     n/a            1.500         2.667       1.167      PS8_X0Y0      top_i/zynq_ps/inst/PS8_i/MAXIGP0ACLK
Low Pulse Width   Slow    PS8/SAXIGP2RCLK     n/a            1.500         2.667       1.167      PS8_X0Y0      top_i/zynq_ps/inst/PS8_i/SAXIGP2RCLK
Low Pulse Width   Fast    PS8/SAXIGP2RCLK     n/a            1.500         2.667       1.167      PS8_X0Y0      top_i/zynq_ps/inst/PS8_i/SAXIGP2RCLK
Low Pulse Width   Slow    PS8/SAXIGP2WCLK     n/a            1.500         2.667       1.167      PS8_X0Y0      top_i/zynq_ps/inst/PS8_i/SAXIGP2WCLK
Low Pulse Width   Fast    PS8/SAXIGP2WCLK     n/a            1.500         2.667       1.167      PS8_X0Y0      top_i/zynq_ps/inst/PS8_i/SAXIGP2WCLK
Low Pulse Width   Slow    RAMB36E2/CLKARDCLK  n/a            0.542         2.667       2.125      RAMB36_X3Y52  top_i/StreamingDataflowPartition_1/inst/StreamingDataflowPartition_1_MVAU_rtl_1/StreamingDataflowPartition_1_MVAU_rtl_1_wstrm/inst/core/mem/blkStage2.Mem_reg_0/CLKARDCLK
Low Pulse Width   Fast    RAMB36E2/CLKARDCLK  n/a            0.542         2.667       2.125      RAMB36_X3Y52  top_i/StreamingDataflowPartition_1/inst/StreamingDataflowPartition_1_MVAU_rtl_1/StreamingDataflowPartition_1_MVAU_rtl_1_wstrm/inst/core/mem/blkStage2.Mem_reg_0/CLKARDCLK
Low Pulse Width   Slow    RAMB36E2/CLKBWRCLK  n/a            0.542         2.667       2.125      RAMB36_X3Y52  top_i/StreamingDataflowPartition_1/inst/StreamingDataflowPartition_1_MVAU_rtl_1/StreamingDataflowPartition_1_MVAU_rtl_1_wstrm/inst/core/mem/blkStage2.Mem_reg_0/CLKBWRCLK
Low Pulse Width   Fast    RAMB36E2/CLKBWRCLK  n/a            0.542         2.666       2.124      RAMB36_X3Y52  top_i/StreamingDataflowPartition_1/inst/StreamingDataflowPartition_1_MVAU_rtl_1/StreamingDataflowPartition_1_MVAU_rtl_1_wstrm/inst/core/mem/blkStage2.Mem_reg_0/CLKBWRCLK
High Pulse Width  Slow    PS8/MAXIGP0ACLK     n/a            1.500         2.667       1.167      PS8_X0Y0      top_i/zynq_ps/inst/PS8_i/MAXIGP0ACLK
High Pulse Width  Fast    PS8/MAXIGP0ACLK     n/a            1.500         2.666       1.166      PS8_X0Y0      top_i/zynq_ps/inst/PS8_i/MAXIGP0ACLK
High Pulse Width  Slow    PS8/SAXIGP2RCLK     n/a            1.500         2.666       1.166      PS8_X0Y0      top_i/zynq_ps/inst/PS8_i/SAXIGP2RCLK
High Pulse Width  Fast    PS8/SAXIGP2RCLK     n/a            1.500         2.666       1.166      PS8_X0Y0      top_i/zynq_ps/inst/PS8_i/SAXIGP2RCLK
High Pulse Width  Slow    PS8/SAXIGP2WCLK     n/a            1.500         2.666       1.166      PS8_X0Y0      top_i/zynq_ps/inst/PS8_i/SAXIGP2WCLK
High Pulse Width  Fast    PS8/SAXIGP2WCLK     n/a            1.500         2.666       1.166      PS8_X0Y0      top_i/zynq_ps/inst/PS8_i/SAXIGP2WCLK
High Pulse Width  Slow    RAMB36E2/CLKARDCLK  n/a            0.542         2.666       2.124      RAMB36_X3Y52  top_i/StreamingDataflowPartition_1/inst/StreamingDataflowPartition_1_MVAU_rtl_1/StreamingDataflowPartition_1_MVAU_rtl_1_wstrm/inst/core/mem/blkStage2.Mem_reg_0/CLKARDCLK
High Pulse Width  Fast    RAMB36E2/CLKARDCLK  n/a            0.542         2.666       2.124      RAMB36_X3Y52  top_i/StreamingDataflowPartition_1/inst/StreamingDataflowPartition_1_MVAU_rtl_1/StreamingDataflowPartition_1_MVAU_rtl_1_wstrm/inst/core/mem/blkStage2.Mem_reg_0/CLKARDCLK
High Pulse Width  Slow    RAMB36E2/CLKBWRCLK  n/a            0.542         2.667       2.125      RAMB36_X3Y52  top_i/StreamingDataflowPartition_1/inst/StreamingDataflowPartition_1_MVAU_rtl_1/StreamingDataflowPartition_1_MVAU_rtl_1_wstrm/inst/core/mem/blkStage2.Mem_reg_0/CLKBWRCLK
High Pulse Width  Fast    RAMB36E2/CLKBWRCLK  n/a            0.542         2.667       2.125      RAMB36_X3Y52  top_i/StreamingDataflowPartition_1/inst/StreamingDataflowPartition_1_MVAU_rtl_1/StreamingDataflowPartition_1_MVAU_rtl_1_wstrm/inst/core/mem/blkStage2.Mem_reg_0/CLKBWRCLK



---------------------------------------------------------------------------------------------------
Path Group:  **async_default**
From Clock:  clk_pl_0
  To Clock:  clk_pl_0

Setup :            0  Failing Endpoints,  Worst Slack        3.945ns,  Total Violation        0.000ns
Hold  :            0  Failing Endpoints,  Worst Slack        0.180ns,  Total Violation        0.000ns
---------------------------------------------------------------------------------------------------


Max Delay Paths
--------------------------------------------------------------------------------------
Slack (MET) :             3.945ns  (required time - arrival time)
  Source:                 top_i/axi_interconnect_0/s00_couplers/auto_ds/inst/gen_downsizer.gen_simple_downsizer.axi_downsizer_inst/USE_READ.read_addr_inst/cmd_queue/inst/fifo_gen_inst/inst_fifo_gen/gconvfifo.rf/grf.rf/rstblk/ngwrdrst.grst.g7serrst.gnsckt_wrst.gcc_rst.sckt_wr_rst_cc_reg[0]/C
                            (rising edge-triggered cell FDRE clocked by clk_pl_0  {rise@0.000ns fall@2.667ns period=5.333ns})
  Destination:            top_i/axi_interconnect_0/s00_couplers/auto_ds/inst/gen_downsizer.gen_simple_downsizer.axi_downsizer_inst/USE_READ.read_addr_inst/cmd_queue/inst/fifo_gen_inst/inst_fifo_gen/gconvfifo.rf/grf.rf/gntv_or_sync_fifo.gl0.wr/wpntr/gcc0.gc0.count_d1_reg[3]/CLR
                            (recovery check against rising-edge clock clk_pl_0  {rise@0.000ns fall@2.667ns period=5.333ns})
  Path Group:             **async_default**
  Path Type:              Recovery (Max at Slow Process Corner)
  Requirement:            5.333ns  (clk_pl_0 rise@5.333ns - clk_pl_0 rise@0.000ns)
  Data Path Delay:        1.100ns  (logic 0.203ns (18.459%)  route 0.897ns (81.541%))
  Logic Levels:           1  (LUT3=1)
  Clock Path Skew:        -0.110ns (DCD - SCD + CPR)
    Destination Clock Delay (DCD):    2.232ns = ( 7.565 - 5.333 ) 
    Source Clock Delay      (SCD):    2.539ns
    Clock Pessimism Removal (CPR):    0.196ns
  Clock Uncertainty:      0.112ns  ((TSJ^2 + DJ^2)^1/2) / 2 + PE
    Total System Jitter     (TSJ):    0.071ns
    Discrete Jitter          (DJ):    0.213ns
    Phase Error              (PE):    0.000ns
  Clock Net Delay (Source):      2.331ns (routing 0.960ns, distribution 1.371ns)
  Clock Net Delay (Destination): 2.064ns (routing 0.872ns, distribution 1.192ns)

    Location             Delay type                Incr(ns)  Path(ns)    Netlist Resource(s)
  -------------------------------------------------------------------    -------------------
                         (clock clk_pl_0 rise edge)
                                                      0.000     0.000 r  
    PS8_X0Y0             PS8                          0.000     0.000 r  top_i/zynq_ps/inst/PS8_i/PLCLK[0]
                         net (fo=1, routed)           0.180     0.180    top_i/zynq_ps/inst/pl_clk_unbuffered[0]
    BUFG_PS_X0Y80        BUFG_PS (Prop_BUFG_PS_I_O)
                                                      0.028     0.208 r  top_i/zynq_ps/inst/buffer_pl_clk_0.PL_CLK_0_BUFG/O
    X2Y2 (CLOCK_ROOT)    net (fo=38649, routed)       2.331     2.539    top_i/axi_interconnect_0/s00_couplers/auto_ds/inst/gen_downsizer.gen_simple_downsizer.axi_downsizer_inst/USE_READ.read_addr_inst/cmd_queue/inst/fifo_gen_inst/inst_fifo_gen/gconvfifo.rf/grf.rf/rstblk/clk
    SLICE_X51Y121        FDRE                                         r  top_i/axi_interconnect_0/s00_couplers/auto_ds/inst/gen_downsizer.gen_simple_downsizer.axi_downsizer_inst/USE_READ.read_addr_inst/cmd_queue/inst/fifo_gen_inst/inst_fifo_gen/gconvfifo.rf/grf.rf/rstblk/ngwrdrst.grst.g7serrst.gnsckt_wrst.gcc_rst.sckt_wr_rst_cc_reg[0]/C
  -------------------------------------------------------------------    -------------------
    SLICE_X51Y121        FDRE (Prop_HFF2_SLICEL_C_Q)
                                                      0.080     2.619 f  top_i/axi_interconnect_0/s00_couplers/auto_ds/inst/gen_downsizer.gen_simple_downsizer.axi_downsizer_inst/USE_READ.read_addr_inst/cmd_queue/inst/fifo_gen_inst/inst_fifo_gen/gconvfifo.rf/grf.rf/rstblk/ngwrdrst.grst.g7serrst.gnsckt_wrst.gcc_rst.sckt_wr_rst_cc_reg[0]/Q
                         net (fo=3, routed)           0.256     2.875    top_i/axi_interconnect_0/s00_couplers/auto_ds/inst/gen_downsizer.gen_simple_downsizer.axi_downsizer_inst/USE_READ.read_addr_inst/cmd_queue/inst/fifo_gen_inst/inst_fifo_gen/gconvfifo.rf/grf.rf/rstblk/ngwrdrst.grst.g7serrst.gnsckt_wrst.gcc_rst.sckt_wr_rst_cc[0]
    SLICE_X51Y121        LUT3 (Prop_F6LUT_SLICEL_I1_O)
                                                      0.123     2.998 f  top_i/axi_interconnect_0/s00_couplers/auto_ds/inst/gen_downsizer.gen_simple_downsizer.axi_downsizer_inst/USE_READ.read_addr_inst/cmd_queue/inst/fifo_gen_inst/inst_fifo_gen/gconvfifo.rf/grf.rf/rstblk/gpregsm1.curr_fwft_state[1]_i_2/O
                         net (fo=32, routed)          0.640     3.639    top_i/axi_interconnect_0/s00_couplers/auto_ds/inst/gen_downsizer.gen_simple_downsizer.axi_downsizer_inst/USE_READ.read_addr_inst/cmd_queue/inst/fifo_gen_inst/inst_fifo_gen/gconvfifo.rf/grf.rf/gntv_or_sync_fifo.gl0.wr/wpntr/AR[0]
    SLICE_X57Y120        FDCE                                         f  top_i/axi_interconnect_0/s00_couplers/auto_ds/inst/gen_downsizer.gen_simple_downsizer.axi_downsizer_inst/USE_READ.read_addr_inst/cmd_queue/inst/fifo_gen_inst/inst_fifo_gen/gconvfifo.rf/grf.rf/gntv_or_sync_fifo.gl0.wr/wpntr/gcc0.gc0.count_d1_reg[3]/CLR
  -------------------------------------------------------------------    -------------------

                         (clock clk_pl_0 rise edge)
                                                      5.333     5.333 r  
    PS8_X0Y0             PS8                          0.000     5.333 r  top_i/zynq_ps/inst/PS8_i/PLCLK[0]
                         net (fo=1, routed)           0.143     5.476    top_i/zynq_ps/inst/pl_clk_unbuffered[0]
    BUFG_PS_X0Y80        BUFG_PS (Prop_BUFG_PS_I_O)
                                                      0.025     5.501 r  top_i/zynq_ps/inst/buffer_pl_clk_0.PL_CLK_0_BUFG/O
    X2Y2 (CLOCK_ROOT)    net (fo=38649, routed)       2.064     7.565    top_i/axi_interconnect_0/s00_couplers/auto_ds/inst/gen_downsizer.gen_simple_downsizer.axi_downsizer_inst/USE_READ.read_addr_inst/cmd_queue/inst/fifo_gen_inst/inst_fifo_gen/gconvfifo.rf/grf.rf/gntv_or_sync_fifo.gl0.wr/wpntr/clk
    SLICE_X57Y120        FDCE                                         r  top_i/axi_interconnect_0/s00_couplers/auto_ds/inst/gen_downsizer.gen_simple_downsizer.axi_downsizer_inst/USE_READ.read_addr_inst/cmd_queue/inst/fifo_gen_inst/inst_fifo_gen/gconvfifo.rf/grf.rf/gntv_or_sync_fifo.gl0.wr/wpntr/gcc0.gc0.count_d1_reg[3]/C
                         clock pessimism              0.196     7.762    
                         clock uncertainty           -0.112     7.650    
    SLICE_X57Y120        FDCE (Recov_EFF_SLICEM_C_CLR)
                                                     -0.066     7.584    top_i/axi_interconnect_0/s00_couplers/auto_ds/inst/gen_downsizer.gen_simple_downsizer.axi_downsizer_inst/USE_READ.read_addr_inst/cmd_queue/inst/fifo_gen_inst/inst_fifo_gen/gconvfifo.rf/grf.rf/gntv_or_sync_fifo.gl0.wr/wpntr/gcc0.gc0.count_d1_reg[3]
  -------------------------------------------------------------------
                         required time                          7.584    
                         arrival time                          -3.639    
  -------------------------------------------------------------------
                         slack                                  3.945    

Slack (MET) :             3.951ns  (required time - arrival time)
  Source:                 top_i/axi_interconnect_0/s00_couplers/auto_ds/inst/gen_downsizer.gen_simple_downsizer.axi_downsizer_inst/USE_READ.read_addr_inst/cmd_queue/inst/fifo_gen_inst/inst_fifo_gen/gconvfifo.rf/grf.rf/rstblk/ngwrdrst.grst.g7serrst.gnsckt_wrst.gcc_rst.sckt_wr_rst_cc_reg[0]/C
                            (rising edge-triggered cell FDRE clocked by clk_pl_0  {rise@0.000ns fall@2.667ns period=5.333ns})
  Destination:            top_i/axi_interconnect_0/s00_couplers/auto_ds/inst/gen_downsizer.gen_simple_downsizer.axi_downsizer_inst/USE_READ.read_addr_inst/cmd_queue/inst/fifo_gen_inst/inst_fifo_gen/gconvfifo.rf/grf.rf/gntv_or_sync_fifo.gl0.wr/wpntr/gcc0.gc0.count_d1_reg[0]/CLR
                            (recovery check against rising-edge clock clk_pl_0  {rise@0.000ns fall@2.667ns period=5.333ns})
  Path Group:             **async_default**
  Path Type:              Recovery (Max at Slow Process Corner)
  Requirement:            5.333ns  (clk_pl_0 rise@5.333ns - clk_pl_0 rise@0.000ns)
  Data Path Delay:        1.035ns  (logic 0.203ns (19.615%)  route 0.832ns (80.385%))
  Logic Levels:           1  (LUT3=1)
  Clock Path Skew:        -0.169ns (DCD - SCD + CPR)
    Destination Clock Delay (DCD):    2.238ns = ( 7.571 - 5.333 ) 
    Source Clock Delay      (SCD):    2.539ns
    Clock Pessimism Removal (CPR):    0.132ns
  Clock Uncertainty:      0.112ns  ((TSJ^2 + DJ^2)^1/2) / 2 + PE
    Total System Jitter     (TSJ):    0.071ns
    Discrete Jitter          (DJ):    0.213ns
    Phase Error              (PE):    0.000ns
  Clock Net Delay (Source):      2.331ns (routing 0.960ns, distribution 1.371ns)
  Clock Net Delay (Destination): 2.070ns (routing 0.872ns, distribution 1.198ns)

    Location             Delay type                Incr(ns)  Path(ns)    Netlist Resource(s)
  -------------------------------------------------------------------    -------------------
                         (clock clk_pl_0 rise edge)
                                                      0.000     0.000 r  
    PS8_X0Y0             PS8                          0.000     0.000 r  top_i/zynq_ps/inst/PS8_i/PLCLK[0]
                         net (fo=1, routed)           0.180     0.180    top_i/zynq_ps/inst/pl_clk_unbuffered[0]
    BUFG_PS_X0Y80        BUFG_PS (Prop_BUFG_PS_I_O)
                                                      0.028     0.208 r  top_i/zynq_ps/inst/buffer_pl_clk_0.PL_CLK_0_BUFG/O
    X2Y2 (CLOCK_ROOT)    net (fo=38649, routed)       2.331     2.539    top_i/axi_interconnect_0/s00_couplers/auto_ds/inst/gen_downsizer.gen_simple_downsizer.axi_downsizer_inst/USE_READ.read_addr_inst/cmd_queue/inst/fifo_gen_inst/inst_fifo_gen/gconvfifo.rf/grf.rf/rstblk/clk
    SLICE_X51Y121        FDRE                                         r  top_i/axi_interconnect_0/s00_couplers/auto_ds/inst/gen_downsizer.gen_simple_downsizer.axi_downsizer_inst/USE_READ.read_addr_inst/cmd_queue/inst/fifo_gen_inst/inst_fifo_gen/gconvfifo.rf/grf.rf/rstblk/ngwrdrst.grst.g7serrst.gnsckt_wrst.gcc_rst.sckt_wr_rst_cc_reg[0]/C
  -------------------------------------------------------------------    -------------------
    SLICE_X51Y121        FDRE (Prop_HFF2_SLICEL_C_Q)
                                                      0.080     2.619 f  top_i/axi_interconnect_0/s00_couplers/auto_ds/inst/gen_downsizer.gen_simple_downsizer.axi_downsizer_inst/USE_READ.read_addr_inst/cmd_queue/inst/fifo_gen_inst/inst_fifo_gen/gconvfifo.rf/grf.rf/rstblk/ngwrdrst.grst.g7serrst.gnsckt_wrst.gcc_rst.sckt_wr_rst_cc_reg[0]/Q
                         net (fo=3, routed)           0.256     2.875    top_i/axi_interconnect_0/s00_couplers/auto_ds/inst/gen_downsizer.gen_simple_downsizer.axi_downsizer_inst/USE_READ.read_addr_inst/cmd_queue/inst/fifo_gen_inst/inst_fifo_gen/gconvfifo.rf/grf.rf/rstblk/ngwrdrst.grst.g7serrst.gnsckt_wrst.gcc_rst.sckt_wr_rst_cc[0]
    SLICE_X51Y121        LUT3 (Prop_F6LUT_SLICEL_I1_O)
                                                      0.123     2.998 f  top_i/axi_interconnect_0/s00_couplers/auto_ds/inst/gen_downsizer.gen_simple_downsizer.axi_downsizer_inst/USE_READ.read_addr_inst/cmd_queue/inst/fifo_gen_inst/inst_fifo_gen/gconvfifo.rf/grf.rf/rstblk/gpregsm1.curr_fwft_state[1]_i_2/O
                         net (fo=32, routed)          0.576     3.574    top_i/axi_interconnect_0/s00_couplers/auto_ds/inst/gen_downsizer.gen_simple_downsizer.axi_downsizer_inst/USE_READ.read_addr_inst/cmd_queue/inst/fifo_gen_inst/inst_fifo_gen/gconvfifo.rf/grf.rf/gntv_or_sync_fifo.gl0.wr/wpntr/AR[0]
    SLICE_X53Y118        FDCE                                         f  top_i/axi_interconnect_0/s00_couplers/auto_ds/inst/gen_downsizer.gen_simple_downsizer.axi_downsizer_inst/USE_READ.read_addr_inst/cmd_queue/inst/fifo_gen_inst/inst_fifo_gen/gconvfifo.rf/grf.rf/gntv_or_sync_fifo.gl0.wr/wpntr/gcc0.gc0.count_d1_reg[0]/CLR
  -------------------------------------------------------------------    -------------------

                         (clock clk_pl_0 rise edge)
                                                      5.333     5.333 r  
    PS8_X0Y0             PS8                          0.000     5.333 r  top_i/zynq_ps/inst/PS8_i/PLCLK[0]
                         net (fo=1, routed)           0.143     5.476    top_i/zynq_ps/inst/pl_clk_unbuffered[0]
    BUFG_PS_X0Y80        BUFG_PS (Prop_BUFG_PS_I_O)
                                                      0.025     5.501 r  top_i/zynq_ps/inst/buffer_pl_clk_0.PL_CLK_0_BUFG/O
    X2Y2 (CLOCK_ROOT)    net (fo=38649, routed)       2.070     7.571    top_i/axi_interconnect_0/s00_couplers/auto_ds/inst/gen_downsizer.gen_simple_downsizer.axi_downsizer_inst/USE_READ.read_addr_inst/cmd_queue/inst/fifo_gen_inst/inst_fifo_gen/gconvfifo.rf/grf.rf/gntv_or_sync_fifo.gl0.wr/wpntr/clk
    SLICE_X53Y118        FDCE                                         r  top_i/axi_interconnect_0/s00_couplers/auto_ds/inst/gen_downsizer.gen_simple_downsizer.axi_downsizer_inst/USE_READ.read_addr_inst/cmd_queue/inst/fifo_gen_inst/inst_fifo_gen/gconvfifo.rf/grf.rf/gntv_or_sync_fifo.gl0.wr/wpntr/gcc0.gc0.count_d1_reg[0]/C
                         clock pessimism              0.132     7.703    
                         clock uncertainty           -0.112     7.591    
    SLICE_X53Y118        FDCE (Recov_EFF_SLICEM_C_CLR)
                                                     -0.066     7.525    top_i/axi_interconnect_0/s00_couplers/auto_ds/inst/gen_downsizer.gen_simple_downsizer.axi_downsizer_inst/USE_READ.read_addr_inst/cmd_queue/inst/fifo_gen_inst/inst_fifo_gen/gconvfifo.rf/grf.rf/gntv_or_sync_fifo.gl0.wr/wpntr/gcc0.gc0.count_d1_reg[0]
  -------------------------------------------------------------------
                         required time                          7.525    
                         arrival time                          -3.574    
  -------------------------------------------------------------------
                         slack                                  3.951    

Slack (MET) :             3.951ns  (required time - arrival time)
  Source:                 top_i/axi_interconnect_0/s00_couplers/auto_ds/inst/gen_downsizer.gen_simple_downsizer.axi_downsizer_inst/USE_READ.read_addr_inst/cmd_queue/inst/fifo_gen_inst/inst_fifo_gen/gconvfifo.rf/grf.rf/rstblk/ngwrdrst.grst.g7serrst.gnsckt_wrst.gcc_rst.sckt_wr_rst_cc_reg[0]/C
                            (rising edge-triggered cell FDRE clocked by clk_pl_0  {rise@0.000ns fall@2.667ns period=5.333ns})
  Destination:            top_i/axi_interconnect_0/s00_couplers/auto_ds/inst/gen_downsizer.gen_simple_downsizer.axi_downsizer_inst/USE_READ.read_addr_inst/cmd_queue/inst/fifo_gen_inst/inst_fifo_gen/gconvfifo.rf/grf.rf/gntv_or_sync_fifo.gl0.wr/wpntr/gcc0.gc0.count_reg[2]/CLR
                            (recovery check against rising-edge clock clk_pl_0  {rise@0.000ns fall@2.667ns period=5.333ns})
  Path Group:             **async_default**
  Path Type:              Recovery (Max at Slow Process Corner)
  Requirement:            5.333ns  (clk_pl_0 rise@5.333ns - clk_pl_0 rise@0.000ns)
  Data Path Delay:        1.035ns  (logic 0.203ns (19.615%)  route 0.832ns (80.385%))
  Logic Levels:           1  (LUT3=1)
  Clock Path Skew:        -0.169ns (DCD - SCD + CPR)
    Destination Clock Delay (DCD):    2.238ns = ( 7.571 - 5.333 ) 
    Source Clock Delay      (SCD):    2.539ns
    Clock Pessimism Removal (CPR):    0.132ns
  Clock Uncertainty:      0.112ns  ((TSJ^2 + DJ^2)^1/2) / 2 + PE
    Total System Jitter     (TSJ):    0.071ns
    Discrete Jitter          (DJ):    0.213ns
    Phase Error              (PE):    0.000ns
  Clock Net Delay (Source):      2.331ns (routing 0.960ns, distribution 1.371ns)
  Clock Net Delay (Destination): 2.070ns (routing 0.872ns, distribution 1.198ns)

    Location             Delay type                Incr(ns)  Path(ns)    Netlist Resource(s)
  -------------------------------------------------------------------    -------------------
                         (clock clk_pl_0 rise edge)
                                                      0.000     0.000 r  
    PS8_X0Y0             PS8                          0.000     0.000 r  top_i/zynq_ps/inst/PS8_i/PLCLK[0]
                         net (fo=1, routed)           0.180     0.180    top_i/zynq_ps/inst/pl_clk_unbuffered[0]
    BUFG_PS_X0Y80        BUFG_PS (Prop_BUFG_PS_I_O)
                                                      0.028     0.208 r  top_i/zynq_ps/inst/buffer_pl_clk_0.PL_CLK_0_BUFG/O
    X2Y2 (CLOCK_ROOT)    net (fo=38649, routed)       2.331     2.539    top_i/axi_interconnect_0/s00_couplers/auto_ds/inst/gen_downsizer.gen_simple_downsizer.axi_downsizer_inst/USE_READ.read_addr_inst/cmd_queue/inst/fifo_gen_inst/inst_fifo_gen/gconvfifo.rf/grf.rf/rstblk/clk
    SLICE_X51Y121        FDRE                                         r  top_i/axi_interconnect_0/s00_couplers/auto_ds/inst/gen_downsizer.gen_simple_downsizer.axi_downsizer_inst/USE_READ.read_addr_inst/cmd_queue/inst/fifo_gen_inst/inst_fifo_gen/gconvfifo.rf/grf.rf/rstblk/ngwrdrst.grst.g7serrst.gnsckt_wrst.gcc_rst.sckt_wr_rst_cc_reg[0]/C
  -------------------------------------------------------------------    -------------------
    SLICE_X51Y121        FDRE (Prop_HFF2_SLICEL_C_Q)
                                                      0.080     2.619 f  top_i/axi_interconnect_0/s00_couplers/auto_ds/inst/gen_downsizer.gen_simple_downsizer.axi_downsizer_inst/USE_READ.read_addr_inst/cmd_queue/inst/fifo_gen_inst/inst_fifo_gen/gconvfifo.rf/grf.rf/rstblk/ngwrdrst.grst.g7serrst.gnsckt_wrst.gcc_rst.sckt_wr_rst_cc_reg[0]/Q
                         net (fo=3, routed)           0.256     2.875    top_i/axi_interconnect_0/s00_couplers/auto_ds/inst/gen_downsizer.gen_simple_downsizer.axi_downsizer_inst/USE_READ.read_addr_inst/cmd_queue/inst/fifo_gen_inst/inst_fifo_gen/gconvfifo.rf/grf.rf/rstblk/ngwrdrst.grst.g7serrst.gnsckt_wrst.gcc_rst.sckt_wr_rst_cc[0]
    SLICE_X51Y121        LUT3 (Prop_F6LUT_SLICEL_I1_O)
                                                      0.123     2.998 f  top_i/axi_interconnect_0/s00_couplers/auto_ds/inst/gen_downsizer.gen_simple_downsizer.axi_downsizer_inst/USE_READ.read_addr_inst/cmd_queue/inst/fifo_gen_inst/inst_fifo_gen/gconvfifo.rf/grf.rf/rstblk/gpregsm1.curr_fwft_state[1]_i_2/O
                         net (fo=32, routed)          0.576     3.574    top_i/axi_interconnect_0/s00_couplers/auto_ds/inst/gen_downsizer.gen_simple_downsizer.axi_downsizer_inst/USE_READ.read_addr_inst/cmd_queue/inst/fifo_gen_inst/inst_fifo_gen/gconvfifo.rf/grf.rf/gntv_or_sync_fifo.gl0.wr/wpntr/AR[0]
    SLICE_X53Y118        FDCE                                         f  top_i/axi_interconnect_0/s00_couplers/auto_ds/inst/gen_downsizer.gen_simple_downsizer.axi_downsizer_inst/USE_READ.read_addr_inst/cmd_queue/inst/fifo_gen_inst/inst_fifo_gen/gconvfifo.rf/grf.rf/gntv_or_sync_fifo.gl0.wr/wpntr/gcc0.gc0.count_reg[2]/CLR
  -------------------------------------------------------------------    -------------------

                         (clock clk_pl_0 rise edge)
                                                      5.333     5.333 r  
    PS8_X0Y0             PS8                          0.000     5.333 r  top_i/zynq_ps/inst/PS8_i/PLCLK[0]
                         net (fo=1, routed)           0.143     5.476    top_i/zynq_ps/inst/pl_clk_unbuffered[0]
    BUFG_PS_X0Y80        BUFG_PS (Prop_BUFG_PS_I_O)
                                                      0.025     5.501 r  top_i/zynq_ps/inst/buffer_pl_clk_0.PL_CLK_0_BUFG/O
    X2Y2 (CLOCK_ROOT)    net (fo=38649, routed)       2.070     7.571    top_i/axi_interconnect_0/s00_couplers/auto_ds/inst/gen_downsizer.gen_simple_downsizer.axi_downsizer_inst/USE_READ.read_addr_inst/cmd_queue/inst/fifo_gen_inst/inst_fifo_gen/gconvfifo.rf/grf.rf/gntv_or_sync_fifo.gl0.wr/wpntr/clk
    SLICE_X53Y118        FDCE                                         r  top_i/axi_interconnect_0/s00_couplers/auto_ds/inst/gen_downsizer.gen_simple_downsizer.axi_downsizer_inst/USE_READ.read_addr_inst/cmd_queue/inst/fifo_gen_inst/inst_fifo_gen/gconvfifo.rf/grf.rf/gntv_or_sync_fifo.gl0.wr/wpntr/gcc0.gc0.count_reg[2]/C
                         clock pessimism              0.132     7.703    
                         clock uncertainty           -0.112     7.591    
    SLICE_X53Y118        FDCE (Recov_GFF2_SLICEM_C_CLR)
                                                     -0.066     7.525    top_i/axi_interconnect_0/s00_couplers/auto_ds/inst/gen_downsizer.gen_simple_downsizer.axi_downsizer_inst/USE_READ.read_addr_inst/cmd_queue/inst/fifo_gen_inst/inst_fifo_gen/gconvfifo.rf/grf.rf/gntv_or_sync_fifo.gl0.wr/wpntr/gcc0.gc0.count_reg[2]
  -------------------------------------------------------------------
                         required time                          7.525    
                         arrival time                          -3.574    
  -------------------------------------------------------------------
                         slack                                  3.951    

Slack (MET) :             3.951ns  (required time - arrival time)
  Source:                 top_i/axi_interconnect_0/s00_couplers/auto_ds/inst/gen_downsizer.gen_simple_downsizer.axi_downsizer_inst/USE_READ.read_addr_inst/cmd_queue/inst/fifo_gen_inst/inst_fifo_gen/gconvfifo.rf/grf.rf/rstblk/ngwrdrst.grst.g7serrst.gnsckt_wrst.gcc_rst.sckt_wr_rst_cc_reg[0]/C
                            (rising edge-triggered cell FDRE clocked by clk_pl_0  {rise@0.000ns fall@2.667ns period=5.333ns})
  Destination:            top_i/axi_interconnect_0/s00_couplers/auto_ds/inst/gen_downsizer.gen_simple_downsizer.axi_downsizer_inst/USE_READ.read_addr_inst/cmd_queue/inst/fifo_gen_inst/inst_fifo_gen/gconvfifo.rf/grf.rf/gntv_or_sync_fifo.gl0.wr/wpntr/gcc0.gc0.count_reg[3]/CLR
                            (recovery check against rising-edge clock clk_pl_0  {rise@0.000ns fall@2.667ns period=5.333ns})
  Path Group:             **async_default**
  Path Type:              Recovery (Max at Slow Process Corner)
  Requirement:            5.333ns  (clk_pl_0 rise@5.333ns - clk_pl_0 rise@0.000ns)
  Data Path Delay:        1.035ns  (logic 0.203ns (19.615%)  route 0.832ns (80.385%))
  Logic Levels:           1  (LUT3=1)
  Clock Path Skew:        -0.169ns (DCD - SCD + CPR)
    Destination Clock Delay (DCD):    2.238ns = ( 7.571 - 5.333 ) 
    Source Clock Delay      (SCD):    2.539ns
    Clock Pessimism Removal (CPR):    0.132ns
  Clock Uncertainty:      0.112ns  ((TSJ^2 + DJ^2)^1/2) / 2 + PE
    Total System Jitter     (TSJ):    0.071ns
    Discrete Jitter          (DJ):    0.213ns
    Phase Error              (PE):    0.000ns
  Clock Net Delay (Source):      2.331ns (routing 0.960ns, distribution 1.371ns)
  Clock Net Delay (Destination): 2.070ns (routing 0.872ns, distribution 1.198ns)

    Location             Delay type                Incr(ns)  Path(ns)    Netlist Resource(s)
  -------------------------------------------------------------------    -------------------
                         (clock clk_pl_0 rise edge)
                                                      0.000     0.000 r  
    PS8_X0Y0             PS8                          0.000     0.000 r  top_i/zynq_ps/inst/PS8_i/PLCLK[0]
                         net (fo=1, routed)           0.180     0.180    top_i/zynq_ps/inst/pl_clk_unbuffered[0]
    BUFG_PS_X0Y80        BUFG_PS (Prop_BUFG_PS_I_O)
                                                      0.028     0.208 r  top_i/zynq_ps/inst/buffer_pl_clk_0.PL_CLK_0_BUFG/O
    X2Y2 (CLOCK_ROOT)    net (fo=38649, routed)       2.331     2.539    top_i/axi_interconnect_0/s00_couplers/auto_ds/inst/gen_downsizer.gen_simple_downsizer.axi_downsizer_inst/USE_READ.read_addr_inst/cmd_queue/inst/fifo_gen_inst/inst_fifo_gen/gconvfifo.rf/grf.rf/rstblk/clk
    SLICE_X51Y121        FDRE                                         r  top_i/axi_interconnect_0/s00_couplers/auto_ds/inst/gen_downsizer.gen_simple_downsizer.axi_downsizer_inst/USE_READ.read_addr_inst/cmd_queue/inst/fifo_gen_inst/inst_fifo_gen/gconvfifo.rf/grf.rf/rstblk/ngwrdrst.grst.g7serrst.gnsckt_wrst.gcc_rst.sckt_wr_rst_cc_reg[0]/C
  -------------------------------------------------------------------    -------------------
    SLICE_X51Y121        FDRE (Prop_HFF2_SLICEL_C_Q)
                                                      0.080     2.619 f  top_i/axi_interconnect_0/s00_couplers/auto_ds/inst/gen_downsizer.gen_simple_downsizer.axi_downsizer_inst/USE_READ.read_addr_inst/cmd_queue/inst/fifo_gen_inst/inst_fifo_gen/gconvfifo.rf/grf.rf/rstblk/ngwrdrst.grst.g7serrst.gnsckt_wrst.gcc_rst.sckt_wr_rst_cc_reg[0]/Q
                         net (fo=3, routed)           0.256     2.875    top_i/axi_interconnect_0/s00_couplers/auto_ds/inst/gen_downsizer.gen_simple_downsizer.axi_downsizer_inst/USE_READ.read_addr_inst/cmd_queue/inst/fifo_gen_inst/inst_fifo_gen/gconvfifo.rf/grf.rf/rstblk/ngwrdrst.grst.g7serrst.gnsckt_wrst.gcc_rst.sckt_wr_rst_cc[0]
    SLICE_X51Y121        LUT3 (Prop_F6LUT_SLICEL_I1_O)
                                                      0.123     2.998 f  top_i/axi_interconnect_0/s00_couplers/auto_ds/inst/gen_downsizer.gen_simple_downsizer.axi_downsizer_inst/USE_READ.read_addr_inst/cmd_queue/inst/fifo_gen_inst/inst_fifo_gen/gconvfifo.rf/grf.rf/rstblk/gpregsm1.curr_fwft_state[1]_i_2/O
                         net (fo=32, routed)          0.576     3.574    top_i/axi_interconnect_0/s00_couplers/auto_ds/inst/gen_downsizer.gen_simple_downsizer.axi_downsizer_inst/USE_READ.read_addr_inst/cmd_queue/inst/fifo_gen_inst/inst_fifo_gen/gconvfifo.rf/grf.rf/gntv_or_sync_fifo.gl0.wr/wpntr/AR[0]
    SLICE_X53Y118        FDCE                                         f  top_i/axi_interconnect_0/s00_couplers/auto_ds/inst/gen_downsizer.gen_simple_downsizer.axi_downsizer_inst/USE_READ.read_addr_inst/cmd_queue/inst/fifo_gen_inst/inst_fifo_gen/gconvfifo.rf/grf.rf/gntv_or_sync_fifo.gl0.wr/wpntr/gcc0.gc0.count_reg[3]/CLR
  -------------------------------------------------------------------    -------------------

                         (clock clk_pl_0 rise edge)
                                                      5.333     5.333 r  
    PS8_X0Y0             PS8                          0.000     5.333 r  top_i/zynq_ps/inst/PS8_i/PLCLK[0]
                         net (fo=1, routed)           0.143     5.476    top_i/zynq_ps/inst/pl_clk_unbuffered[0]
    BUFG_PS_X0Y80        BUFG_PS (Prop_BUFG_PS_I_O)
                                                      0.025     5.501 r  top_i/zynq_ps/inst/buffer_pl_clk_0.PL_CLK_0_BUFG/O
    X2Y2 (CLOCK_ROOT)    net (fo=38649, routed)       2.070     7.571    top_i/axi_interconnect_0/s00_couplers/auto_ds/inst/gen_downsizer.gen_simple_downsizer.axi_downsizer_inst/USE_READ.read_addr_inst/cmd_queue/inst/fifo_gen_inst/inst_fifo_gen/gconvfifo.rf/grf.rf/gntv_or_sync_fifo.gl0.wr/wpntr/clk
    SLICE_X53Y118        FDCE                                         r  top_i/axi_interconnect_0/s00_couplers/auto_ds/inst/gen_downsizer.gen_simple_downsizer.axi_downsizer_inst/USE_READ.read_addr_inst/cmd_queue/inst/fifo_gen_inst/inst_fifo_gen/gconvfifo.rf/grf.rf/gntv_or_sync_fifo.gl0.wr/wpntr/gcc0.gc0.count_reg[3]/C
                         clock pessimism              0.132     7.703    
                         clock uncertainty           -0.112     7.591    
    SLICE_X53Y118        FDCE (Recov_HFF_SLICEM_C_CLR)
                                                     -0.066     7.525    top_i/axi_interconnect_0/s00_couplers/auto_ds/inst/gen_downsizer.gen_simple_downsizer.axi_downsizer_inst/USE_READ.read_addr_inst/cmd_queue/inst/fifo_gen_inst/inst_fifo_gen/gconvfifo.rf/grf.rf/gntv_or_sync_fifo.gl0.wr/wpntr/gcc0.gc0.count_reg[3]
  -------------------------------------------------------------------
                         required time                          7.525    
                         arrival time                          -3.574    
  -------------------------------------------------------------------
                         slack                                  3.951    

Slack (MET) :             3.951ns  (required time - arrival time)
  Source:                 top_i/axi_interconnect_0/s00_couplers/auto_ds/inst/gen_downsizer.gen_simple_downsizer.axi_downsizer_inst/USE_READ.read_addr_inst/cmd_queue/inst/fifo_gen_inst/inst_fifo_gen/gconvfifo.rf/grf.rf/rstblk/ngwrdrst.grst.g7serrst.gnsckt_wrst.gcc_rst.sckt_wr_rst_cc_reg[0]/C
                            (rising edge-triggered cell FDRE clocked by clk_pl_0  {rise@0.000ns fall@2.667ns period=5.333ns})
  Destination:            top_i/axi_interconnect_0/s00_couplers/auto_ds/inst/gen_downsizer.gen_simple_downsizer.axi_downsizer_inst/USE_READ.read_addr_inst/cmd_queue/inst/fifo_gen_inst/inst_fifo_gen/gconvfifo.rf/grf.rf/gntv_or_sync_fifo.gl0.wr/wpntr/gcc0.gc0.count_reg[4]/CLR
                            (recovery check against rising-edge clock clk_pl_0  {rise@0.000ns fall@2.667ns period=5.333ns})
  Path Group:             **async_default**
  Path Type:              Recovery (Max at Slow Process Corner)
  Requirement:            5.333ns  (clk_pl_0 rise@5.333ns - clk_pl_0 rise@0.000ns)
  Data Path Delay:        1.035ns  (logic 0.203ns (19.615%)  route 0.832ns (80.385%))
  Logic Levels:           1  (LUT3=1)
  Clock Path Skew:        -0.169ns (DCD - SCD + CPR)
    Destination Clock Delay (DCD):    2.238ns = ( 7.571 - 5.333 ) 
    Source Clock Delay      (SCD):    2.539ns
    Clock Pessimism Removal (CPR):    0.132ns
  Clock Uncertainty:      0.112ns  ((TSJ^2 + DJ^2)^1/2) / 2 + PE
    Total System Jitter     (TSJ):    0.071ns
    Discrete Jitter          (DJ):    0.213ns
    Phase Error              (PE):    0.000ns
  Clock Net Delay (Source):      2.331ns (routing 0.960ns, distribution 1.371ns)
  Clock Net Delay (Destination): 2.070ns (routing 0.872ns, distribution 1.198ns)

    Location             Delay type                Incr(ns)  Path(ns)    Netlist Resource(s)
  -------------------------------------------------------------------    -------------------
                         (clock clk_pl_0 rise edge)
                                                      0.000     0.000 r  
    PS8_X0Y0             PS8                          0.000     0.000 r  top_i/zynq_ps/inst/PS8_i/PLCLK[0]
                         net (fo=1, routed)           0.180     0.180    top_i/zynq_ps/inst/pl_clk_unbuffered[0]
    BUFG_PS_X0Y80        BUFG_PS (Prop_BUFG_PS_I_O)
                                                      0.028     0.208 r  top_i/zynq_ps/inst/buffer_pl_clk_0.PL_CLK_0_BUFG/O
    X2Y2 (CLOCK_ROOT)    net (fo=38649, routed)       2.331     2.539    top_i/axi_interconnect_0/s00_couplers/auto_ds/inst/gen_downsizer.gen_simple_downsizer.axi_downsizer_inst/USE_READ.read_addr_inst/cmd_queue/inst/fifo_gen_inst/inst_fifo_gen/gconvfifo.rf/grf.rf/rstblk/clk
    SLICE_X51Y121        FDRE                                         r  top_i/axi_interconnect_0/s00_couplers/auto_ds/inst/gen_downsizer.gen_simple_downsizer.axi_downsizer_inst/USE_READ.read_addr_inst/cmd_queue/inst/fifo_gen_inst/inst_fifo_gen/gconvfifo.rf/grf.rf/rstblk/ngwrdrst.grst.g7serrst.gnsckt_wrst.gcc_rst.sckt_wr_rst_cc_reg[0]/C
  -------------------------------------------------------------------    -------------------
    SLICE_X51Y121        FDRE (Prop_HFF2_SLICEL_C_Q)
                                                      0.080     2.619 f  top_i/axi_interconnect_0/s00_couplers/auto_ds/inst/gen_downsizer.gen_simple_downsizer.axi_downsizer_inst/USE_READ.read_addr_inst/cmd_queue/inst/fifo_gen_inst/inst_fifo_gen/gconvfifo.rf/grf.rf/rstblk/ngwrdrst.grst.g7serrst.gnsckt_wrst.gcc_rst.sckt_wr_rst_cc_reg[0]/Q
                         net (fo=3, routed)           0.256     2.875    top_i/axi_interconnect_0/s00_couplers/auto_ds/inst/gen_downsizer.gen_simple_downsizer.axi_downsizer_inst/USE_READ.read_addr_inst/cmd_queue/inst/fifo_gen_inst/inst_fifo_gen/gconvfifo.rf/grf.rf/rstblk/ngwrdrst.grst.g7serrst.gnsckt_wrst.gcc_rst.sckt_wr_rst_cc[0]
    SLICE_X51Y121        LUT3 (Prop_F6LUT_SLICEL_I1_O)
                                                      0.123     2.998 f  top_i/axi_interconnect_0/s00_couplers/auto_ds/inst/gen_downsizer.gen_simple_downsizer.axi_downsizer_inst/USE_READ.read_addr_inst/cmd_queue/inst/fifo_gen_inst/inst_fifo_gen/gconvfifo.rf/grf.rf/rstblk/gpregsm1.curr_fwft_state[1]_i_2/O
                         net (fo=32, routed)          0.576     3.574    top_i/axi_interconnect_0/s00_couplers/auto_ds/inst/gen_downsizer.gen_simple_downsizer.axi_downsizer_inst/USE_READ.read_addr_inst/cmd_queue/inst/fifo_gen_inst/inst_fifo_gen/gconvfifo.rf/grf.rf/gntv_or_sync_fifo.gl0.wr/wpntr/AR[0]
    SLICE_X53Y118        FDCE                                         f  top_i/axi_interconnect_0/s00_couplers/auto_ds/inst/gen_downsizer.gen_simple_downsizer.axi_downsizer_inst/USE_READ.read_addr_inst/cmd_queue/inst/fifo_gen_inst/inst_fifo_gen/gconvfifo.rf/grf.rf/gntv_or_sync_fifo.gl0.wr/wpntr/gcc0.gc0.count_reg[4]/CLR
  -------------------------------------------------------------------    -------------------

                         (clock clk_pl_0 rise edge)
                                                      5.333     5.333 r  
    PS8_X0Y0             PS8                          0.000     5.333 r  top_i/zynq_ps/inst/PS8_i/PLCLK[0]
                         net (fo=1, routed)           0.143     5.476    top_i/zynq_ps/inst/pl_clk_unbuffered[0]
    BUFG_PS_X0Y80        BUFG_PS (Prop_BUFG_PS_I_O)
                                                      0.025     5.501 r  top_i/zynq_ps/inst/buffer_pl_clk_0.PL_CLK_0_BUFG/O
    X2Y2 (CLOCK_ROOT)    net (fo=38649, routed)       2.070     7.571    top_i/axi_interconnect_0/s00_couplers/auto_ds/inst/gen_downsizer.gen_simple_downsizer.axi_downsizer_inst/USE_READ.read_addr_inst/cmd_queue/inst/fifo_gen_inst/inst_fifo_gen/gconvfifo.rf/grf.rf/gntv_or_sync_fifo.gl0.wr/wpntr/clk
    SLICE_X53Y118        FDCE                                         r  top_i/axi_interconnect_0/s00_couplers/auto_ds/inst/gen_downsizer.gen_simple_downsizer.axi_downsizer_inst/USE_READ.read_addr_inst/cmd_queue/inst/fifo_gen_inst/inst_fifo_gen/gconvfifo.rf/grf.rf/gntv_or_sync_fifo.gl0.wr/wpntr/gcc0.gc0.count_reg[4]/C
                         clock pessimism              0.132     7.703    
                         clock uncertainty           -0.112     7.591    
    SLICE_X53Y118        FDCE (Recov_HFF2_SLICEM_C_CLR)
                                                     -0.066     7.525    top_i/axi_interconnect_0/s00_couplers/auto_ds/inst/gen_downsizer.gen_simple_downsizer.axi_downsizer_inst/USE_READ.read_addr_inst/cmd_queue/inst/fifo_gen_inst/inst_fifo_gen/gconvfifo.rf/grf.rf/gntv_or_sync_fifo.gl0.wr/wpntr/gcc0.gc0.count_reg[4]
  -------------------------------------------------------------------
                         required time                          7.525    
                         arrival time                          -3.574    
  -------------------------------------------------------------------
                         slack                                  3.951    

Slack (MET) :             4.060ns  (required time - arrival time)
  Source:                 top_i/axi_interconnect_0/s00_couplers/auto_ds/inst/gen_downsizer.gen_simple_downsizer.axi_downsizer_inst/USE_READ.read_addr_inst/cmd_queue/inst/fifo_gen_inst/inst_fifo_gen/gconvfifo.rf/grf.rf/rstblk/ngwrdrst.grst.g7serrst.gnsckt_wrst.gcc_rst.sckt_wr_rst_cc_reg[0]/C
                            (rising edge-triggered cell FDRE clocked by clk_pl_0  {rise@0.000ns fall@2.667ns period=5.333ns})
  Destination:            top_i/axi_interconnect_0/s00_couplers/auto_ds/inst/gen_downsizer.gen_simple_downsizer.axi_downsizer_inst/USE_READ.read_addr_inst/cmd_queue/inst/fifo_gen_inst/inst_fifo_gen/gconvfifo.rf/grf.rf/gntv_or_sync_fifo.gl0.wr/wpntr/gcc0.gc0.count_d1_reg[4]/CLR
                            (recovery check against rising-edge clock clk_pl_0  {rise@0.000ns fall@2.667ns period=5.333ns})
  Path Group:             **async_default**
  Path Type:              Recovery (Max at Slow Process Corner)
  Requirement:            5.333ns  (clk_pl_0 rise@5.333ns - clk_pl_0 rise@0.000ns)
  Data Path Delay:        0.987ns  (logic 0.203ns (20.569%)  route 0.784ns (79.431%))
  Logic Levels:           1  (LUT3=1)
  Clock Path Skew:        -0.108ns (DCD - SCD + CPR)
    Destination Clock Delay (DCD):    2.235ns = ( 7.568 - 5.333 ) 
    Source Clock Delay      (SCD):    2.539ns
    Clock Pessimism Removal (CPR):    0.196ns
  Clock Uncertainty:      0.112ns  ((TSJ^2 + DJ^2)^1/2) / 2 + PE
    Total System Jitter     (TSJ):    0.071ns
    Discrete Jitter          (DJ):    0.213ns
    Phase Error              (PE):    0.000ns
  Clock Net Delay (Source):      2.331ns (routing 0.960ns, distribution 1.371ns)
  Clock Net Delay (Destination): 2.067ns (routing 0.872ns, distribution 1.195ns)

    Location             Delay type                Incr(ns)  Path(ns)    Netlist Resource(s)
  -------------------------------------------------------------------    -------------------
                         (clock clk_pl_0 rise edge)
                                                      0.000     0.000 r  
    PS8_X0Y0             PS8                          0.000     0.000 r  top_i/zynq_ps/inst/PS8_i/PLCLK[0]
                         net (fo=1, routed)           0.180     0.180    top_i/zynq_ps/inst/pl_clk_unbuffered[0]
    BUFG_PS_X0Y80        BUFG_PS (Prop_BUFG_PS_I_O)
                                                      0.028     0.208 r  top_i/zynq_ps/inst/buffer_pl_clk_0.PL_CLK_0_BUFG/O
    X2Y2 (CLOCK_ROOT)    net (fo=38649, routed)       2.331     2.539    top_i/axi_interconnect_0/s00_couplers/auto_ds/inst/gen_downsizer.gen_simple_downsizer.axi_downsizer_inst/USE_READ.read_addr_inst/cmd_queue/inst/fifo_gen_inst/inst_fifo_gen/gconvfifo.rf/grf.rf/rstblk/clk
    SLICE_X51Y121        FDRE                                         r  top_i/axi_interconnect_0/s00_couplers/auto_ds/inst/gen_downsizer.gen_simple_downsizer.axi_downsizer_inst/USE_READ.read_addr_inst/cmd_queue/inst/fifo_gen_inst/inst_fifo_gen/gconvfifo.rf/grf.rf/rstblk/ngwrdrst.grst.g7serrst.gnsckt_wrst.gcc_rst.sckt_wr_rst_cc_reg[0]/C
  -------------------------------------------------------------------    -------------------
    SLICE_X51Y121        FDRE (Prop_HFF2_SLICEL_C_Q)
                                                      0.080     2.619 f  top_i/axi_interconnect_0/s00_couplers/auto_ds/inst/gen_downsizer.gen_simple_downsizer.axi_downsizer_inst/USE_READ.read_addr_inst/cmd_queue/inst/fifo_gen_inst/inst_fifo_gen/gconvfifo.rf/grf.rf/rstblk/ngwrdrst.grst.g7serrst.gnsckt_wrst.gcc_rst.sckt_wr_rst_cc_reg[0]/Q
                         net (fo=3, routed)           0.256     2.875    top_i/axi_interconnect_0/s00_couplers/auto_ds/inst/gen_downsizer.gen_simple_downsizer.axi_downsizer_inst/USE_READ.read_addr_inst/cmd_queue/inst/fifo_gen_inst/inst_fifo_gen/gconvfifo.rf/grf.rf/rstblk/ngwrdrst.grst.g7serrst.gnsckt_wrst.gcc_rst.sckt_wr_rst_cc[0]
    SLICE_X51Y121        LUT3 (Prop_F6LUT_SLICEL_I1_O)
                                                      0.123     2.998 f  top_i/axi_interconnect_0/s00_couplers/auto_ds/inst/gen_downsizer.gen_simple_downsizer.axi_downsizer_inst/USE_READ.read_addr_inst/cmd_queue/inst/fifo_gen_inst/inst_fifo_gen/gconvfifo.rf/grf.rf/rstblk/gpregsm1.curr_fwft_state[1]_i_2/O
                         net (fo=32, routed)          0.528     3.526    top_i/axi_interconnect_0/s00_couplers/auto_ds/inst/gen_downsizer.gen_simple_downsizer.axi_downsizer_inst/USE_READ.read_addr_inst/cmd_queue/inst/fifo_gen_inst/inst_fifo_gen/gconvfifo.rf/grf.rf/gntv_or_sync_fifo.gl0.wr/wpntr/AR[0]
    SLICE_X53Y120        FDCE                                         f  top_i/axi_interconnect_0/s00_couplers/auto_ds/inst/gen_downsizer.gen_simple_downsizer.axi_downsizer_inst/USE_READ.read_addr_inst/cmd_queue/inst/fifo_gen_inst/inst_fifo_gen/gconvfifo.rf/grf.rf/gntv_or_sync_fifo.gl0.wr/wpntr/gcc0.gc0.count_d1_reg[4]/CLR
  -------------------------------------------------------------------    -------------------

                         (clock clk_pl_0 rise edge)
                                                      5.333     5.333 r  
    PS8_X0Y0             PS8                          0.000     5.333 r  top_i/zynq_ps/inst/PS8_i/PLCLK[0]
                         net (fo=1, routed)           0.143     5.476    top_i/zynq_ps/inst/pl_clk_unbuffered[0]
    BUFG_PS_X0Y80        BUFG_PS (Prop_BUFG_PS_I_O)
                                                      0.025     5.501 r  top_i/zynq_ps/inst/buffer_pl_clk_0.PL_CLK_0_BUFG/O
    X2Y2 (CLOCK_ROOT)    net (fo=38649, routed)       2.067     7.568    top_i/axi_interconnect_0/s00_couplers/auto_ds/inst/gen_downsizer.gen_simple_downsizer.axi_downsizer_inst/USE_READ.read_addr_inst/cmd_queue/inst/fifo_gen_inst/inst_fifo_gen/gconvfifo.rf/grf.rf/gntv_or_sync_fifo.gl0.wr/wpntr/clk
    SLICE_X53Y120        FDCE                                         r  top_i/axi_interconnect_0/s00_couplers/auto_ds/inst/gen_downsizer.gen_simple_downsizer.axi_downsizer_inst/USE_READ.read_addr_inst/cmd_queue/inst/fifo_gen_inst/inst_fifo_gen/gconvfifo.rf/grf.rf/gntv_or_sync_fifo.gl0.wr/wpntr/gcc0.gc0.count_d1_reg[4]/C
                         clock pessimism              0.196     7.764    
                         clock uncertainty           -0.112     7.652    
    SLICE_X53Y120        FDCE (Recov_AFF_SLICEM_C_CLR)
                                                     -0.066     7.586    top_i/axi_interconnect_0/s00_couplers/auto_ds/inst/gen_downsizer.gen_simple_downsizer.axi_downsizer_inst/USE_READ.read_addr_inst/cmd_queue/inst/fifo_gen_inst/inst_fifo_gen/gconvfifo.rf/grf.rf/gntv_or_sync_fifo.gl0.wr/wpntr/gcc0.gc0.count_d1_reg[4]
  -------------------------------------------------------------------
                         required time                          7.586    
                         arrival time                          -3.526    
  -------------------------------------------------------------------
                         slack                                  4.060    

Slack (MET) :             4.063ns  (required time - arrival time)
  Source:                 top_i/axi_interconnect_0/s00_couplers/auto_ds/inst/gen_downsizer.gen_simple_downsizer.axi_downsizer_inst/USE_READ.read_addr_inst/cmd_queue/inst/fifo_gen_inst/inst_fifo_gen/gconvfifo.rf/grf.rf/rstblk/ngwrdrst.grst.g7serrst.gnsckt_wrst.gcc_rst.sckt_wr_rst_cc_reg[0]/C
                            (rising edge-triggered cell FDRE clocked by clk_pl_0  {rise@0.000ns fall@2.667ns period=5.333ns})
  Destination:            top_i/axi_interconnect_0/s00_couplers/auto_ds/inst/gen_downsizer.gen_simple_downsizer.axi_downsizer_inst/USE_READ.read_addr_inst/cmd_queue/inst/fifo_gen_inst/inst_fifo_gen/gconvfifo.rf/grf.rf/gntv_or_sync_fifo.gl0.rd/gr1.gr1_int.rfwft/empty_fwft_fb_o_i_reg/PRE
                            (recovery check against rising-edge clock clk_pl_0  {rise@0.000ns fall@2.667ns period=5.333ns})
  Path Group:             **async_default**
  Path Type:              Recovery (Max at Slow Process Corner)
  Requirement:            5.333ns  (clk_pl_0 rise@5.333ns - clk_pl_0 rise@0.000ns)
  Data Path Delay:        0.932ns  (logic 0.203ns (21.790%)  route 0.729ns (78.210%))
  Logic Levels:           1  (LUT3=1)
  Clock Path Skew:        -0.160ns (DCD - SCD + CPR)
    Destination Clock Delay (DCD):    2.247ns = ( 7.580 - 5.333 ) 
    Source Clock Delay      (SCD):    2.539ns
    Clock Pessimism Removal (CPR):    0.132ns
  Clock Uncertainty:      0.112ns  ((TSJ^2 + DJ^2)^1/2) / 2 + PE
    Total System Jitter     (TSJ):    0.071ns
    Discrete Jitter          (DJ):    0.213ns
    Phase Error              (PE):    0.000ns
  Clock Net Delay (Source):      2.331ns (routing 0.960ns, distribution 1.371ns)
  Clock Net Delay (Destination): 2.079ns (routing 0.872ns, distribution 1.207ns)

    Location             Delay type                Incr(ns)  Path(ns)    Netlist Resource(s)
  -------------------------------------------------------------------    -------------------
                         (clock clk_pl_0 rise edge)
                                                      0.000     0.000 r  
    PS8_X0Y0             PS8                          0.000     0.000 r  top_i/zynq_ps/inst/PS8_i/PLCLK[0]
                         net (fo=1, routed)           0.180     0.180    top_i/zynq_ps/inst/pl_clk_unbuffered[0]
    BUFG_PS_X0Y80        BUFG_PS (Prop_BUFG_PS_I_O)
                                                      0.028     0.208 r  top_i/zynq_ps/inst/buffer_pl_clk_0.PL_CLK_0_BUFG/O
    X2Y2 (CLOCK_ROOT)    net (fo=38649, routed)       2.331     2.539    top_i/axi_interconnect_0/s00_couplers/auto_ds/inst/gen_downsizer.gen_simple_downsizer.axi_downsizer_inst/USE_READ.read_addr_inst/cmd_queue/inst/fifo_gen_inst/inst_fifo_gen/gconvfifo.rf/grf.rf/rstblk/clk
    SLICE_X51Y121        FDRE                                         r  top_i/axi_interconnect_0/s00_couplers/auto_ds/inst/gen_downsizer.gen_simple_downsizer.axi_downsizer_inst/USE_READ.read_addr_inst/cmd_queue/inst/fifo_gen_inst/inst_fifo_gen/gconvfifo.rf/grf.rf/rstblk/ngwrdrst.grst.g7serrst.gnsckt_wrst.gcc_rst.sckt_wr_rst_cc_reg[0]/C
  -------------------------------------------------------------------    -------------------
    SLICE_X51Y121        FDRE (Prop_HFF2_SLICEL_C_Q)
                                                      0.080     2.619 f  top_i/axi_interconnect_0/s00_couplers/auto_ds/inst/gen_downsizer.gen_simple_downsizer.axi_downsizer_inst/USE_READ.read_addr_inst/cmd_queue/inst/fifo_gen_inst/inst_fifo_gen/gconvfifo.rf/grf.rf/rstblk/ngwrdrst.grst.g7serrst.gnsckt_wrst.gcc_rst.sckt_wr_rst_cc_reg[0]/Q
                         net (fo=3, routed)           0.256     2.875    top_i/axi_interconnect_0/s00_couplers/auto_ds/inst/gen_downsizer.gen_simple_downsizer.axi_downsizer_inst/USE_READ.read_addr_inst/cmd_queue/inst/fifo_gen_inst/inst_fifo_gen/gconvfifo.rf/grf.rf/rstblk/ngwrdrst.grst.g7serrst.gnsckt_wrst.gcc_rst.sckt_wr_rst_cc[0]
    SLICE_X51Y121        LUT3 (Prop_F6LUT_SLICEL_I1_O)
                                                      0.123     2.998 f  top_i/axi_interconnect_0/s00_couplers/auto_ds/inst/gen_downsizer.gen_simple_downsizer.axi_downsizer_inst/USE_READ.read_addr_inst/cmd_queue/inst/fifo_gen_inst/inst_fifo_gen/gconvfifo.rf/grf.rf/rstblk/gpregsm1.curr_fwft_state[1]_i_2/O
                         net (fo=32, routed)          0.472     3.471    top_i/axi_interconnect_0/s00_couplers/auto_ds/inst/gen_downsizer.gen_simple_downsizer.axi_downsizer_inst/USE_READ.read_addr_inst/cmd_queue/inst/fifo_gen_inst/inst_fifo_gen/gconvfifo.rf/grf.rf/gntv_or_sync_fifo.gl0.rd/gr1.gr1_int.rfwft/gpregsm1.user_valid_reg_0
    SLICE_X51Y119        FDPE                                         f  top_i/axi_interconnect_0/s00_couplers/auto_ds/inst/gen_downsizer.gen_simple_downsizer.axi_downsizer_inst/USE_READ.read_addr_inst/cmd_queue/inst/fifo_gen_inst/inst_fifo_gen/gconvfifo.rf/grf.rf/gntv_or_sync_fifo.gl0.rd/gr1.gr1_int.rfwft/empty_fwft_fb_o_i_reg/PRE
  -------------------------------------------------------------------    -------------------

                         (clock clk_pl_0 rise edge)
                                                      5.333     5.333 r  
    PS8_X0Y0             PS8                          0.000     5.333 r  top_i/zynq_ps/inst/PS8_i/PLCLK[0]
                         net (fo=1, routed)           0.143     5.476    top_i/zynq_ps/inst/pl_clk_unbuffered[0]
    BUFG_PS_X0Y80        BUFG_PS (Prop_BUFG_PS_I_O)
                                                      0.025     5.501 r  top_i/zynq_ps/inst/buffer_pl_clk_0.PL_CLK_0_BUFG/O
    X2Y2 (CLOCK_ROOT)    net (fo=38649, routed)       2.079     7.580    top_i/axi_interconnect_0/s00_couplers/auto_ds/inst/gen_downsizer.gen_simple_downsizer.axi_downsizer_inst/USE_READ.read_addr_inst/cmd_queue/inst/fifo_gen_inst/inst_fifo_gen/gconvfifo.rf/grf.rf/gntv_or_sync_fifo.gl0.rd/gr1.gr1_int.rfwft/clk
    SLICE_X51Y119        FDPE                                         r  top_i/axi_interconnect_0/s00_couplers/auto_ds/inst/gen_downsizer.gen_simple_downsizer.axi_downsizer_inst/USE_READ.read_addr_inst/cmd_queue/inst/fifo_gen_inst/inst_fifo_gen/gconvfifo.rf/grf.rf/gntv_or_sync_fifo.gl0.rd/gr1.gr1_int.rfwft/empty_fwft_fb_o_i_reg/C
                         clock pessimism              0.132     7.712    
                         clock uncertainty           -0.112     7.600    
    SLICE_X51Y119        FDPE (Recov_DFF2_SLICEL_C_PRE)
                                                     -0.066     7.534    top_i/axi_interconnect_0/s00_couplers/auto_ds/inst/gen_downsizer.gen_simple_downsizer.axi_downsizer_inst/USE_READ.read_addr_inst/cmd_queue/inst/fifo_gen_inst/inst_fifo_gen/gconvfifo.rf/grf.rf/gntv_or_sync_fifo.gl0.rd/gr1.gr1_int.rfwft/empty_fwft_fb_o_i_reg
  -------------------------------------------------------------------
                         required time                          7.534    
                         arrival time                          -3.471    
  -------------------------------------------------------------------
                         slack                                  4.063    

Slack (MET) :             4.063ns  (required time - arrival time)
  Source:                 top_i/axi_interconnect_0/s00_couplers/auto_ds/inst/gen_downsizer.gen_simple_downsizer.axi_downsizer_inst/USE_READ.read_addr_inst/cmd_queue/inst/fifo_gen_inst/inst_fifo_gen/gconvfifo.rf/grf.rf/rstblk/ngwrdrst.grst.g7serrst.gnsckt_wrst.gcc_rst.sckt_wr_rst_cc_reg[0]/C
                            (rising edge-triggered cell FDRE clocked by clk_pl_0  {rise@0.000ns fall@2.667ns period=5.333ns})
  Destination:            top_i/axi_interconnect_0/s00_couplers/auto_ds/inst/gen_downsizer.gen_simple_downsizer.axi_downsizer_inst/USE_READ.read_addr_inst/cmd_queue/inst/fifo_gen_inst/inst_fifo_gen/gconvfifo.rf/grf.rf/gntv_or_sync_fifo.gl0.rd/grss.rsts/ram_empty_fb_i_reg/PRE
                            (recovery check against rising-edge clock clk_pl_0  {rise@0.000ns fall@2.667ns period=5.333ns})
  Path Group:             **async_default**
  Path Type:              Recovery (Max at Slow Process Corner)
  Requirement:            5.333ns  (clk_pl_0 rise@5.333ns - clk_pl_0 rise@0.000ns)
  Data Path Delay:        0.932ns  (logic 0.203ns (21.790%)  route 0.729ns (78.210%))
  Logic Levels:           1  (LUT3=1)
  Clock Path Skew:        -0.160ns (DCD - SCD + CPR)
    Destination Clock Delay (DCD):    2.247ns = ( 7.580 - 5.333 ) 
    Source Clock Delay      (SCD):    2.539ns
    Clock Pessimism Removal (CPR):    0.132ns
  Clock Uncertainty:      0.112ns  ((TSJ^2 + DJ^2)^1/2) / 2 + PE
    Total System Jitter     (TSJ):    0.071ns
    Discrete Jitter          (DJ):    0.213ns
    Phase Error              (PE):    0.000ns
  Clock Net Delay (Source):      2.331ns (routing 0.960ns, distribution 1.371ns)
  Clock Net Delay (Destination): 2.079ns (routing 0.872ns, distribution 1.207ns)

    Location             Delay type                Incr(ns)  Path(ns)    Netlist Resource(s)
  -------------------------------------------------------------------    -------------------
                         (clock clk_pl_0 rise edge)
                                                      0.000     0.000 r  
    PS8_X0Y0             PS8                          0.000     0.000 r  top_i/zynq_ps/inst/PS8_i/PLCLK[0]
                         net (fo=1, routed)           0.180     0.180    top_i/zynq_ps/inst/pl_clk_unbuffered[0]
    BUFG_PS_X0Y80        BUFG_PS (Prop_BUFG_PS_I_O)
                                                      0.028     0.208 r  top_i/zynq_ps/inst/buffer_pl_clk_0.PL_CLK_0_BUFG/O
    X2Y2 (CLOCK_ROOT)    net (fo=38649, routed)       2.331     2.539    top_i/axi_interconnect_0/s00_couplers/auto_ds/inst/gen_downsizer.gen_simple_downsizer.axi_downsizer_inst/USE_READ.read_addr_inst/cmd_queue/inst/fifo_gen_inst/inst_fifo_gen/gconvfifo.rf/grf.rf/rstblk/clk
    SLICE_X51Y121        FDRE                                         r  top_i/axi_interconnect_0/s00_couplers/auto_ds/inst/gen_downsizer.gen_simple_downsizer.axi_downsizer_inst/USE_READ.read_addr_inst/cmd_queue/inst/fifo_gen_inst/inst_fifo_gen/gconvfifo.rf/grf.rf/rstblk/ngwrdrst.grst.g7serrst.gnsckt_wrst.gcc_rst.sckt_wr_rst_cc_reg[0]/C
  -------------------------------------------------------------------    -------------------
    SLICE_X51Y121        FDRE (Prop_HFF2_SLICEL_C_Q)
                                                      0.080     2.619 f  top_i/axi_interconnect_0/s00_couplers/auto_ds/inst/gen_downsizer.gen_simple_downsizer.axi_downsizer_inst/USE_READ.read_addr_inst/cmd_queue/inst/fifo_gen_inst/inst_fifo_gen/gconvfifo.rf/grf.rf/rstblk/ngwrdrst.grst.g7serrst.gnsckt_wrst.gcc_rst.sckt_wr_rst_cc_reg[0]/Q
                         net (fo=3, routed)           0.256     2.875    top_i/axi_interconnect_0/s00_couplers/auto_ds/inst/gen_downsizer.gen_simple_downsizer.axi_downsizer_inst/USE_READ.read_addr_inst/cmd_queue/inst/fifo_gen_inst/inst_fifo_gen/gconvfifo.rf/grf.rf/rstblk/ngwrdrst.grst.g7serrst.gnsckt_wrst.gcc_rst.sckt_wr_rst_cc[0]
    SLICE_X51Y121        LUT3 (Prop_F6LUT_SLICEL_I1_O)
                                                      0.123     2.998 f  top_i/axi_interconnect_0/s00_couplers/auto_ds/inst/gen_downsizer.gen_simple_downsizer.axi_downsizer_inst/USE_READ.read_addr_inst/cmd_queue/inst/fifo_gen_inst/inst_fifo_gen/gconvfifo.rf/grf.rf/rstblk/gpregsm1.curr_fwft_state[1]_i_2/O
                         net (fo=32, routed)          0.472     3.471    top_i/axi_interconnect_0/s00_couplers/auto_ds/inst/gen_downsizer.gen_simple_downsizer.axi_downsizer_inst/USE_READ.read_addr_inst/cmd_queue/inst/fifo_gen_inst/inst_fifo_gen/gconvfifo.rf/grf.rf/gntv_or_sync_fifo.gl0.rd/grss.rsts/ram_empty_i_reg_1
    SLICE_X51Y119        FDPE                                         f  top_i/axi_interconnect_0/s00_couplers/auto_ds/inst/gen_downsizer.gen_simple_downsizer.axi_downsizer_inst/USE_READ.read_addr_inst/cmd_queue/inst/fifo_gen_inst/inst_fifo_gen/gconvfifo.rf/grf.rf/gntv_or_sync_fifo.gl0.rd/grss.rsts/ram_empty_fb_i_reg/PRE
  -------------------------------------------------------------------    -------------------

                         (clock clk_pl_0 rise edge)
                                                      5.333     5.333 r  
    PS8_X0Y0             PS8                          0.000     5.333 r  top_i/zynq_ps/inst/PS8_i/PLCLK[0]
                         net (fo=1, routed)           0.143     5.476    top_i/zynq_ps/inst/pl_clk_unbuffered[0]
    BUFG_PS_X0Y80        BUFG_PS (Prop_BUFG_PS_I_O)
                                                      0.025     5.501 r  top_i/zynq_ps/inst/buffer_pl_clk_0.PL_CLK_0_BUFG/O
    X2Y2 (CLOCK_ROOT)    net (fo=38649, routed)       2.079     7.580    top_i/axi_interconnect_0/s00_couplers/auto_ds/inst/gen_downsizer.gen_simple_downsizer.axi_downsizer_inst/USE_READ.read_addr_inst/cmd_queue/inst/fifo_gen_inst/inst_fifo_gen/gconvfifo.rf/grf.rf/gntv_or_sync_fifo.gl0.rd/grss.rsts/clk
    SLICE_X51Y119        FDPE                                         r  top_i/axi_interconnect_0/s00_couplers/auto_ds/inst/gen_downsizer.gen_simple_downsizer.axi_downsizer_inst/USE_READ.read_addr_inst/cmd_queue/inst/fifo_gen_inst/inst_fifo_gen/gconvfifo.rf/grf.rf/gntv_or_sync_fifo.gl0.rd/grss.rsts/ram_empty_fb_i_reg/C
                         clock pessimism              0.132     7.712    
                         clock uncertainty           -0.112     7.600    
    SLICE_X51Y119        FDPE (Recov_AFF_SLICEL_C_PRE)
                                                     -0.066     7.534    top_i/axi_interconnect_0/s00_couplers/auto_ds/inst/gen_downsizer.gen_simple_downsizer.axi_downsizer_inst/USE_READ.read_addr_inst/cmd_queue/inst/fifo_gen_inst/inst_fifo_gen/gconvfifo.rf/grf.rf/gntv_or_sync_fifo.gl0.rd/grss.rsts/ram_empty_fb_i_reg
  -------------------------------------------------------------------
                         required time                          7.534    
                         arrival time                          -3.471    
  -------------------------------------------------------------------
                         slack                                  4.063    

Slack (MET) :             4.063ns  (required time - arrival time)
  Source:                 top_i/axi_interconnect_0/s00_couplers/auto_ds/inst/gen_downsizer.gen_simple_downsizer.axi_downsizer_inst/USE_READ.read_addr_inst/cmd_queue/inst/fifo_gen_inst/inst_fifo_gen/gconvfifo.rf/grf.rf/rstblk/ngwrdrst.grst.g7serrst.gnsckt_wrst.gcc_rst.sckt_wr_rst_cc_reg[0]/C
                            (rising edge-triggered cell FDRE clocked by clk_pl_0  {rise@0.000ns fall@2.667ns period=5.333ns})
  Destination:            top_i/axi_interconnect_0/s00_couplers/auto_ds/inst/gen_downsizer.gen_simple_downsizer.axi_downsizer_inst/USE_READ.read_addr_inst/cmd_queue/inst/fifo_gen_inst/inst_fifo_gen/gconvfifo.rf/grf.rf/gntv_or_sync_fifo.gl0.rd/grss.rsts/ram_empty_i_reg/PRE
                            (recovery check against rising-edge clock clk_pl_0  {rise@0.000ns fall@2.667ns period=5.333ns})
  Path Group:             **async_default**
  Path Type:              Recovery (Max at Slow Process Corner)
  Requirement:            5.333ns  (clk_pl_0 rise@5.333ns - clk_pl_0 rise@0.000ns)
  Data Path Delay:        0.932ns  (logic 0.203ns (21.790%)  route 0.729ns (78.210%))
  Logic Levels:           1  (LUT3=1)
  Clock Path Skew:        -0.160ns (DCD - SCD + CPR)
    Destination Clock Delay (DCD):    2.247ns = ( 7.580 - 5.333 ) 
    Source Clock Delay      (SCD):    2.539ns
    Clock Pessimism Removal (CPR):    0.132ns
  Clock Uncertainty:      0.112ns  ((TSJ^2 + DJ^2)^1/2) / 2 + PE
    Total System Jitter     (TSJ):    0.071ns
    Discrete Jitter          (DJ):    0.213ns
    Phase Error              (PE):    0.000ns
  Clock Net Delay (Source):      2.331ns (routing 0.960ns, distribution 1.371ns)
  Clock Net Delay (Destination): 2.079ns (routing 0.872ns, distribution 1.207ns)

    Location             Delay type                Incr(ns)  Path(ns)    Netlist Resource(s)
  -------------------------------------------------------------------    -------------------
                         (clock clk_pl_0 rise edge)
                                                      0.000     0.000 r  
    PS8_X0Y0             PS8                          0.000     0.000 r  top_i/zynq_ps/inst/PS8_i/PLCLK[0]
                         net (fo=1, routed)           0.180     0.180    top_i/zynq_ps/inst/pl_clk_unbuffered[0]
    BUFG_PS_X0Y80        BUFG_PS (Prop_BUFG_PS_I_O)
                                                      0.028     0.208 r  top_i/zynq_ps/inst/buffer_pl_clk_0.PL_CLK_0_BUFG/O
    X2Y2 (CLOCK_ROOT)    net (fo=38649, routed)       2.331     2.539    top_i/axi_interconnect_0/s00_couplers/auto_ds/inst/gen_downsizer.gen_simple_downsizer.axi_downsizer_inst/USE_READ.read_addr_inst/cmd_queue/inst/fifo_gen_inst/inst_fifo_gen/gconvfifo.rf/grf.rf/rstblk/clk
    SLICE_X51Y121        FDRE                                         r  top_i/axi_interconnect_0/s00_couplers/auto_ds/inst/gen_downsizer.gen_simple_downsizer.axi_downsizer_inst/USE_READ.read_addr_inst/cmd_queue/inst/fifo_gen_inst/inst_fifo_gen/gconvfifo.rf/grf.rf/rstblk/ngwrdrst.grst.g7serrst.gnsckt_wrst.gcc_rst.sckt_wr_rst_cc_reg[0]/C
  -------------------------------------------------------------------    -------------------
    SLICE_X51Y121        FDRE (Prop_HFF2_SLICEL_C_Q)
                                                      0.080     2.619 f  top_i/axi_interconnect_0/s00_couplers/auto_ds/inst/gen_downsizer.gen_simple_downsizer.axi_downsizer_inst/USE_READ.read_addr_inst/cmd_queue/inst/fifo_gen_inst/inst_fifo_gen/gconvfifo.rf/grf.rf/rstblk/ngwrdrst.grst.g7serrst.gnsckt_wrst.gcc_rst.sckt_wr_rst_cc_reg[0]/Q
                         net (fo=3, routed)           0.256     2.875    top_i/axi_interconnect_0/s00_couplers/auto_ds/inst/gen_downsizer.gen_simple_downsizer.axi_downsizer_inst/USE_READ.read_addr_inst/cmd_queue/inst/fifo_gen_inst/inst_fifo_gen/gconvfifo.rf/grf.rf/rstblk/ngwrdrst.grst.g7serrst.gnsckt_wrst.gcc_rst.sckt_wr_rst_cc[0]
    SLICE_X51Y121        LUT3 (Prop_F6LUT_SLICEL_I1_O)
                                                      0.123     2.998 f  top_i/axi_interconnect_0/s00_couplers/auto_ds/inst/gen_downsizer.gen_simple_downsizer.axi_downsizer_inst/USE_READ.read_addr_inst/cmd_queue/inst/fifo_gen_inst/inst_fifo_gen/gconvfifo.rf/grf.rf/rstblk/gpregsm1.curr_fwft_state[1]_i_2/O
                         net (fo=32, routed)          0.472     3.471    top_i/axi_interconnect_0/s00_couplers/auto_ds/inst/gen_downsizer.gen_simple_downsizer.axi_downsizer_inst/USE_READ.read_addr_inst/cmd_queue/inst/fifo_gen_inst/inst_fifo_gen/gconvfifo.rf/grf.rf/gntv_or_sync_fifo.gl0.rd/grss.rsts/ram_empty_i_reg_1
    SLICE_X51Y119        FDPE                                         f  top_i/axi_interconnect_0/s00_couplers/auto_ds/inst/gen_downsizer.gen_simple_downsizer.axi_downsizer_inst/USE_READ.read_addr_inst/cmd_queue/inst/fifo_gen_inst/inst_fifo_gen/gconvfifo.rf/grf.rf/gntv_or_sync_fifo.gl0.rd/grss.rsts/ram_empty_i_reg/PRE
  -------------------------------------------------------------------    -------------------

                         (clock clk_pl_0 rise edge)
                                                      5.333     5.333 r  
    PS8_X0Y0             PS8                          0.000     5.333 r  top_i/zynq_ps/inst/PS8_i/PLCLK[0]
                         net (fo=1, routed)           0.143     5.476    top_i/zynq_ps/inst/pl_clk_unbuffered[0]
    BUFG_PS_X0Y80        BUFG_PS (Prop_BUFG_PS_I_O)
                                                      0.025     5.501 r  top_i/zynq_ps/inst/buffer_pl_clk_0.PL_CLK_0_BUFG/O
    X2Y2 (CLOCK_ROOT)    net (fo=38649, routed)       2.079     7.580    top_i/axi_interconnect_0/s00_couplers/auto_ds/inst/gen_downsizer.gen_simple_downsizer.axi_downsizer_inst/USE_READ.read_addr_inst/cmd_queue/inst/fifo_gen_inst/inst_fifo_gen/gconvfifo.rf/grf.rf/gntv_or_sync_fifo.gl0.rd/grss.rsts/clk
    SLICE_X51Y119        FDPE                                         r  top_i/axi_interconnect_0/s00_couplers/auto_ds/inst/gen_downsizer.gen_simple_downsizer.axi_downsizer_inst/USE_READ.read_addr_inst/cmd_queue/inst/fifo_gen_inst/inst_fifo_gen/gconvfifo.rf/grf.rf/gntv_or_sync_fifo.gl0.rd/grss.rsts/ram_empty_i_reg/C
                         clock pessimism              0.132     7.712    
                         clock uncertainty           -0.112     7.600    
    SLICE_X51Y119        FDPE (Recov_AFF2_SLICEL_C_PRE)
                                                     -0.066     7.534    top_i/axi_interconnect_0/s00_couplers/auto_ds/inst/gen_downsizer.gen_simple_downsizer.axi_downsizer_inst/USE_READ.read_addr_inst/cmd_queue/inst/fifo_gen_inst/inst_fifo_gen/gconvfifo.rf/grf.rf/gntv_or_sync_fifo.gl0.rd/grss.rsts/ram_empty_i_reg
  -------------------------------------------------------------------
                         required time                          7.534    
                         arrival time                          -3.471    
  -------------------------------------------------------------------
                         slack                                  4.063    

Slack (MET) :             4.063ns  (required time - arrival time)
  Source:                 top_i/axi_interconnect_0/s00_couplers/auto_ds/inst/gen_downsizer.gen_simple_downsizer.axi_downsizer_inst/USE_READ.read_addr_inst/cmd_queue/inst/fifo_gen_inst/inst_fifo_gen/gconvfifo.rf/grf.rf/rstblk/ngwrdrst.grst.g7serrst.gnsckt_wrst.gcc_rst.sckt_wr_rst_cc_reg[0]/C
                            (rising edge-triggered cell FDRE clocked by clk_pl_0  {rise@0.000ns fall@2.667ns period=5.333ns})
  Destination:            top_i/axi_interconnect_0/s00_couplers/auto_ds/inst/gen_downsizer.gen_simple_downsizer.axi_downsizer_inst/USE_READ.read_addr_inst/cmd_queue/inst/fifo_gen_inst/inst_fifo_gen/gconvfifo.rf/grf.rf/gntv_or_sync_fifo.gl0.wr/gwss.wsts/ram_full_fb_i_reg/CLR
                            (recovery check against rising-edge clock clk_pl_0  {rise@0.000ns fall@2.667ns period=5.333ns})
  Path Group:             **async_default**
  Path Type:              Recovery (Max at Slow Process Corner)
  Requirement:            5.333ns  (clk_pl_0 rise@5.333ns - clk_pl_0 rise@0.000ns)
  Data Path Delay:        0.932ns  (logic 0.203ns (21.790%)  route 0.729ns (78.210%))
  Logic Levels:           1  (LUT3=1)
  Clock Path Skew:        -0.160ns (DCD - SCD + CPR)
    Destination Clock Delay (DCD):    2.247ns = ( 7.580 - 5.333 ) 
    Source Clock Delay      (SCD):    2.539ns
    Clock Pessimism Removal (CPR):    0.132ns
  Clock Uncertainty:      0.112ns  ((TSJ^2 + DJ^2)^1/2) / 2 + PE
    Total System Jitter     (TSJ):    0.071ns
    Discrete Jitter          (DJ):    0.213ns
    Phase Error              (PE):    0.000ns
  Clock Net Delay (Source):      2.331ns (routing 0.960ns, distribution 1.371ns)
  Clock Net Delay (Destination): 2.079ns (routing 0.872ns, distribution 1.207ns)

    Location             Delay type                Incr(ns)  Path(ns)    Netlist Resource(s)
  -------------------------------------------------------------------    -------------------
                         (clock clk_pl_0 rise edge)
                                                      0.000     0.000 r  
    PS8_X0Y0             PS8                          0.000     0.000 r  top_i/zynq_ps/inst/PS8_i/PLCLK[0]
                         net (fo=1, routed)           0.180     0.180    top_i/zynq_ps/inst/pl_clk_unbuffered[0]
    BUFG_PS_X0Y80        BUFG_PS (Prop_BUFG_PS_I_O)
                                                      0.028     0.208 r  top_i/zynq_ps/inst/buffer_pl_clk_0.PL_CLK_0_BUFG/O
    X2Y2 (CLOCK_ROOT)    net (fo=38649, routed)       2.331     2.539    top_i/axi_interconnect_0/s00_couplers/auto_ds/inst/gen_downsizer.gen_simple_downsizer.axi_downsizer_inst/USE_READ.read_addr_inst/cmd_queue/inst/fifo_gen_inst/inst_fifo_gen/gconvfifo.rf/grf.rf/rstblk/clk
    SLICE_X51Y121        FDRE                                         r  top_i/axi_interconnect_0/s00_couplers/auto_ds/inst/gen_downsizer.gen_simple_downsizer.axi_downsizer_inst/USE_READ.read_addr_inst/cmd_queue/inst/fifo_gen_inst/inst_fifo_gen/gconvfifo.rf/grf.rf/rstblk/ngwrdrst.grst.g7serrst.gnsckt_wrst.gcc_rst.sckt_wr_rst_cc_reg[0]/C
  -------------------------------------------------------------------    -------------------
    SLICE_X51Y121        FDRE (Prop_HFF2_SLICEL_C_Q)
                                                      0.080     2.619 f  top_i/axi_interconnect_0/s00_couplers/auto_ds/inst/gen_downsizer.gen_simple_downsizer.axi_downsizer_inst/USE_READ.read_addr_inst/cmd_queue/inst/fifo_gen_inst/inst_fifo_gen/gconvfifo.rf/grf.rf/rstblk/ngwrdrst.grst.g7serrst.gnsckt_wrst.gcc_rst.sckt_wr_rst_cc_reg[0]/Q
                         net (fo=3, routed)           0.256     2.875    top_i/axi_interconnect_0/s00_couplers/auto_ds/inst/gen_downsizer.gen_simple_downsizer.axi_downsizer_inst/USE_READ.read_addr_inst/cmd_queue/inst/fifo_gen_inst/inst_fifo_gen/gconvfifo.rf/grf.rf/rstblk/ngwrdrst.grst.g7serrst.gnsckt_wrst.gcc_rst.sckt_wr_rst_cc[0]
    SLICE_X51Y121        LUT3 (Prop_F6LUT_SLICEL_I1_O)
                                                      0.123     2.998 f  top_i/axi_interconnect_0/s00_couplers/auto_ds/inst/gen_downsizer.gen_simple_downsizer.axi_downsizer_inst/USE_READ.read_addr_inst/cmd_queue/inst/fifo_gen_inst/inst_fifo_gen/gconvfifo.rf/grf.rf/rstblk/gpregsm1.curr_fwft_state[1]_i_2/O
                         net (fo=32, routed)          0.472     3.471    top_i/axi_interconnect_0/s00_couplers/auto_ds/inst/gen_downsizer.gen_simple_downsizer.axi_downsizer_inst/USE_READ.read_addr_inst/cmd_queue/inst/fifo_gen_inst/inst_fifo_gen/gconvfifo.rf/grf.rf/gntv_or_sync_fifo.gl0.wr/gwss.wsts/AR[0]
    SLICE_X51Y119        FDCE                                         f  top_i/axi_interconnect_0/s00_couplers/auto_ds/inst/gen_downsizer.gen_simple_downsizer.axi_downsizer_inst/USE_READ.read_addr_inst/cmd_queue/inst/fifo_gen_inst/inst_fifo_gen/gconvfifo.rf/grf.rf/gntv_or_sync_fifo.gl0.wr/gwss.wsts/ram_full_fb_i_reg/CLR
  -------------------------------------------------------------------    -------------------

                         (clock clk_pl_0 rise edge)
                                                      5.333     5.333 r  
    PS8_X0Y0             PS8                          0.000     5.333 r  top_i/zynq_ps/inst/PS8_i/PLCLK[0]
                         net (fo=1, routed)           0.143     5.476    top_i/zynq_ps/inst/pl_clk_unbuffered[0]
    BUFG_PS_X0Y80        BUFG_PS (Prop_BUFG_PS_I_O)
                                                      0.025     5.501 r  top_i/zynq_ps/inst/buffer_pl_clk_0.PL_CLK_0_BUFG/O
    X2Y2 (CLOCK_ROOT)    net (fo=38649, routed)       2.079     7.580    top_i/axi_interconnect_0/s00_couplers/auto_ds/inst/gen_downsizer.gen_simple_downsizer.axi_downsizer_inst/USE_READ.read_addr_inst/cmd_queue/inst/fifo_gen_inst/inst_fifo_gen/gconvfifo.rf/grf.rf/gntv_or_sync_fifo.gl0.wr/gwss.wsts/clk
    SLICE_X51Y119        FDCE                                         r  top_i/axi_interconnect_0/s00_couplers/auto_ds/inst/gen_downsizer.gen_simple_downsizer.axi_downsizer_inst/USE_READ.read_addr_inst/cmd_queue/inst/fifo_gen_inst/inst_fifo_gen/gconvfifo.rf/grf.rf/gntv_or_sync_fifo.gl0.wr/gwss.wsts/ram_full_fb_i_reg/C
                         clock pessimism              0.132     7.712    
                         clock uncertainty           -0.112     7.600    
    SLICE_X51Y119        FDCE (Recov_BFF_SLICEL_C_CLR)
                                                     -0.066     7.534    top_i/axi_interconnect_0/s00_couplers/auto_ds/inst/gen_downsizer.gen_simple_downsizer.axi_downsizer_inst/USE_READ.read_addr_inst/cmd_queue/inst/fifo_gen_inst/inst_fifo_gen/gconvfifo.rf/grf.rf/gntv_or_sync_fifo.gl0.wr/gwss.wsts/ram_full_fb_i_reg
  -------------------------------------------------------------------
                         required time                          7.534    
                         arrival time                          -3.471    
  -------------------------------------------------------------------
                         slack                                  4.063    





Min Delay Paths
--------------------------------------------------------------------------------------
Slack (MET) :             0.180ns  (arrival time - required time)
  Source:                 top_i/axi_interconnect_0/s00_couplers/auto_ds/inst/gen_downsizer.gen_simple_downsizer.axi_downsizer_inst/USE_WRITE.write_addr_inst/USE_B_CHANNEL.cmd_b_queue/inst/fifo_gen_inst/inst_fifo_gen/gconvfifo.rf/grf.rf/rstblk/ngwrdrst.grst.g7serrst.gnsckt_wrst.rst_wr_reg2_inst/arststages_ff_reg[1]/C
                            (rising edge-triggered cell FDPE clocked by clk_pl_0  {rise@0.000ns fall@2.667ns period=5.333ns})
  Destination:            top_i/axi_interconnect_0/s00_couplers/auto_ds/inst/gen_downsizer.gen_simple_downsizer.axi_downsizer_inst/USE_WRITE.write_addr_inst/USE_B_CHANNEL.cmd_b_queue/inst/fifo_gen_inst/inst_fifo_gen/gconvfifo.rf/grf.rf/gntv_or_sync_fifo.gl0.rd/grss.rsts/ram_empty_fb_i_reg/PRE
                            (removal check against rising-edge clock clk_pl_0  {rise@0.000ns fall@2.667ns period=5.333ns})
  Path Group:             **async_default**
  Path Type:              Removal (Min at Fast Process Corner)
  Requirement:            0.000ns  (clk_pl_0 rise@0.000ns - clk_pl_0 rise@0.000ns)
  Data Path Delay:        0.213ns  (logic 0.053ns (24.897%)  route 0.160ns (75.103%))
  Logic Levels:           1  (LUT3=1)
  Clock Path Skew:        0.053ns (DCD - SCD - CPR)
    Destination Clock Delay (DCD):    1.576ns
    Source Clock Delay      (SCD):    1.386ns
    Clock Pessimism Removal (CPR):    0.138ns
  Clock Net Delay (Source):      1.247ns (routing 0.519ns, distribution 0.728ns)
  Clock Net Delay (Destination): 1.404ns (routing 0.581ns, distribution 0.823ns)

    Location             Delay type                Incr(ns)  Path(ns)    Netlist Resource(s)
  -------------------------------------------------------------------    -------------------
                         (clock clk_pl_0 rise edge)
                                                      0.000     0.000 r  
    PS8_X0Y0             PS8                          0.000     0.000 r  top_i/zynq_ps/inst/PS8_i/PLCLK[0]
                         net (fo=1, routed)           0.122     0.122    top_i/zynq_ps/inst/pl_clk_unbuffered[0]
    BUFG_PS_X0Y80        BUFG_PS (Prop_BUFG_PS_I_O)
                                                      0.017     0.139 r  top_i/zynq_ps/inst/buffer_pl_clk_0.PL_CLK_0_BUFG/O
    X2Y2 (CLOCK_ROOT)    net (fo=38649, routed)       1.247     1.386    top_i/axi_interconnect_0/s00_couplers/auto_ds/inst/gen_downsizer.gen_simple_downsizer.axi_downsizer_inst/USE_WRITE.write_addr_inst/USE_B_CHANNEL.cmd_b_queue/inst/fifo_gen_inst/inst_fifo_gen/gconvfifo.rf/grf.rf/rstblk/ngwrdrst.grst.g7serrst.gnsckt_wrst.rst_wr_reg2_inst/dest_clk
    SLICE_X53Y151        FDPE                                         r  top_i/axi_interconnect_0/s00_couplers/auto_ds/inst/gen_downsizer.gen_simple_downsizer.axi_downsizer_inst/USE_WRITE.write_addr_inst/USE_B_CHANNEL.cmd_b_queue/inst/fifo_gen_inst/inst_fifo_gen/gconvfifo.rf/grf.rf/rstblk/ngwrdrst.grst.g7serrst.gnsckt_wrst.rst_wr_reg2_inst/arststages_ff_reg[1]/C
  -------------------------------------------------------------------    -------------------
    SLICE_X53Y151        FDPE (Prop_AFF2_SLICEM_C_Q)
                                                      0.039     1.425 f  top_i/axi_interconnect_0/s00_couplers/auto_ds/inst/gen_downsizer.gen_simple_downsizer.axi_downsizer_inst/USE_WRITE.write_addr_inst/USE_B_CHANNEL.cmd_b_queue/inst/fifo_gen_inst/inst_fifo_gen/gconvfifo.rf/grf.rf/rstblk/ngwrdrst.grst.g7serrst.gnsckt_wrst.rst_wr_reg2_inst/arststages_ff_reg[1]/Q
                         net (fo=3, routed)           0.055     1.480    top_i/axi_interconnect_0/s00_couplers/auto_ds/inst/gen_downsizer.gen_simple_downsizer.axi_downsizer_inst/USE_WRITE.write_addr_inst/USE_B_CHANNEL.cmd_b_queue/inst/fifo_gen_inst/inst_fifo_gen/gconvfifo.rf/grf.rf/rstblk/ngwrdrst.rst_wr_reg2
    SLICE_X53Y152        LUT3 (Prop_E6LUT_SLICEM_I2_O)
                                                      0.014     1.494 f  top_i/axi_interconnect_0/s00_couplers/auto_ds/inst/gen_downsizer.gen_simple_downsizer.axi_downsizer_inst/USE_WRITE.write_addr_inst/USE_B_CHANNEL.cmd_b_queue/inst/fifo_gen_inst/inst_fifo_gen/gconvfifo.rf/grf.rf/rstblk/gpregsm1.curr_fwft_state[1]_i_2/O
                         net (fo=32, routed)          0.105     1.598    top_i/axi_interconnect_0/s00_couplers/auto_ds/inst/gen_downsizer.gen_simple_downsizer.axi_downsizer_inst/USE_WRITE.write_addr_inst/USE_B_CHANNEL.cmd_b_queue/inst/fifo_gen_inst/inst_fifo_gen/gconvfifo.rf/grf.rf/gntv_or_sync_fifo.gl0.rd/grss.rsts/ram_empty_i_reg_1
    SLICE_X52Y152        FDPE                                         f  top_i/axi_interconnect_0/s00_couplers/auto_ds/inst/gen_downsizer.gen_simple_downsizer.axi_downsizer_inst/USE_WRITE.write_addr_inst/USE_B_CHANNEL.cmd_b_queue/inst/fifo_gen_inst/inst_fifo_gen/gconvfifo.rf/grf.rf/gntv_or_sync_fifo.gl0.rd/grss.rsts/ram_empty_fb_i_reg/PRE
  -------------------------------------------------------------------    -------------------

                         (clock clk_pl_0 rise edge)
                                                      0.000     0.000 r  
    PS8_X0Y0             PS8                          0.000     0.000 r  top_i/zynq_ps/inst/PS8_i/PLCLK[0]
                         net (fo=1, routed)           0.154     0.154    top_i/zynq_ps/inst/pl_clk_unbuffered[0]
    BUFG_PS_X0Y80        BUFG_PS (Prop_BUFG_PS_I_O)
                                                      0.018     0.172 r  top_i/zynq_ps/inst/buffer_pl_clk_0.PL_CLK_0_BUFG/O
    X2Y2 (CLOCK_ROOT)    net (fo=38649, routed)       1.404     1.576    top_i/axi_interconnect_0/s00_couplers/auto_ds/inst/gen_downsizer.gen_simple_downsizer.axi_downsizer_inst/USE_WRITE.write_addr_inst/USE_B_CHANNEL.cmd_b_queue/inst/fifo_gen_inst/inst_fifo_gen/gconvfifo.rf/grf.rf/gntv_or_sync_fifo.gl0.rd/grss.rsts/clk
    SLICE_X52Y152        FDPE                                         r  top_i/axi_interconnect_0/s00_couplers/auto_ds/inst/gen_downsizer.gen_simple_downsizer.axi_downsizer_inst/USE_WRITE.write_addr_inst/USE_B_CHANNEL.cmd_b_queue/inst/fifo_gen_inst/inst_fifo_gen/gconvfifo.rf/grf.rf/gntv_or_sync_fifo.gl0.rd/grss.rsts/ram_empty_fb_i_reg/C
                         clock pessimism             -0.138     1.439    
    SLICE_X52Y152        FDPE (Remov_HFF_SLICEL_C_PRE)
                                                     -0.020     1.419    top_i/axi_interconnect_0/s00_couplers/auto_ds/inst/gen_downsizer.gen_simple_downsizer.axi_downsizer_inst/USE_WRITE.write_addr_inst/USE_B_CHANNEL.cmd_b_queue/inst/fifo_gen_inst/inst_fifo_gen/gconvfifo.rf/grf.rf/gntv_or_sync_fifo.gl0.rd/grss.rsts/ram_empty_fb_i_reg
  -------------------------------------------------------------------
                         required time                         -1.419    
                         arrival time                           1.598    
  -------------------------------------------------------------------
                         slack                                  0.180    

Slack (MET) :             0.180ns  (arrival time - required time)
  Source:                 top_i/axi_interconnect_0/s00_couplers/auto_ds/inst/gen_downsizer.gen_simple_downsizer.axi_downsizer_inst/USE_WRITE.write_addr_inst/USE_B_CHANNEL.cmd_b_queue/inst/fifo_gen_inst/inst_fifo_gen/gconvfifo.rf/grf.rf/rstblk/ngwrdrst.grst.g7serrst.gnsckt_wrst.rst_wr_reg2_inst/arststages_ff_reg[1]/C
                            (rising edge-triggered cell FDPE clocked by clk_pl_0  {rise@0.000ns fall@2.667ns period=5.333ns})
  Destination:            top_i/axi_interconnect_0/s00_couplers/auto_ds/inst/gen_downsizer.gen_simple_downsizer.axi_downsizer_inst/USE_WRITE.write_addr_inst/USE_B_CHANNEL.cmd_b_queue/inst/fifo_gen_inst/inst_fifo_gen/gconvfifo.rf/grf.rf/gntv_or_sync_fifo.gl0.rd/grss.rsts/ram_empty_i_reg/PRE
                            (removal check against rising-edge clock clk_pl_0  {rise@0.000ns fall@2.667ns period=5.333ns})
  Path Group:             **async_default**
  Path Type:              Removal (Min at Fast Process Corner)
  Requirement:            0.000ns  (clk_pl_0 rise@0.000ns - clk_pl_0 rise@0.000ns)
  Data Path Delay:        0.213ns  (logic 0.053ns (24.897%)  route 0.160ns (75.103%))
  Logic Levels:           1  (LUT3=1)
  Clock Path Skew:        0.053ns (DCD - SCD - CPR)
    Destination Clock Delay (DCD):    1.576ns
    Source Clock Delay      (SCD):    1.386ns
    Clock Pessimism Removal (CPR):    0.138ns
  Clock Net Delay (Source):      1.247ns (routing 0.519ns, distribution 0.728ns)
  Clock Net Delay (Destination): 1.404ns (routing 0.581ns, distribution 0.823ns)

    Location             Delay type                Incr(ns)  Path(ns)    Netlist Resource(s)
  -------------------------------------------------------------------    -------------------
                         (clock clk_pl_0 rise edge)
                                                      0.000     0.000 r  
    PS8_X0Y0             PS8                          0.000     0.000 r  top_i/zynq_ps/inst/PS8_i/PLCLK[0]
                         net (fo=1, routed)           0.122     0.122    top_i/zynq_ps/inst/pl_clk_unbuffered[0]
    BUFG_PS_X0Y80        BUFG_PS (Prop_BUFG_PS_I_O)
                                                      0.017     0.139 r  top_i/zynq_ps/inst/buffer_pl_clk_0.PL_CLK_0_BUFG/O
    X2Y2 (CLOCK_ROOT)    net (fo=38649, routed)       1.247     1.386    top_i/axi_interconnect_0/s00_couplers/auto_ds/inst/gen_downsizer.gen_simple_downsizer.axi_downsizer_inst/USE_WRITE.write_addr_inst/USE_B_CHANNEL.cmd_b_queue/inst/fifo_gen_inst/inst_fifo_gen/gconvfifo.rf/grf.rf/rstblk/ngwrdrst.grst.g7serrst.gnsckt_wrst.rst_wr_reg2_inst/dest_clk
    SLICE_X53Y151        FDPE                                         r  top_i/axi_interconnect_0/s00_couplers/auto_ds/inst/gen_downsizer.gen_simple_downsizer.axi_downsizer_inst/USE_WRITE.write_addr_inst/USE_B_CHANNEL.cmd_b_queue/inst/fifo_gen_inst/inst_fifo_gen/gconvfifo.rf/grf.rf/rstblk/ngwrdrst.grst.g7serrst.gnsckt_wrst.rst_wr_reg2_inst/arststages_ff_reg[1]/C
  -------------------------------------------------------------------    -------------------
    SLICE_X53Y151        FDPE (Prop_AFF2_SLICEM_C_Q)
                                                      0.039     1.425 f  top_i/axi_interconnect_0/s00_couplers/auto_ds/inst/gen_downsizer.gen_simple_downsizer.axi_downsizer_inst/USE_WRITE.write_addr_inst/USE_B_CHANNEL.cmd_b_queue/inst/fifo_gen_inst/inst_fifo_gen/gconvfifo.rf/grf.rf/rstblk/ngwrdrst.grst.g7serrst.gnsckt_wrst.rst_wr_reg2_inst/arststages_ff_reg[1]/Q
                         net (fo=3, routed)           0.055     1.480    top_i/axi_interconnect_0/s00_couplers/auto_ds/inst/gen_downsizer.gen_simple_downsizer.axi_downsizer_inst/USE_WRITE.write_addr_inst/USE_B_CHANNEL.cmd_b_queue/inst/fifo_gen_inst/inst_fifo_gen/gconvfifo.rf/grf.rf/rstblk/ngwrdrst.rst_wr_reg2
    SLICE_X53Y152        LUT3 (Prop_E6LUT_SLICEM_I2_O)
                                                      0.014     1.494 f  top_i/axi_interconnect_0/s00_couplers/auto_ds/inst/gen_downsizer.gen_simple_downsizer.axi_downsizer_inst/USE_WRITE.write_addr_inst/USE_B_CHANNEL.cmd_b_queue/inst/fifo_gen_inst/inst_fifo_gen/gconvfifo.rf/grf.rf/rstblk/gpregsm1.curr_fwft_state[1]_i_2/O
                         net (fo=32, routed)          0.105     1.598    top_i/axi_interconnect_0/s00_couplers/auto_ds/inst/gen_downsizer.gen_simple_downsizer.axi_downsizer_inst/USE_WRITE.write_addr_inst/USE_B_CHANNEL.cmd_b_queue/inst/fifo_gen_inst/inst_fifo_gen/gconvfifo.rf/grf.rf/gntv_or_sync_fifo.gl0.rd/grss.rsts/ram_empty_i_reg_1
    SLICE_X52Y152        FDPE                                         f  top_i/axi_interconnect_0/s00_couplers/auto_ds/inst/gen_downsizer.gen_simple_downsizer.axi_downsizer_inst/USE_WRITE.write_addr_inst/USE_B_CHANNEL.cmd_b_queue/inst/fifo_gen_inst/inst_fifo_gen/gconvfifo.rf/grf.rf/gntv_or_sync_fifo.gl0.rd/grss.rsts/ram_empty_i_reg/PRE
  -------------------------------------------------------------------    -------------------

                         (clock clk_pl_0 rise edge)
                                                      0.000     0.000 r  
    PS8_X0Y0             PS8                          0.000     0.000 r  top_i/zynq_ps/inst/PS8_i/PLCLK[0]
                         net (fo=1, routed)           0.154     0.154    top_i/zynq_ps/inst/pl_clk_unbuffered[0]
    BUFG_PS_X0Y80        BUFG_PS (Prop_BUFG_PS_I_O)
                                                      0.018     0.172 r  top_i/zynq_ps/inst/buffer_pl_clk_0.PL_CLK_0_BUFG/O
    X2Y2 (CLOCK_ROOT)    net (fo=38649, routed)       1.404     1.576    top_i/axi_interconnect_0/s00_couplers/auto_ds/inst/gen_downsizer.gen_simple_downsizer.axi_downsizer_inst/USE_WRITE.write_addr_inst/USE_B_CHANNEL.cmd_b_queue/inst/fifo_gen_inst/inst_fifo_gen/gconvfifo.rf/grf.rf/gntv_or_sync_fifo.gl0.rd/grss.rsts/clk
    SLICE_X52Y152        FDPE                                         r  top_i/axi_interconnect_0/s00_couplers/auto_ds/inst/gen_downsizer.gen_simple_downsizer.axi_downsizer_inst/USE_WRITE.write_addr_inst/USE_B_CHANNEL.cmd_b_queue/inst/fifo_gen_inst/inst_fifo_gen/gconvfifo.rf/grf.rf/gntv_or_sync_fifo.gl0.rd/grss.rsts/ram_empty_i_reg/C
                         clock pessimism             -0.138     1.439    
    SLICE_X52Y152        FDPE (Remov_GFF_SLICEL_C_PRE)
                                                     -0.020     1.419    top_i/axi_interconnect_0/s00_couplers/auto_ds/inst/gen_downsizer.gen_simple_downsizer.axi_downsizer_inst/USE_WRITE.write_addr_inst/USE_B_CHANNEL.cmd_b_queue/inst/fifo_gen_inst/inst_fifo_gen/gconvfifo.rf/grf.rf/gntv_or_sync_fifo.gl0.rd/grss.rsts/ram_empty_i_reg
  -------------------------------------------------------------------
                         required time                         -1.419    
                         arrival time                           1.598    
  -------------------------------------------------------------------
                         slack                                  0.180    

Slack (MET) :             0.180ns  (arrival time - required time)
  Source:                 top_i/axi_interconnect_0/s00_couplers/auto_ds/inst/gen_downsizer.gen_simple_downsizer.axi_downsizer_inst/USE_WRITE.write_addr_inst/USE_B_CHANNEL.cmd_b_queue/inst/fifo_gen_inst/inst_fifo_gen/gconvfifo.rf/grf.rf/rstblk/ngwrdrst.grst.g7serrst.gnsckt_wrst.rst_wr_reg2_inst/arststages_ff_reg[1]/C
                            (rising edge-triggered cell FDPE clocked by clk_pl_0  {rise@0.000ns fall@2.667ns period=5.333ns})
  Destination:            top_i/axi_interconnect_0/s00_couplers/auto_ds/inst/gen_downsizer.gen_simple_downsizer.axi_downsizer_inst/USE_WRITE.write_addr_inst/USE_B_CHANNEL.cmd_b_queue/inst/fifo_gen_inst/inst_fifo_gen/gconvfifo.rf/grf.rf/gntv_or_sync_fifo.gl0.wr/gwss.wsts/ram_full_fb_i_reg/CLR
                            (removal check against rising-edge clock clk_pl_0  {rise@0.000ns fall@2.667ns period=5.333ns})
  Path Group:             **async_default**
  Path Type:              Removal (Min at Fast Process Corner)
  Requirement:            0.000ns  (clk_pl_0 rise@0.000ns - clk_pl_0 rise@0.000ns)
  Data Path Delay:        0.213ns  (logic 0.053ns (24.897%)  route 0.160ns (75.103%))
  Logic Levels:           1  (LUT3=1)
  Clock Path Skew:        0.053ns (DCD - SCD - CPR)
    Destination Clock Delay (DCD):    1.576ns
    Source Clock Delay      (SCD):    1.386ns
    Clock Pessimism Removal (CPR):    0.138ns
  Clock Net Delay (Source):      1.247ns (routing 0.519ns, distribution 0.728ns)
  Clock Net Delay (Destination): 1.404ns (routing 0.581ns, distribution 0.823ns)

    Location             Delay type                Incr(ns)  Path(ns)    Netlist Resource(s)
  -------------------------------------------------------------------    -------------------
                         (clock clk_pl_0 rise edge)
                                                      0.000     0.000 r  
    PS8_X0Y0             PS8                          0.000     0.000 r  top_i/zynq_ps/inst/PS8_i/PLCLK[0]
                         net (fo=1, routed)           0.122     0.122    top_i/zynq_ps/inst/pl_clk_unbuffered[0]
    BUFG_PS_X0Y80        BUFG_PS (Prop_BUFG_PS_I_O)
                                                      0.017     0.139 r  top_i/zynq_ps/inst/buffer_pl_clk_0.PL_CLK_0_BUFG/O
    X2Y2 (CLOCK_ROOT)    net (fo=38649, routed)       1.247     1.386    top_i/axi_interconnect_0/s00_couplers/auto_ds/inst/gen_downsizer.gen_simple_downsizer.axi_downsizer_inst/USE_WRITE.write_addr_inst/USE_B_CHANNEL.cmd_b_queue/inst/fifo_gen_inst/inst_fifo_gen/gconvfifo.rf/grf.rf/rstblk/ngwrdrst.grst.g7serrst.gnsckt_wrst.rst_wr_reg2_inst/dest_clk
    SLICE_X53Y151        FDPE                                         r  top_i/axi_interconnect_0/s00_couplers/auto_ds/inst/gen_downsizer.gen_simple_downsizer.axi_downsizer_inst/USE_WRITE.write_addr_inst/USE_B_CHANNEL.cmd_b_queue/inst/fifo_gen_inst/inst_fifo_gen/gconvfifo.rf/grf.rf/rstblk/ngwrdrst.grst.g7serrst.gnsckt_wrst.rst_wr_reg2_inst/arststages_ff_reg[1]/C
  -------------------------------------------------------------------    -------------------
    SLICE_X53Y151        FDPE (Prop_AFF2_SLICEM_C_Q)
                                                      0.039     1.425 f  top_i/axi_interconnect_0/s00_couplers/auto_ds/inst/gen_downsizer.gen_simple_downsizer.axi_downsizer_inst/USE_WRITE.write_addr_inst/USE_B_CHANNEL.cmd_b_queue/inst/fifo_gen_inst/inst_fifo_gen/gconvfifo.rf/grf.rf/rstblk/ngwrdrst.grst.g7serrst.gnsckt_wrst.rst_wr_reg2_inst/arststages_ff_reg[1]/Q
                         net (fo=3, routed)           0.055     1.480    top_i/axi_interconnect_0/s00_couplers/auto_ds/inst/gen_downsizer.gen_simple_downsizer.axi_downsizer_inst/USE_WRITE.write_addr_inst/USE_B_CHANNEL.cmd_b_queue/inst/fifo_gen_inst/inst_fifo_gen/gconvfifo.rf/grf.rf/rstblk/ngwrdrst.rst_wr_reg2
    SLICE_X53Y152        LUT3 (Prop_E6LUT_SLICEM_I2_O)
                                                      0.014     1.494 f  top_i/axi_interconnect_0/s00_couplers/auto_ds/inst/gen_downsizer.gen_simple_downsizer.axi_downsizer_inst/USE_WRITE.write_addr_inst/USE_B_CHANNEL.cmd_b_queue/inst/fifo_gen_inst/inst_fifo_gen/gconvfifo.rf/grf.rf/rstblk/gpregsm1.curr_fwft_state[1]_i_2/O
                         net (fo=32, routed)          0.105     1.598    top_i/axi_interconnect_0/s00_couplers/auto_ds/inst/gen_downsizer.gen_simple_downsizer.axi_downsizer_inst/USE_WRITE.write_addr_inst/USE_B_CHANNEL.cmd_b_queue/inst/fifo_gen_inst/inst_fifo_gen/gconvfifo.rf/grf.rf/gntv_or_sync_fifo.gl0.wr/gwss.wsts/AR[0]
    SLICE_X52Y152        FDCE                                         f  top_i/axi_interconnect_0/s00_couplers/auto_ds/inst/gen_downsizer.gen_simple_downsizer.axi_downsizer_inst/USE_WRITE.write_addr_inst/USE_B_CHANNEL.cmd_b_queue/inst/fifo_gen_inst/inst_fifo_gen/gconvfifo.rf/grf.rf/gntv_or_sync_fifo.gl0.wr/gwss.wsts/ram_full_fb_i_reg/CLR
  -------------------------------------------------------------------    -------------------

                         (clock clk_pl_0 rise edge)
                                                      0.000     0.000 r  
    PS8_X0Y0             PS8                          0.000     0.000 r  top_i/zynq_ps/inst/PS8_i/PLCLK[0]
                         net (fo=1, routed)           0.154     0.154    top_i/zynq_ps/inst/pl_clk_unbuffered[0]
    BUFG_PS_X0Y80        BUFG_PS (Prop_BUFG_PS_I_O)
                                                      0.018     0.172 r  top_i/zynq_ps/inst/buffer_pl_clk_0.PL_CLK_0_BUFG/O
    X2Y2 (CLOCK_ROOT)    net (fo=38649, routed)       1.404     1.576    top_i/axi_interconnect_0/s00_couplers/auto_ds/inst/gen_downsizer.gen_simple_downsizer.axi_downsizer_inst/USE_WRITE.write_addr_inst/USE_B_CHANNEL.cmd_b_queue/inst/fifo_gen_inst/inst_fifo_gen/gconvfifo.rf/grf.rf/gntv_or_sync_fifo.gl0.wr/gwss.wsts/clk
    SLICE_X52Y152        FDCE                                         r  top_i/axi_interconnect_0/s00_couplers/auto_ds/inst/gen_downsizer.gen_simple_downsizer.axi_downsizer_inst/USE_WRITE.write_addr_inst/USE_B_CHANNEL.cmd_b_queue/inst/fifo_gen_inst/inst_fifo_gen/gconvfifo.rf/grf.rf/gntv_or_sync_fifo.gl0.wr/gwss.wsts/ram_full_fb_i_reg/C
                         clock pessimism             -0.138     1.439    
    SLICE_X52Y152        FDCE (Remov_FFF_SLICEL_C_CLR)
                                                     -0.020     1.419    top_i/axi_interconnect_0/s00_couplers/auto_ds/inst/gen_downsizer.gen_simple_downsizer.axi_downsizer_inst/USE_WRITE.write_addr_inst/USE_B_CHANNEL.cmd_b_queue/inst/fifo_gen_inst/inst_fifo_gen/gconvfifo.rf/grf.rf/gntv_or_sync_fifo.gl0.wr/gwss.wsts/ram_full_fb_i_reg
  -------------------------------------------------------------------
                         required time                         -1.419    
                         arrival time                           1.598    
  -------------------------------------------------------------------
                         slack                                  0.180    

Slack (MET) :             0.180ns  (arrival time - required time)
  Source:                 top_i/axi_interconnect_0/s00_couplers/auto_ds/inst/gen_downsizer.gen_simple_downsizer.axi_downsizer_inst/USE_WRITE.write_addr_inst/USE_B_CHANNEL.cmd_b_queue/inst/fifo_gen_inst/inst_fifo_gen/gconvfifo.rf/grf.rf/rstblk/ngwrdrst.grst.g7serrst.gnsckt_wrst.rst_wr_reg2_inst/arststages_ff_reg[1]/C
                            (rising edge-triggered cell FDPE clocked by clk_pl_0  {rise@0.000ns fall@2.667ns period=5.333ns})
  Destination:            top_i/axi_interconnect_0/s00_couplers/auto_ds/inst/gen_downsizer.gen_simple_downsizer.axi_downsizer_inst/USE_WRITE.write_addr_inst/USE_B_CHANNEL.cmd_b_queue/inst/fifo_gen_inst/inst_fifo_gen/gconvfifo.rf/grf.rf/gntv_or_sync_fifo.gl0.wr/gwss.wsts/ram_full_i_reg/CLR
                            (removal check against rising-edge clock clk_pl_0  {rise@0.000ns fall@2.667ns period=5.333ns})
  Path Group:             **async_default**
  Path Type:              Removal (Min at Fast Process Corner)
  Requirement:            0.000ns  (clk_pl_0 rise@0.000ns - clk_pl_0 rise@0.000ns)
  Data Path Delay:        0.213ns  (logic 0.053ns (24.897%)  route 0.160ns (75.103%))
  Logic Levels:           1  (LUT3=1)
  Clock Path Skew:        0.053ns (DCD - SCD - CPR)
    Destination Clock Delay (DCD):    1.576ns
    Source Clock Delay      (SCD):    1.386ns
    Clock Pessimism Removal (CPR):    0.138ns
  Clock Net Delay (Source):      1.247ns (routing 0.519ns, distribution 0.728ns)
  Clock Net Delay (Destination): 1.404ns (routing 0.581ns, distribution 0.823ns)

    Location             Delay type                Incr(ns)  Path(ns)    Netlist Resource(s)
  -------------------------------------------------------------------    -------------------
                         (clock clk_pl_0 rise edge)
                                                      0.000     0.000 r  
    PS8_X0Y0             PS8                          0.000     0.000 r  top_i/zynq_ps/inst/PS8_i/PLCLK[0]
                         net (fo=1, routed)           0.122     0.122    top_i/zynq_ps/inst/pl_clk_unbuffered[0]
    BUFG_PS_X0Y80        BUFG_PS (Prop_BUFG_PS_I_O)
                                                      0.017     0.139 r  top_i/zynq_ps/inst/buffer_pl_clk_0.PL_CLK_0_BUFG/O
    X2Y2 (CLOCK_ROOT)    net (fo=38649, routed)       1.247     1.386    top_i/axi_interconnect_0/s00_couplers/auto_ds/inst/gen_downsizer.gen_simple_downsizer.axi_downsizer_inst/USE_WRITE.write_addr_inst/USE_B_CHANNEL.cmd_b_queue/inst/fifo_gen_inst/inst_fifo_gen/gconvfifo.rf/grf.rf/rstblk/ngwrdrst.grst.g7serrst.gnsckt_wrst.rst_wr_reg2_inst/dest_clk
    SLICE_X53Y151        FDPE                                         r  top_i/axi_interconnect_0/s00_couplers/auto_ds/inst/gen_downsizer.gen_simple_downsizer.axi_downsizer_inst/USE_WRITE.write_addr_inst/USE_B_CHANNEL.cmd_b_queue/inst/fifo_gen_inst/inst_fifo_gen/gconvfifo.rf/grf.rf/rstblk/ngwrdrst.grst.g7serrst.gnsckt_wrst.rst_wr_reg2_inst/arststages_ff_reg[1]/C
  -------------------------------------------------------------------    -------------------
    SLICE_X53Y151        FDPE (Prop_AFF2_SLICEM_C_Q)
                                                      0.039     1.425 f  top_i/axi_interconnect_0/s00_couplers/auto_ds/inst/gen_downsizer.gen_simple_downsizer.axi_downsizer_inst/USE_WRITE.write_addr_inst/USE_B_CHANNEL.cmd_b_queue/inst/fifo_gen_inst/inst_fifo_gen/gconvfifo.rf/grf.rf/rstblk/ngwrdrst.grst.g7serrst.gnsckt_wrst.rst_wr_reg2_inst/arststages_ff_reg[1]/Q
                         net (fo=3, routed)           0.055     1.480    top_i/axi_interconnect_0/s00_couplers/auto_ds/inst/gen_downsizer.gen_simple_downsizer.axi_downsizer_inst/USE_WRITE.write_addr_inst/USE_B_CHANNEL.cmd_b_queue/inst/fifo_gen_inst/inst_fifo_gen/gconvfifo.rf/grf.rf/rstblk/ngwrdrst.rst_wr_reg2
    SLICE_X53Y152        LUT3 (Prop_E6LUT_SLICEM_I2_O)
                                                      0.014     1.494 f  top_i/axi_interconnect_0/s00_couplers/auto_ds/inst/gen_downsizer.gen_simple_downsizer.axi_downsizer_inst/USE_WRITE.write_addr_inst/USE_B_CHANNEL.cmd_b_queue/inst/fifo_gen_inst/inst_fifo_gen/gconvfifo.rf/grf.rf/rstblk/gpregsm1.curr_fwft_state[1]_i_2/O
                         net (fo=32, routed)          0.105     1.598    top_i/axi_interconnect_0/s00_couplers/auto_ds/inst/gen_downsizer.gen_simple_downsizer.axi_downsizer_inst/USE_WRITE.write_addr_inst/USE_B_CHANNEL.cmd_b_queue/inst/fifo_gen_inst/inst_fifo_gen/gconvfifo.rf/grf.rf/gntv_or_sync_fifo.gl0.wr/gwss.wsts/AR[0]
    SLICE_X52Y152        FDCE                                         f  top_i/axi_interconnect_0/s00_couplers/auto_ds/inst/gen_downsizer.gen_simple_downsizer.axi_downsizer_inst/USE_WRITE.write_addr_inst/USE_B_CHANNEL.cmd_b_queue/inst/fifo_gen_inst/inst_fifo_gen/gconvfifo.rf/grf.rf/gntv_or_sync_fifo.gl0.wr/gwss.wsts/ram_full_i_reg/CLR
  -------------------------------------------------------------------    -------------------

                         (clock clk_pl_0 rise edge)
                                                      0.000     0.000 r  
    PS8_X0Y0             PS8                          0.000     0.000 r  top_i/zynq_ps/inst/PS8_i/PLCLK[0]
                         net (fo=1, routed)           0.154     0.154    top_i/zynq_ps/inst/pl_clk_unbuffered[0]
    BUFG_PS_X0Y80        BUFG_PS (Prop_BUFG_PS_I_O)
                                                      0.018     0.172 r  top_i/zynq_ps/inst/buffer_pl_clk_0.PL_CLK_0_BUFG/O
    X2Y2 (CLOCK_ROOT)    net (fo=38649, routed)       1.404     1.576    top_i/axi_interconnect_0/s00_couplers/auto_ds/inst/gen_downsizer.gen_simple_downsizer.axi_downsizer_inst/USE_WRITE.write_addr_inst/USE_B_CHANNEL.cmd_b_queue/inst/fifo_gen_inst/inst_fifo_gen/gconvfifo.rf/grf.rf/gntv_or_sync_fifo.gl0.wr/gwss.wsts/clk
    SLICE_X52Y152        FDCE                                         r  top_i/axi_interconnect_0/s00_couplers/auto_ds/inst/gen_downsizer.gen_simple_downsizer.axi_downsizer_inst/USE_WRITE.write_addr_inst/USE_B_CHANNEL.cmd_b_queue/inst/fifo_gen_inst/inst_fifo_gen/gconvfifo.rf/grf.rf/gntv_or_sync_fifo.gl0.wr/gwss.wsts/ram_full_i_reg/C
                         clock pessimism             -0.138     1.439    
    SLICE_X52Y152        FDCE (Remov_EFF_SLICEL_C_CLR)
                                                     -0.020     1.419    top_i/axi_interconnect_0/s00_couplers/auto_ds/inst/gen_downsizer.gen_simple_downsizer.axi_downsizer_inst/USE_WRITE.write_addr_inst/USE_B_CHANNEL.cmd_b_queue/inst/fifo_gen_inst/inst_fifo_gen/gconvfifo.rf/grf.rf/gntv_or_sync_fifo.gl0.wr/gwss.wsts/ram_full_i_reg
  -------------------------------------------------------------------
                         required time                         -1.419    
                         arrival time                           1.598    
  -------------------------------------------------------------------
                         slack                                  0.180    

Slack (MET) :             0.180ns  (arrival time - required time)
  Source:                 top_i/axi_interconnect_0/s00_couplers/auto_ds/inst/gen_downsizer.gen_simple_downsizer.axi_downsizer_inst/USE_WRITE.write_addr_inst/USE_B_CHANNEL.cmd_b_queue/inst/fifo_gen_inst/inst_fifo_gen/gconvfifo.rf/grf.rf/rstblk/ngwrdrst.grst.g7serrst.gnsckt_wrst.rst_wr_reg2_inst/arststages_ff_reg[1]/C
                            (rising edge-triggered cell FDPE clocked by clk_pl_0  {rise@0.000ns fall@2.667ns period=5.333ns})
  Destination:            top_i/axi_interconnect_0/s00_couplers/auto_ds/inst/gen_downsizer.gen_simple_downsizer.axi_downsizer_inst/USE_WRITE.write_addr_inst/USE_B_CHANNEL.cmd_b_queue/inst/fifo_gen_inst/inst_fifo_gen/gconvfifo.rf/grf.rf/gntv_or_sync_fifo.gl0.wr/wpntr/gcc0.gc0.count_d1_reg[1]/CLR
                            (removal check against rising-edge clock clk_pl_0  {rise@0.000ns fall@2.667ns period=5.333ns})
  Path Group:             **async_default**
  Path Type:              Removal (Min at Fast Process Corner)
  Requirement:            0.000ns  (clk_pl_0 rise@0.000ns - clk_pl_0 rise@0.000ns)
  Data Path Delay:        0.213ns  (logic 0.053ns (24.897%)  route 0.160ns (75.103%))
  Logic Levels:           1  (LUT3=1)
  Clock Path Skew:        0.053ns (DCD - SCD - CPR)
    Destination Clock Delay (DCD):    1.576ns
    Source Clock Delay      (SCD):    1.386ns
    Clock Pessimism Removal (CPR):    0.138ns
  Clock Net Delay (Source):      1.247ns (routing 0.519ns, distribution 0.728ns)
  Clock Net Delay (Destination): 1.404ns (routing 0.581ns, distribution 0.823ns)

    Location             Delay type                Incr(ns)  Path(ns)    Netlist Resource(s)
  -------------------------------------------------------------------    -------------------
                         (clock clk_pl_0 rise edge)
                                                      0.000     0.000 r  
    PS8_X0Y0             PS8                          0.000     0.000 r  top_i/zynq_ps/inst/PS8_i/PLCLK[0]
                         net (fo=1, routed)           0.122     0.122    top_i/zynq_ps/inst/pl_clk_unbuffered[0]
    BUFG_PS_X0Y80        BUFG_PS (Prop_BUFG_PS_I_O)
                                                      0.017     0.139 r  top_i/zynq_ps/inst/buffer_pl_clk_0.PL_CLK_0_BUFG/O
    X2Y2 (CLOCK_ROOT)    net (fo=38649, routed)       1.247     1.386    top_i/axi_interconnect_0/s00_couplers/auto_ds/inst/gen_downsizer.gen_simple_downsizer.axi_downsizer_inst/USE_WRITE.write_addr_inst/USE_B_CHANNEL.cmd_b_queue/inst/fifo_gen_inst/inst_fifo_gen/gconvfifo.rf/grf.rf/rstblk/ngwrdrst.grst.g7serrst.gnsckt_wrst.rst_wr_reg2_inst/dest_clk
    SLICE_X53Y151        FDPE                                         r  top_i/axi_interconnect_0/s00_couplers/auto_ds/inst/gen_downsizer.gen_simple_downsizer.axi_downsizer_inst/USE_WRITE.write_addr_inst/USE_B_CHANNEL.cmd_b_queue/inst/fifo_gen_inst/inst_fifo_gen/gconvfifo.rf/grf.rf/rstblk/ngwrdrst.grst.g7serrst.gnsckt_wrst.rst_wr_reg2_inst/arststages_ff_reg[1]/C
  -------------------------------------------------------------------    -------------------
    SLICE_X53Y151        FDPE (Prop_AFF2_SLICEM_C_Q)
                                                      0.039     1.425 f  top_i/axi_interconnect_0/s00_couplers/auto_ds/inst/gen_downsizer.gen_simple_downsizer.axi_downsizer_inst/USE_WRITE.write_addr_inst/USE_B_CHANNEL.cmd_b_queue/inst/fifo_gen_inst/inst_fifo_gen/gconvfifo.rf/grf.rf/rstblk/ngwrdrst.grst.g7serrst.gnsckt_wrst.rst_wr_reg2_inst/arststages_ff_reg[1]/Q
                         net (fo=3, routed)           0.055     1.480    top_i/axi_interconnect_0/s00_couplers/auto_ds/inst/gen_downsizer.gen_simple_downsizer.axi_downsizer_inst/USE_WRITE.write_addr_inst/USE_B_CHANNEL.cmd_b_queue/inst/fifo_gen_inst/inst_fifo_gen/gconvfifo.rf/grf.rf/rstblk/ngwrdrst.rst_wr_reg2
    SLICE_X53Y152        LUT3 (Prop_E6LUT_SLICEM_I2_O)
                                                      0.014     1.494 f  top_i/axi_interconnect_0/s00_couplers/auto_ds/inst/gen_downsizer.gen_simple_downsizer.axi_downsizer_inst/USE_WRITE.write_addr_inst/USE_B_CHANNEL.cmd_b_queue/inst/fifo_gen_inst/inst_fifo_gen/gconvfifo.rf/grf.rf/rstblk/gpregsm1.curr_fwft_state[1]_i_2/O
                         net (fo=32, routed)          0.105     1.598    top_i/axi_interconnect_0/s00_couplers/auto_ds/inst/gen_downsizer.gen_simple_downsizer.axi_downsizer_inst/USE_WRITE.write_addr_inst/USE_B_CHANNEL.cmd_b_queue/inst/fifo_gen_inst/inst_fifo_gen/gconvfifo.rf/grf.rf/gntv_or_sync_fifo.gl0.wr/wpntr/AR[0]
    SLICE_X52Y152        FDCE                                         f  top_i/axi_interconnect_0/s00_couplers/auto_ds/inst/gen_downsizer.gen_simple_downsizer.axi_downsizer_inst/USE_WRITE.write_addr_inst/USE_B_CHANNEL.cmd_b_queue/inst/fifo_gen_inst/inst_fifo_gen/gconvfifo.rf/grf.rf/gntv_or_sync_fifo.gl0.wr/wpntr/gcc0.gc0.count_d1_reg[1]/CLR
  -------------------------------------------------------------------    -------------------

                         (clock clk_pl_0 rise edge)
                                                      0.000     0.000 r  
    PS8_X0Y0             PS8                          0.000     0.000 r  top_i/zynq_ps/inst/PS8_i/PLCLK[0]
                         net (fo=1, routed)           0.154     0.154    top_i/zynq_ps/inst/pl_clk_unbuffered[0]
    BUFG_PS_X0Y80        BUFG_PS (Prop_BUFG_PS_I_O)
                                                      0.018     0.172 r  top_i/zynq_ps/inst/buffer_pl_clk_0.PL_CLK_0_BUFG/O
    X2Y2 (CLOCK_ROOT)    net (fo=38649, routed)       1.404     1.576    top_i/axi_interconnect_0/s00_couplers/auto_ds/inst/gen_downsizer.gen_simple_downsizer.axi_downsizer_inst/USE_WRITE.write_addr_inst/USE_B_CHANNEL.cmd_b_queue/inst/fifo_gen_inst/inst_fifo_gen/gconvfifo.rf/grf.rf/gntv_or_sync_fifo.gl0.wr/wpntr/clk
    SLICE_X52Y152        FDCE                                         r  top_i/axi_interconnect_0/s00_couplers/auto_ds/inst/gen_downsizer.gen_simple_downsizer.axi_downsizer_inst/USE_WRITE.write_addr_inst/USE_B_CHANNEL.cmd_b_queue/inst/fifo_gen_inst/inst_fifo_gen/gconvfifo.rf/grf.rf/gntv_or_sync_fifo.gl0.wr/wpntr/gcc0.gc0.count_d1_reg[1]/C
                         clock pessimism             -0.138     1.439    
    SLICE_X52Y152        FDCE (Remov_HFF2_SLICEL_C_CLR)
                                                     -0.020     1.419    top_i/axi_interconnect_0/s00_couplers/auto_ds/inst/gen_downsizer.gen_simple_downsizer.axi_downsizer_inst/USE_WRITE.write_addr_inst/USE_B_CHANNEL.cmd_b_queue/inst/fifo_gen_inst/inst_fifo_gen/gconvfifo.rf/grf.rf/gntv_or_sync_fifo.gl0.wr/wpntr/gcc0.gc0.count_d1_reg[1]
  -------------------------------------------------------------------
                         required time                         -1.419    
                         arrival time                           1.598    
  -------------------------------------------------------------------
                         slack                                  0.180    

Slack (MET) :             0.180ns  (arrival time - required time)
  Source:                 top_i/axi_interconnect_0/s00_couplers/auto_ds/inst/gen_downsizer.gen_simple_downsizer.axi_downsizer_inst/USE_WRITE.write_addr_inst/USE_B_CHANNEL.cmd_b_queue/inst/fifo_gen_inst/inst_fifo_gen/gconvfifo.rf/grf.rf/rstblk/ngwrdrst.grst.g7serrst.gnsckt_wrst.rst_wr_reg2_inst/arststages_ff_reg[1]/C
                            (rising edge-triggered cell FDPE clocked by clk_pl_0  {rise@0.000ns fall@2.667ns period=5.333ns})
  Destination:            top_i/axi_interconnect_0/s00_couplers/auto_ds/inst/gen_downsizer.gen_simple_downsizer.axi_downsizer_inst/USE_WRITE.write_addr_inst/USE_B_CHANNEL.cmd_b_queue/inst/fifo_gen_inst/inst_fifo_gen/gconvfifo.rf/grf.rf/gntv_or_sync_fifo.gl0.wr/wpntr/gcc0.gc0.count_reg[1]/CLR
                            (removal check against rising-edge clock clk_pl_0  {rise@0.000ns fall@2.667ns period=5.333ns})
  Path Group:             **async_default**
  Path Type:              Removal (Min at Fast Process Corner)
  Requirement:            0.000ns  (clk_pl_0 rise@0.000ns - clk_pl_0 rise@0.000ns)
  Data Path Delay:        0.213ns  (logic 0.053ns (24.897%)  route 0.160ns (75.103%))
  Logic Levels:           1  (LUT3=1)
  Clock Path Skew:        0.053ns (DCD - SCD - CPR)
    Destination Clock Delay (DCD):    1.576ns
    Source Clock Delay      (SCD):    1.386ns
    Clock Pessimism Removal (CPR):    0.138ns
  Clock Net Delay (Source):      1.247ns (routing 0.519ns, distribution 0.728ns)
  Clock Net Delay (Destination): 1.404ns (routing 0.581ns, distribution 0.823ns)

    Location             Delay type                Incr(ns)  Path(ns)    Netlist Resource(s)
  -------------------------------------------------------------------    -------------------
                         (clock clk_pl_0 rise edge)
                                                      0.000     0.000 r  
    PS8_X0Y0             PS8                          0.000     0.000 r  top_i/zynq_ps/inst/PS8_i/PLCLK[0]
                         net (fo=1, routed)           0.122     0.122    top_i/zynq_ps/inst/pl_clk_unbuffered[0]
    BUFG_PS_X0Y80        BUFG_PS (Prop_BUFG_PS_I_O)
                                                      0.017     0.139 r  top_i/zynq_ps/inst/buffer_pl_clk_0.PL_CLK_0_BUFG/O
    X2Y2 (CLOCK_ROOT)    net (fo=38649, routed)       1.247     1.386    top_i/axi_interconnect_0/s00_couplers/auto_ds/inst/gen_downsizer.gen_simple_downsizer.axi_downsizer_inst/USE_WRITE.write_addr_inst/USE_B_CHANNEL.cmd_b_queue/inst/fifo_gen_inst/inst_fifo_gen/gconvfifo.rf/grf.rf/rstblk/ngwrdrst.grst.g7serrst.gnsckt_wrst.rst_wr_reg2_inst/dest_clk
    SLICE_X53Y151        FDPE                                         r  top_i/axi_interconnect_0/s00_couplers/auto_ds/inst/gen_downsizer.gen_simple_downsizer.axi_downsizer_inst/USE_WRITE.write_addr_inst/USE_B_CHANNEL.cmd_b_queue/inst/fifo_gen_inst/inst_fifo_gen/gconvfifo.rf/grf.rf/rstblk/ngwrdrst.grst.g7serrst.gnsckt_wrst.rst_wr_reg2_inst/arststages_ff_reg[1]/C
  -------------------------------------------------------------------    -------------------
    SLICE_X53Y151        FDPE (Prop_AFF2_SLICEM_C_Q)
                                                      0.039     1.425 f  top_i/axi_interconnect_0/s00_couplers/auto_ds/inst/gen_downsizer.gen_simple_downsizer.axi_downsizer_inst/USE_WRITE.write_addr_inst/USE_B_CHANNEL.cmd_b_queue/inst/fifo_gen_inst/inst_fifo_gen/gconvfifo.rf/grf.rf/rstblk/ngwrdrst.grst.g7serrst.gnsckt_wrst.rst_wr_reg2_inst/arststages_ff_reg[1]/Q
                         net (fo=3, routed)           0.055     1.480    top_i/axi_interconnect_0/s00_couplers/auto_ds/inst/gen_downsizer.gen_simple_downsizer.axi_downsizer_inst/USE_WRITE.write_addr_inst/USE_B_CHANNEL.cmd_b_queue/inst/fifo_gen_inst/inst_fifo_gen/gconvfifo.rf/grf.rf/rstblk/ngwrdrst.rst_wr_reg2
    SLICE_X53Y152        LUT3 (Prop_E6LUT_SLICEM_I2_O)
                                                      0.014     1.494 f  top_i/axi_interconnect_0/s00_couplers/auto_ds/inst/gen_downsizer.gen_simple_downsizer.axi_downsizer_inst/USE_WRITE.write_addr_inst/USE_B_CHANNEL.cmd_b_queue/inst/fifo_gen_inst/inst_fifo_gen/gconvfifo.rf/grf.rf/rstblk/gpregsm1.curr_fwft_state[1]_i_2/O
                         net (fo=32, routed)          0.105     1.598    top_i/axi_interconnect_0/s00_couplers/auto_ds/inst/gen_downsizer.gen_simple_downsizer.axi_downsizer_inst/USE_WRITE.write_addr_inst/USE_B_CHANNEL.cmd_b_queue/inst/fifo_gen_inst/inst_fifo_gen/gconvfifo.rf/grf.rf/gntv_or_sync_fifo.gl0.wr/wpntr/AR[0]
    SLICE_X52Y152        FDCE                                         f  top_i/axi_interconnect_0/s00_couplers/auto_ds/inst/gen_downsizer.gen_simple_downsizer.axi_downsizer_inst/USE_WRITE.write_addr_inst/USE_B_CHANNEL.cmd_b_queue/inst/fifo_gen_inst/inst_fifo_gen/gconvfifo.rf/grf.rf/gntv_or_sync_fifo.gl0.wr/wpntr/gcc0.gc0.count_reg[1]/CLR
  -------------------------------------------------------------------    -------------------

                         (clock clk_pl_0 rise edge)
                                                      0.000     0.000 r  
    PS8_X0Y0             PS8                          0.000     0.000 r  top_i/zynq_ps/inst/PS8_i/PLCLK[0]
                         net (fo=1, routed)           0.154     0.154    top_i/zynq_ps/inst/pl_clk_unbuffered[0]
    BUFG_PS_X0Y80        BUFG_PS (Prop_BUFG_PS_I_O)
                                                      0.018     0.172 r  top_i/zynq_ps/inst/buffer_pl_clk_0.PL_CLK_0_BUFG/O
    X2Y2 (CLOCK_ROOT)    net (fo=38649, routed)       1.404     1.576    top_i/axi_interconnect_0/s00_couplers/auto_ds/inst/gen_downsizer.gen_simple_downsizer.axi_downsizer_inst/USE_WRITE.write_addr_inst/USE_B_CHANNEL.cmd_b_queue/inst/fifo_gen_inst/inst_fifo_gen/gconvfifo.rf/grf.rf/gntv_or_sync_fifo.gl0.wr/wpntr/clk
    SLICE_X52Y152        FDCE                                         r  top_i/axi_interconnect_0/s00_couplers/auto_ds/inst/gen_downsizer.gen_simple_downsizer.axi_downsizer_inst/USE_WRITE.write_addr_inst/USE_B_CHANNEL.cmd_b_queue/inst/fifo_gen_inst/inst_fifo_gen/gconvfifo.rf/grf.rf/gntv_or_sync_fifo.gl0.wr/wpntr/gcc0.gc0.count_reg[1]/C
                         clock pessimism             -0.138     1.439    
    SLICE_X52Y152        FDCE (Remov_GFF2_SLICEL_C_CLR)
                                                     -0.020     1.419    top_i/axi_interconnect_0/s00_couplers/auto_ds/inst/gen_downsizer.gen_simple_downsizer.axi_downsizer_inst/USE_WRITE.write_addr_inst/USE_B_CHANNEL.cmd_b_queue/inst/fifo_gen_inst/inst_fifo_gen/gconvfifo.rf/grf.rf/gntv_or_sync_fifo.gl0.wr/wpntr/gcc0.gc0.count_reg[1]
  -------------------------------------------------------------------
                         required time                         -1.419    
                         arrival time                           1.598    
  -------------------------------------------------------------------
                         slack                                  0.180    

Slack (MET) :             0.183ns  (arrival time - required time)
  Source:                 top_i/axi_interconnect_0/s00_couplers/auto_ds/inst/gen_downsizer.gen_simple_downsizer.axi_downsizer_inst/USE_WRITE.write_addr_inst/cmd_queue/inst/fifo_gen_inst/inst_fifo_gen/gconvfifo.rf/grf.rf/rstblk/ngwrdrst.grst.g7serrst.gnsckt_wrst.gcc_rst.sckt_wr_rst_cc_reg[0]/C
                            (rising edge-triggered cell FDRE clocked by clk_pl_0  {rise@0.000ns fall@2.667ns period=5.333ns})
  Destination:            top_i/axi_interconnect_0/s00_couplers/auto_ds/inst/gen_downsizer.gen_simple_downsizer.axi_downsizer_inst/USE_WRITE.write_addr_inst/cmd_queue/inst/fifo_gen_inst/inst_fifo_gen/gconvfifo.rf/grf.rf/gntv_or_sync_fifo.gl0.rd/grss.rsts/ram_empty_fb_i_reg/PRE
                            (removal check against rising-edge clock clk_pl_0  {rise@0.000ns fall@2.667ns period=5.333ns})
  Path Group:             **async_default**
  Path Type:              Removal (Min at Fast Process Corner)
  Requirement:            0.000ns  (clk_pl_0 rise@0.000ns - clk_pl_0 rise@0.000ns)
  Data Path Delay:        0.213ns  (logic 0.088ns (41.311%)  route 0.125ns (58.689%))
  Logic Levels:           1  (LUT3=1)
  Clock Path Skew:        0.050ns (DCD - SCD - CPR)
    Destination Clock Delay (DCD):    1.576ns
    Source Clock Delay      (SCD):    1.389ns
    Clock Pessimism Removal (CPR):    0.138ns
  Clock Net Delay (Source):      1.250ns (routing 0.519ns, distribution 0.731ns)
  Clock Net Delay (Destination): 1.404ns (routing 0.581ns, distribution 0.823ns)

    Location             Delay type                Incr(ns)  Path(ns)    Netlist Resource(s)
  -------------------------------------------------------------------    -------------------
                         (clock clk_pl_0 rise edge)
                                                      0.000     0.000 r  
    PS8_X0Y0             PS8                          0.000     0.000 r  top_i/zynq_ps/inst/PS8_i/PLCLK[0]
                         net (fo=1, routed)           0.122     0.122    top_i/zynq_ps/inst/pl_clk_unbuffered[0]
    BUFG_PS_X0Y80        BUFG_PS (Prop_BUFG_PS_I_O)
                                                      0.017     0.139 r  top_i/zynq_ps/inst/buffer_pl_clk_0.PL_CLK_0_BUFG/O
    X2Y2 (CLOCK_ROOT)    net (fo=38649, routed)       1.250     1.389    top_i/axi_interconnect_0/s00_couplers/auto_ds/inst/gen_downsizer.gen_simple_downsizer.axi_downsizer_inst/USE_WRITE.write_addr_inst/cmd_queue/inst/fifo_gen_inst/inst_fifo_gen/gconvfifo.rf/grf.rf/rstblk/clk
    SLICE_X53Y149        FDRE                                         r  top_i/axi_interconnect_0/s00_couplers/auto_ds/inst/gen_downsizer.gen_simple_downsizer.axi_downsizer_inst/USE_WRITE.write_addr_inst/cmd_queue/inst/fifo_gen_inst/inst_fifo_gen/gconvfifo.rf/grf.rf/rstblk/ngwrdrst.grst.g7serrst.gnsckt_wrst.gcc_rst.sckt_wr_rst_cc_reg[0]/C
  -------------------------------------------------------------------    -------------------
    SLICE_X53Y149        FDRE (Prop_EFF_SLICEM_C_Q)
                                                      0.038     1.427 f  top_i/axi_interconnect_0/s00_couplers/auto_ds/inst/gen_downsizer.gen_simple_downsizer.axi_downsizer_inst/USE_WRITE.write_addr_inst/cmd_queue/inst/fifo_gen_inst/inst_fifo_gen/gconvfifo.rf/grf.rf/rstblk/ngwrdrst.grst.g7serrst.gnsckt_wrst.gcc_rst.sckt_wr_rst_cc_reg[0]/Q
                         net (fo=3, routed)           0.032     1.459    top_i/axi_interconnect_0/s00_couplers/auto_ds/inst/gen_downsizer.gen_simple_downsizer.axi_downsizer_inst/USE_WRITE.write_addr_inst/cmd_queue/inst/fifo_gen_inst/inst_fifo_gen/gconvfifo.rf/grf.rf/rstblk/ngwrdrst.grst.g7serrst.gnsckt_wrst.gcc_rst.sckt_wr_rst_cc[0]
    SLICE_X53Y149        LUT3 (Prop_G6LUT_SLICEM_I1_O)
                                                      0.050     1.509 f  top_i/axi_interconnect_0/s00_couplers/auto_ds/inst/gen_downsizer.gen_simple_downsizer.axi_downsizer_inst/USE_WRITE.write_addr_inst/cmd_queue/inst/fifo_gen_inst/inst_fifo_gen/gconvfifo.rf/grf.rf/rstblk/gpregsm1.curr_fwft_state[1]_i_2/O
                         net (fo=32, routed)          0.093     1.602    top_i/axi_interconnect_0/s00_couplers/auto_ds/inst/gen_downsizer.gen_simple_downsizer.axi_downsizer_inst/USE_WRITE.write_addr_inst/cmd_queue/inst/fifo_gen_inst/inst_fifo_gen/gconvfifo.rf/grf.rf/gntv_or_sync_fifo.gl0.rd/grss.rsts/ram_empty_i_reg_1
    SLICE_X52Y149        FDPE                                         f  top_i/axi_interconnect_0/s00_couplers/auto_ds/inst/gen_downsizer.gen_simple_downsizer.axi_downsizer_inst/USE_WRITE.write_addr_inst/cmd_queue/inst/fifo_gen_inst/inst_fifo_gen/gconvfifo.rf/grf.rf/gntv_or_sync_fifo.gl0.rd/grss.rsts/ram_empty_fb_i_reg/PRE
  -------------------------------------------------------------------    -------------------

                         (clock clk_pl_0 rise edge)
                                                      0.000     0.000 r  
    PS8_X0Y0             PS8                          0.000     0.000 r  top_i/zynq_ps/inst/PS8_i/PLCLK[0]
                         net (fo=1, routed)           0.154     0.154    top_i/zynq_ps/inst/pl_clk_unbuffered[0]
    BUFG_PS_X0Y80        BUFG_PS (Prop_BUFG_PS_I_O)
                                                      0.018     0.172 r  top_i/zynq_ps/inst/buffer_pl_clk_0.PL_CLK_0_BUFG/O
    X2Y2 (CLOCK_ROOT)    net (fo=38649, routed)       1.404     1.576    top_i/axi_interconnect_0/s00_couplers/auto_ds/inst/gen_downsizer.gen_simple_downsizer.axi_downsizer_inst/USE_WRITE.write_addr_inst/cmd_queue/inst/fifo_gen_inst/inst_fifo_gen/gconvfifo.rf/grf.rf/gntv_or_sync_fifo.gl0.rd/grss.rsts/clk
    SLICE_X52Y149        FDPE                                         r  top_i/axi_interconnect_0/s00_couplers/auto_ds/inst/gen_downsizer.gen_simple_downsizer.axi_downsizer_inst/USE_WRITE.write_addr_inst/cmd_queue/inst/fifo_gen_inst/inst_fifo_gen/gconvfifo.rf/grf.rf/gntv_or_sync_fifo.gl0.rd/grss.rsts/ram_empty_fb_i_reg/C
                         clock pessimism             -0.138     1.439    
    SLICE_X52Y149        FDPE (Remov_EFF_SLICEL_C_PRE)
                                                     -0.020     1.419    top_i/axi_interconnect_0/s00_couplers/auto_ds/inst/gen_downsizer.gen_simple_downsizer.axi_downsizer_inst/USE_WRITE.write_addr_inst/cmd_queue/inst/fifo_gen_inst/inst_fifo_gen/gconvfifo.rf/grf.rf/gntv_or_sync_fifo.gl0.rd/grss.rsts/ram_empty_fb_i_reg
  -------------------------------------------------------------------
                         required time                         -1.419    
                         arrival time                           1.602    
  -------------------------------------------------------------------
                         slack                                  0.183    

Slack (MET) :             0.183ns  (arrival time - required time)
  Source:                 top_i/axi_interconnect_0/s00_couplers/auto_ds/inst/gen_downsizer.gen_simple_downsizer.axi_downsizer_inst/USE_WRITE.write_addr_inst/cmd_queue/inst/fifo_gen_inst/inst_fifo_gen/gconvfifo.rf/grf.rf/rstblk/ngwrdrst.grst.g7serrst.gnsckt_wrst.gcc_rst.sckt_wr_rst_cc_reg[0]/C
                            (rising edge-triggered cell FDRE clocked by clk_pl_0  {rise@0.000ns fall@2.667ns period=5.333ns})
  Destination:            top_i/axi_interconnect_0/s00_couplers/auto_ds/inst/gen_downsizer.gen_simple_downsizer.axi_downsizer_inst/USE_WRITE.write_addr_inst/cmd_queue/inst/fifo_gen_inst/inst_fifo_gen/gconvfifo.rf/grf.rf/gntv_or_sync_fifo.gl0.rd/grss.rsts/ram_empty_i_reg/PRE
                            (removal check against rising-edge clock clk_pl_0  {rise@0.000ns fall@2.667ns period=5.333ns})
  Path Group:             **async_default**
  Path Type:              Removal (Min at Fast Process Corner)
  Requirement:            0.000ns  (clk_pl_0 rise@0.000ns - clk_pl_0 rise@0.000ns)
  Data Path Delay:        0.213ns  (logic 0.088ns (41.311%)  route 0.125ns (58.689%))
  Logic Levels:           1  (LUT3=1)
  Clock Path Skew:        0.050ns (DCD - SCD - CPR)
    Destination Clock Delay (DCD):    1.576ns
    Source Clock Delay      (SCD):    1.389ns
    Clock Pessimism Removal (CPR):    0.138ns
  Clock Net Delay (Source):      1.250ns (routing 0.519ns, distribution 0.731ns)
  Clock Net Delay (Destination): 1.404ns (routing 0.581ns, distribution 0.823ns)

    Location             Delay type                Incr(ns)  Path(ns)    Netlist Resource(s)
  -------------------------------------------------------------------    -------------------
                         (clock clk_pl_0 rise edge)
                                                      0.000     0.000 r  
    PS8_X0Y0             PS8                          0.000     0.000 r  top_i/zynq_ps/inst/PS8_i/PLCLK[0]
                         net (fo=1, routed)           0.122     0.122    top_i/zynq_ps/inst/pl_clk_unbuffered[0]
    BUFG_PS_X0Y80        BUFG_PS (Prop_BUFG_PS_I_O)
                                                      0.017     0.139 r  top_i/zynq_ps/inst/buffer_pl_clk_0.PL_CLK_0_BUFG/O
    X2Y2 (CLOCK_ROOT)    net (fo=38649, routed)       1.250     1.389    top_i/axi_interconnect_0/s00_couplers/auto_ds/inst/gen_downsizer.gen_simple_downsizer.axi_downsizer_inst/USE_WRITE.write_addr_inst/cmd_queue/inst/fifo_gen_inst/inst_fifo_gen/gconvfifo.rf/grf.rf/rstblk/clk
    SLICE_X53Y149        FDRE                                         r  top_i/axi_interconnect_0/s00_couplers/auto_ds/inst/gen_downsizer.gen_simple_downsizer.axi_downsizer_inst/USE_WRITE.write_addr_inst/cmd_queue/inst/fifo_gen_inst/inst_fifo_gen/gconvfifo.rf/grf.rf/rstblk/ngwrdrst.grst.g7serrst.gnsckt_wrst.gcc_rst.sckt_wr_rst_cc_reg[0]/C
  -------------------------------------------------------------------    -------------------
    SLICE_X53Y149        FDRE (Prop_EFF_SLICEM_C_Q)
                                                      0.038     1.427 f  top_i/axi_interconnect_0/s00_couplers/auto_ds/inst/gen_downsizer.gen_simple_downsizer.axi_downsizer_inst/USE_WRITE.write_addr_inst/cmd_queue/inst/fifo_gen_inst/inst_fifo_gen/gconvfifo.rf/grf.rf/rstblk/ngwrdrst.grst.g7serrst.gnsckt_wrst.gcc_rst.sckt_wr_rst_cc_reg[0]/Q
                         net (fo=3, routed)           0.032     1.459    top_i/axi_interconnect_0/s00_couplers/auto_ds/inst/gen_downsizer.gen_simple_downsizer.axi_downsizer_inst/USE_WRITE.write_addr_inst/cmd_queue/inst/fifo_gen_inst/inst_fifo_gen/gconvfifo.rf/grf.rf/rstblk/ngwrdrst.grst.g7serrst.gnsckt_wrst.gcc_rst.sckt_wr_rst_cc[0]
    SLICE_X53Y149        LUT3 (Prop_G6LUT_SLICEM_I1_O)
                                                      0.050     1.509 f  top_i/axi_interconnect_0/s00_couplers/auto_ds/inst/gen_downsizer.gen_simple_downsizer.axi_downsizer_inst/USE_WRITE.write_addr_inst/cmd_queue/inst/fifo_gen_inst/inst_fifo_gen/gconvfifo.rf/grf.rf/rstblk/gpregsm1.curr_fwft_state[1]_i_2/O
                         net (fo=32, routed)          0.093     1.602    top_i/axi_interconnect_0/s00_couplers/auto_ds/inst/gen_downsizer.gen_simple_downsizer.axi_downsizer_inst/USE_WRITE.write_addr_inst/cmd_queue/inst/fifo_gen_inst/inst_fifo_gen/gconvfifo.rf/grf.rf/gntv_or_sync_fifo.gl0.rd/grss.rsts/ram_empty_i_reg_1
    SLICE_X52Y149        FDPE                                         f  top_i/axi_interconnect_0/s00_couplers/auto_ds/inst/gen_downsizer.gen_simple_downsizer.axi_downsizer_inst/USE_WRITE.write_addr_inst/cmd_queue/inst/fifo_gen_inst/inst_fifo_gen/gconvfifo.rf/grf.rf/gntv_or_sync_fifo.gl0.rd/grss.rsts/ram_empty_i_reg/PRE
  -------------------------------------------------------------------    -------------------

                         (clock clk_pl_0 rise edge)
                                                      0.000     0.000 r  
    PS8_X0Y0             PS8                          0.000     0.000 r  top_i/zynq_ps/inst/PS8_i/PLCLK[0]
                         net (fo=1, routed)           0.154     0.154    top_i/zynq_ps/inst/pl_clk_unbuffered[0]
    BUFG_PS_X0Y80        BUFG_PS (Prop_BUFG_PS_I_O)
                                                      0.018     0.172 r  top_i/zynq_ps/inst/buffer_pl_clk_0.PL_CLK_0_BUFG/O
    X2Y2 (CLOCK_ROOT)    net (fo=38649, routed)       1.404     1.576    top_i/axi_interconnect_0/s00_couplers/auto_ds/inst/gen_downsizer.gen_simple_downsizer.axi_downsizer_inst/USE_WRITE.write_addr_inst/cmd_queue/inst/fifo_gen_inst/inst_fifo_gen/gconvfifo.rf/grf.rf/gntv_or_sync_fifo.gl0.rd/grss.rsts/clk
    SLICE_X52Y149        FDPE                                         r  top_i/axi_interconnect_0/s00_couplers/auto_ds/inst/gen_downsizer.gen_simple_downsizer.axi_downsizer_inst/USE_WRITE.write_addr_inst/cmd_queue/inst/fifo_gen_inst/inst_fifo_gen/gconvfifo.rf/grf.rf/gntv_or_sync_fifo.gl0.rd/grss.rsts/ram_empty_i_reg/C
                         clock pessimism             -0.138     1.439    
    SLICE_X52Y149        FDPE (Remov_EFF2_SLICEL_C_PRE)
                                                     -0.020     1.419    top_i/axi_interconnect_0/s00_couplers/auto_ds/inst/gen_downsizer.gen_simple_downsizer.axi_downsizer_inst/USE_WRITE.write_addr_inst/cmd_queue/inst/fifo_gen_inst/inst_fifo_gen/gconvfifo.rf/grf.rf/gntv_or_sync_fifo.gl0.rd/grss.rsts/ram_empty_i_reg
  -------------------------------------------------------------------
                         required time                         -1.419    
                         arrival time                           1.602    
  -------------------------------------------------------------------
                         slack                                  0.183    

Slack (MET) :             0.183ns  (arrival time - required time)
  Source:                 top_i/axi_interconnect_0/s00_couplers/auto_ds/inst/gen_downsizer.gen_simple_downsizer.axi_downsizer_inst/USE_WRITE.write_addr_inst/cmd_queue/inst/fifo_gen_inst/inst_fifo_gen/gconvfifo.rf/grf.rf/rstblk/ngwrdrst.grst.g7serrst.gnsckt_wrst.gcc_rst.sckt_wr_rst_cc_reg[0]/C
                            (rising edge-triggered cell FDRE clocked by clk_pl_0  {rise@0.000ns fall@2.667ns period=5.333ns})
  Destination:            top_i/axi_interconnect_0/s00_couplers/auto_ds/inst/gen_downsizer.gen_simple_downsizer.axi_downsizer_inst/USE_WRITE.write_addr_inst/cmd_queue/inst/fifo_gen_inst/inst_fifo_gen/gconvfifo.rf/grf.rf/gntv_or_sync_fifo.gl0.wr/gwss.wsts/ram_full_fb_i_reg/CLR
                            (removal check against rising-edge clock clk_pl_0  {rise@0.000ns fall@2.667ns period=5.333ns})
  Path Group:             **async_default**
  Path Type:              Removal (Min at Fast Process Corner)
  Requirement:            0.000ns  (clk_pl_0 rise@0.000ns - clk_pl_0 rise@0.000ns)
  Data Path Delay:        0.213ns  (logic 0.088ns (41.311%)  route 0.125ns (58.689%))
  Logic Levels:           1  (LUT3=1)
  Clock Path Skew:        0.050ns (DCD - SCD - CPR)
    Destination Clock Delay (DCD):    1.576ns
    Source Clock Delay      (SCD):    1.389ns
    Clock Pessimism Removal (CPR):    0.138ns
  Clock Net Delay (Source):      1.250ns (routing 0.519ns, distribution 0.731ns)
  Clock Net Delay (Destination): 1.404ns (routing 0.581ns, distribution 0.823ns)

    Location             Delay type                Incr(ns)  Path(ns)    Netlist Resource(s)
  -------------------------------------------------------------------    -------------------
                         (clock clk_pl_0 rise edge)
                                                      0.000     0.000 r  
    PS8_X0Y0             PS8                          0.000     0.000 r  top_i/zynq_ps/inst/PS8_i/PLCLK[0]
                         net (fo=1, routed)           0.122     0.122    top_i/zynq_ps/inst/pl_clk_unbuffered[0]
    BUFG_PS_X0Y80        BUFG_PS (Prop_BUFG_PS_I_O)
                                                      0.017     0.139 r  top_i/zynq_ps/inst/buffer_pl_clk_0.PL_CLK_0_BUFG/O
    X2Y2 (CLOCK_ROOT)    net (fo=38649, routed)       1.250     1.389    top_i/axi_interconnect_0/s00_couplers/auto_ds/inst/gen_downsizer.gen_simple_downsizer.axi_downsizer_inst/USE_WRITE.write_addr_inst/cmd_queue/inst/fifo_gen_inst/inst_fifo_gen/gconvfifo.rf/grf.rf/rstblk/clk
    SLICE_X53Y149        FDRE                                         r  top_i/axi_interconnect_0/s00_couplers/auto_ds/inst/gen_downsizer.gen_simple_downsizer.axi_downsizer_inst/USE_WRITE.write_addr_inst/cmd_queue/inst/fifo_gen_inst/inst_fifo_gen/gconvfifo.rf/grf.rf/rstblk/ngwrdrst.grst.g7serrst.gnsckt_wrst.gcc_rst.sckt_wr_rst_cc_reg[0]/C
  -------------------------------------------------------------------    -------------------
    SLICE_X53Y149        FDRE (Prop_EFF_SLICEM_C_Q)
                                                      0.038     1.427 f  top_i/axi_interconnect_0/s00_couplers/auto_ds/inst/gen_downsizer.gen_simple_downsizer.axi_downsizer_inst/USE_WRITE.write_addr_inst/cmd_queue/inst/fifo_gen_inst/inst_fifo_gen/gconvfifo.rf/grf.rf/rstblk/ngwrdrst.grst.g7serrst.gnsckt_wrst.gcc_rst.sckt_wr_rst_cc_reg[0]/Q
                         net (fo=3, routed)           0.032     1.459    top_i/axi_interconnect_0/s00_couplers/auto_ds/inst/gen_downsizer.gen_simple_downsizer.axi_downsizer_inst/USE_WRITE.write_addr_inst/cmd_queue/inst/fifo_gen_inst/inst_fifo_gen/gconvfifo.rf/grf.rf/rstblk/ngwrdrst.grst.g7serrst.gnsckt_wrst.gcc_rst.sckt_wr_rst_cc[0]
    SLICE_X53Y149        LUT3 (Prop_G6LUT_SLICEM_I1_O)
                                                      0.050     1.509 f  top_i/axi_interconnect_0/s00_couplers/auto_ds/inst/gen_downsizer.gen_simple_downsizer.axi_downsizer_inst/USE_WRITE.write_addr_inst/cmd_queue/inst/fifo_gen_inst/inst_fifo_gen/gconvfifo.rf/grf.rf/rstblk/gpregsm1.curr_fwft_state[1]_i_2/O
                         net (fo=32, routed)          0.093     1.602    top_i/axi_interconnect_0/s00_couplers/auto_ds/inst/gen_downsizer.gen_simple_downsizer.axi_downsizer_inst/USE_WRITE.write_addr_inst/cmd_queue/inst/fifo_gen_inst/inst_fifo_gen/gconvfifo.rf/grf.rf/gntv_or_sync_fifo.gl0.wr/gwss.wsts/AR[0]
    SLICE_X52Y149        FDCE                                         f  top_i/axi_interconnect_0/s00_couplers/auto_ds/inst/gen_downsizer.gen_simple_downsizer.axi_downsizer_inst/USE_WRITE.write_addr_inst/cmd_queue/inst/fifo_gen_inst/inst_fifo_gen/gconvfifo.rf/grf.rf/gntv_or_sync_fifo.gl0.wr/gwss.wsts/ram_full_fb_i_reg/CLR
  -------------------------------------------------------------------    -------------------

                         (clock clk_pl_0 rise edge)
                                                      0.000     0.000 r  
    PS8_X0Y0             PS8                          0.000     0.000 r  top_i/zynq_ps/inst/PS8_i/PLCLK[0]
                         net (fo=1, routed)           0.154     0.154    top_i/zynq_ps/inst/pl_clk_unbuffered[0]
    BUFG_PS_X0Y80        BUFG_PS (Prop_BUFG_PS_I_O)
                                                      0.018     0.172 r  top_i/zynq_ps/inst/buffer_pl_clk_0.PL_CLK_0_BUFG/O
    X2Y2 (CLOCK_ROOT)    net (fo=38649, routed)       1.404     1.576    top_i/axi_interconnect_0/s00_couplers/auto_ds/inst/gen_downsizer.gen_simple_downsizer.axi_downsizer_inst/USE_WRITE.write_addr_inst/cmd_queue/inst/fifo_gen_inst/inst_fifo_gen/gconvfifo.rf/grf.rf/gntv_or_sync_fifo.gl0.wr/gwss.wsts/clk
    SLICE_X52Y149        FDCE                                         r  top_i/axi_interconnect_0/s00_couplers/auto_ds/inst/gen_downsizer.gen_simple_downsizer.axi_downsizer_inst/USE_WRITE.write_addr_inst/cmd_queue/inst/fifo_gen_inst/inst_fifo_gen/gconvfifo.rf/grf.rf/gntv_or_sync_fifo.gl0.wr/gwss.wsts/ram_full_fb_i_reg/C
                         clock pessimism             -0.138     1.439    
    SLICE_X52Y149        FDCE (Remov_FFF_SLICEL_C_CLR)
                                                     -0.020     1.419    top_i/axi_interconnect_0/s00_couplers/auto_ds/inst/gen_downsizer.gen_simple_downsizer.axi_downsizer_inst/USE_WRITE.write_addr_inst/cmd_queue/inst/fifo_gen_inst/inst_fifo_gen/gconvfifo.rf/grf.rf/gntv_or_sync_fifo.gl0.wr/gwss.wsts/ram_full_fb_i_reg
  -------------------------------------------------------------------
                         required time                         -1.419    
                         arrival time                           1.602    
  -------------------------------------------------------------------
                         slack                                  0.183    

Slack (MET) :             0.183ns  (arrival time - required time)
  Source:                 top_i/axi_interconnect_0/s00_couplers/auto_ds/inst/gen_downsizer.gen_simple_downsizer.axi_downsizer_inst/USE_WRITE.write_addr_inst/cmd_queue/inst/fifo_gen_inst/inst_fifo_gen/gconvfifo.rf/grf.rf/rstblk/ngwrdrst.grst.g7serrst.gnsckt_wrst.gcc_rst.sckt_wr_rst_cc_reg[0]/C
                            (rising edge-triggered cell FDRE clocked by clk_pl_0  {rise@0.000ns fall@2.667ns period=5.333ns})
  Destination:            top_i/axi_interconnect_0/s00_couplers/auto_ds/inst/gen_downsizer.gen_simple_downsizer.axi_downsizer_inst/USE_WRITE.write_addr_inst/cmd_queue/inst/fifo_gen_inst/inst_fifo_gen/gconvfifo.rf/grf.rf/gntv_or_sync_fifo.gl0.wr/gwss.wsts/ram_full_i_reg/CLR
                            (removal check against rising-edge clock clk_pl_0  {rise@0.000ns fall@2.667ns period=5.333ns})
  Path Group:             **async_default**
  Path Type:              Removal (Min at Fast Process Corner)
  Requirement:            0.000ns  (clk_pl_0 rise@0.000ns - clk_pl_0 rise@0.000ns)
  Data Path Delay:        0.213ns  (logic 0.088ns (41.311%)  route 0.125ns (58.689%))
  Logic Levels:           1  (LUT3=1)
  Clock Path Skew:        0.050ns (DCD - SCD - CPR)
    Destination Clock Delay (DCD):    1.576ns
    Source Clock Delay      (SCD):    1.389ns
    Clock Pessimism Removal (CPR):    0.138ns
  Clock Net Delay (Source):      1.250ns (routing 0.519ns, distribution 0.731ns)
  Clock Net Delay (Destination): 1.404ns (routing 0.581ns, distribution 0.823ns)

    Location             Delay type                Incr(ns)  Path(ns)    Netlist Resource(s)
  -------------------------------------------------------------------    -------------------
                         (clock clk_pl_0 rise edge)
                                                      0.000     0.000 r  
    PS8_X0Y0             PS8                          0.000     0.000 r  top_i/zynq_ps/inst/PS8_i/PLCLK[0]
                         net (fo=1, routed)           0.122     0.122    top_i/zynq_ps/inst/pl_clk_unbuffered[0]
    BUFG_PS_X0Y80        BUFG_PS (Prop_BUFG_PS_I_O)
                                                      0.017     0.139 r  top_i/zynq_ps/inst/buffer_pl_clk_0.PL_CLK_0_BUFG/O
    X2Y2 (CLOCK_ROOT)    net (fo=38649, routed)       1.250     1.389    top_i/axi_interconnect_0/s00_couplers/auto_ds/inst/gen_downsizer.gen_simple_downsizer.axi_downsizer_inst/USE_WRITE.write_addr_inst/cmd_queue/inst/fifo_gen_inst/inst_fifo_gen/gconvfifo.rf/grf.rf/rstblk/clk
    SLICE_X53Y149        FDRE                                         r  top_i/axi_interconnect_0/s00_couplers/auto_ds/inst/gen_downsizer.gen_simple_downsizer.axi_downsizer_inst/USE_WRITE.write_addr_inst/cmd_queue/inst/fifo_gen_inst/inst_fifo_gen/gconvfifo.rf/grf.rf/rstblk/ngwrdrst.grst.g7serrst.gnsckt_wrst.gcc_rst.sckt_wr_rst_cc_reg[0]/C
  -------------------------------------------------------------------    -------------------
    SLICE_X53Y149        FDRE (Prop_EFF_SLICEM_C_Q)
                                                      0.038     1.427 f  top_i/axi_interconnect_0/s00_couplers/auto_ds/inst/gen_downsizer.gen_simple_downsizer.axi_downsizer_inst/USE_WRITE.write_addr_inst/cmd_queue/inst/fifo_gen_inst/inst_fifo_gen/gconvfifo.rf/grf.rf/rstblk/ngwrdrst.grst.g7serrst.gnsckt_wrst.gcc_rst.sckt_wr_rst_cc_reg[0]/Q
                         net (fo=3, routed)           0.032     1.459    top_i/axi_interconnect_0/s00_couplers/auto_ds/inst/gen_downsizer.gen_simple_downsizer.axi_downsizer_inst/USE_WRITE.write_addr_inst/cmd_queue/inst/fifo_gen_inst/inst_fifo_gen/gconvfifo.rf/grf.rf/rstblk/ngwrdrst.grst.g7serrst.gnsckt_wrst.gcc_rst.sckt_wr_rst_cc[0]
    SLICE_X53Y149        LUT3 (Prop_G6LUT_SLICEM_I1_O)
                                                      0.050     1.509 f  top_i/axi_interconnect_0/s00_couplers/auto_ds/inst/gen_downsizer.gen_simple_downsizer.axi_downsizer_inst/USE_WRITE.write_addr_inst/cmd_queue/inst/fifo_gen_inst/inst_fifo_gen/gconvfifo.rf/grf.rf/rstblk/gpregsm1.curr_fwft_state[1]_i_2/O
                         net (fo=32, routed)          0.093     1.602    top_i/axi_interconnect_0/s00_couplers/auto_ds/inst/gen_downsizer.gen_simple_downsizer.axi_downsizer_inst/USE_WRITE.write_addr_inst/cmd_queue/inst/fifo_gen_inst/inst_fifo_gen/gconvfifo.rf/grf.rf/gntv_or_sync_fifo.gl0.wr/gwss.wsts/AR[0]
    SLICE_X52Y149        FDCE                                         f  top_i/axi_interconnect_0/s00_couplers/auto_ds/inst/gen_downsizer.gen_simple_downsizer.axi_downsizer_inst/USE_WRITE.write_addr_inst/cmd_queue/inst/fifo_gen_inst/inst_fifo_gen/gconvfifo.rf/grf.rf/gntv_or_sync_fifo.gl0.wr/gwss.wsts/ram_full_i_reg/CLR
  -------------------------------------------------------------------    -------------------

                         (clock clk_pl_0 rise edge)
                                                      0.000     0.000 r  
    PS8_X0Y0             PS8                          0.000     0.000 r  top_i/zynq_ps/inst/PS8_i/PLCLK[0]
                         net (fo=1, routed)           0.154     0.154    top_i/zynq_ps/inst/pl_clk_unbuffered[0]
    BUFG_PS_X0Y80        BUFG_PS (Prop_BUFG_PS_I_O)
                                                      0.018     0.172 r  top_i/zynq_ps/inst/buffer_pl_clk_0.PL_CLK_0_BUFG/O
    X2Y2 (CLOCK_ROOT)    net (fo=38649, routed)       1.404     1.576    top_i/axi_interconnect_0/s00_couplers/auto_ds/inst/gen_downsizer.gen_simple_downsizer.axi_downsizer_inst/USE_WRITE.write_addr_inst/cmd_queue/inst/fifo_gen_inst/inst_fifo_gen/gconvfifo.rf/grf.rf/gntv_or_sync_fifo.gl0.wr/gwss.wsts/clk
    SLICE_X52Y149        FDCE                                         r  top_i/axi_interconnect_0/s00_couplers/auto_ds/inst/gen_downsizer.gen_simple_downsizer.axi_downsizer_inst/USE_WRITE.write_addr_inst/cmd_queue/inst/fifo_gen_inst/inst_fifo_gen/gconvfifo.rf/grf.rf/gntv_or_sync_fifo.gl0.wr/gwss.wsts/ram_full_i_reg/C
                         clock pessimism             -0.138     1.439    
    SLICE_X52Y149        FDCE (Remov_FFF2_SLICEL_C_CLR)
                                                     -0.020     1.419    top_i/axi_interconnect_0/s00_couplers/auto_ds/inst/gen_downsizer.gen_simple_downsizer.axi_downsizer_inst/USE_WRITE.write_addr_inst/cmd_queue/inst/fifo_gen_inst/inst_fifo_gen/gconvfifo.rf/grf.rf/gntv_or_sync_fifo.gl0.wr/gwss.wsts/ram_full_i_reg
  -------------------------------------------------------------------
                         required time                         -1.419    
                         arrival time                           1.602    
  -------------------------------------------------------------------
                         slack                                  0.183    





--------------------------------------------------------------------------------------
Path Group:  (none)
From Clock:  
  To Clock:  clk_pl_0

Max Delay             1 Endpoint
Min Delay             1 Endpoint
--------------------------------------------------------------------------------------


Max Delay Paths
--------------------------------------------------------------------------------------
Slack:                    inf
  Source:                 top_i/zynq_ps/inst/PS8_i/EMIOGPIOO[95]
                            (internal pin)
  Destination:            top_i/rst_zynq_ps_187M/U0/EXT_LPF/ACTIVE_LOW_EXT.ACT_LO_EXT/GENERATE_LEVEL_P_S_CDC.SINGLE_BIT.CROSS_PLEVEL_IN2SCNDRY_IN_cdc_to/D
                            (rising edge-triggered cell FDRE clocked by clk_pl_0  {rise@0.000ns fall@2.667ns period=5.333ns})
  Path Group:             (none)
  Path Type:              Setup (Max at Slow Process Corner)
  Data Path Delay:        2.056ns  (logic 0.152ns (7.393%)  route 1.904ns (92.607%))
  Logic Levels:           1  (LUT1=1)
  Clock Uncertainty:      0.109ns  ((TSJ^2 + DJ^2)^1/2) / 2 + PE
    Total System Jitter     (TSJ):    0.050ns
    Discrete Jitter          (DJ):    0.213ns
    Phase Error              (PE):    0.000ns
  Clock Net Delay (Destination): 2.017ns (routing 0.872ns, distribution 1.145ns)
  Timing Exception:       False Path

    Location             Delay type                Incr(ns)  Path(ns)    Netlist Resource(s)
  -------------------------------------------------------------------    -------------------
    PS8_X0Y0             PS8                          0.000     0.000 f  top_i/zynq_ps/inst/PS8_i/EMIOGPIOO[95]
                         net (fo=1, routed)           1.620     1.620    top_i/rst_zynq_ps_187M/U0/EXT_LPF/ACTIVE_LOW_EXT.ACT_LO_EXT/ext_reset_in
    SLICE_X93Y207        LUT1 (Prop_H6LUT_SLICEM_I0_O)
                                                      0.152     1.772 r  top_i/rst_zynq_ps_187M/U0/EXT_LPF/ACTIVE_LOW_EXT.ACT_LO_EXT/GENERATE_LEVEL_P_S_CDC.SINGLE_BIT.CROSS_PLEVEL_IN2SCNDRY_IN_cdc_to_i_1/O
                         net (fo=1, routed)           0.284     2.056    top_i/rst_zynq_ps_187M/U0/EXT_LPF/ACTIVE_LOW_EXT.ACT_LO_EXT/exr_d1
    SLICE_X93Y207        FDRE                                         r  top_i/rst_zynq_ps_187M/U0/EXT_LPF/ACTIVE_LOW_EXT.ACT_LO_EXT/GENERATE_LEVEL_P_S_CDC.SINGLE_BIT.CROSS_PLEVEL_IN2SCNDRY_IN_cdc_to/D
  -------------------------------------------------------------------    -------------------

                         (clock clk_pl_0 rise edge)
                                                      0.000     0.000 r  
    PS8_X0Y0             PS8                          0.000     0.000 r  top_i/zynq_ps/inst/PS8_i/PLCLK[0]
                         net (fo=1, routed)           0.143     0.143    top_i/zynq_ps/inst/pl_clk_unbuffered[0]
    BUFG_PS_X0Y80        BUFG_PS (Prop_BUFG_PS_I_O)
                                                      0.025     0.168 r  top_i/zynq_ps/inst/buffer_pl_clk_0.PL_CLK_0_BUFG/O
    X2Y2 (CLOCK_ROOT)    net (fo=38649, routed)       2.017     2.185    top_i/rst_zynq_ps_187M/U0/EXT_LPF/ACTIVE_LOW_EXT.ACT_LO_EXT/slowest_sync_clk
    SLICE_X93Y207        FDRE                                         r  top_i/rst_zynq_ps_187M/U0/EXT_LPF/ACTIVE_LOW_EXT.ACT_LO_EXT/GENERATE_LEVEL_P_S_CDC.SINGLE_BIT.CROSS_PLEVEL_IN2SCNDRY_IN_cdc_to/C





Min Delay Paths
--------------------------------------------------------------------------------------
Slack:                    inf
  Source:                 top_i/zynq_ps/inst/PS8_i/EMIOGPIOO[95]
                            (internal pin)
  Destination:            top_i/rst_zynq_ps_187M/U0/EXT_LPF/ACTIVE_LOW_EXT.ACT_LO_EXT/GENERATE_LEVEL_P_S_CDC.SINGLE_BIT.CROSS_PLEVEL_IN2SCNDRY_IN_cdc_to/D
                            (rising edge-triggered cell FDRE clocked by clk_pl_0  {rise@0.000ns fall@2.667ns period=5.333ns})
  Path Group:             (none)
  Path Type:              Hold (Min at Fast Process Corner)
  Data Path Delay:        0.993ns  (logic 0.061ns (6.143%)  route 0.932ns (93.857%))
  Logic Levels:           1  (LUT1=1)
  Clock Uncertainty:      0.109ns  ((TSJ^2 + DJ^2)^1/2) / 2 + PE
    Total System Jitter     (TSJ):    0.050ns
    Discrete Jitter          (DJ):    0.213ns
    Phase Error              (PE):    0.000ns
  Clock Net Delay (Destination): 1.393ns (routing 0.581ns, distribution 0.812ns)
  Timing Exception:       False Path

    Location             Delay type                Incr(ns)  Path(ns)    Netlist Resource(s)
  -------------------------------------------------------------------    -------------------
    PS8_X0Y0             PS8                          0.000     0.000 f  top_i/zynq_ps/inst/PS8_i/EMIOGPIOO[95]
                         net (fo=1, routed)           0.817     0.817    top_i/rst_zynq_ps_187M/U0/EXT_LPF/ACTIVE_LOW_EXT.ACT_LO_EXT/ext_reset_in
    SLICE_X93Y207        LUT1 (Prop_H6LUT_SLICEM_I0_O)
                                                      0.061     0.878 r  top_i/rst_zynq_ps_187M/U0/EXT_LPF/ACTIVE_LOW_EXT.ACT_LO_EXT/GENERATE_LEVEL_P_S_CDC.SINGLE_BIT.CROSS_PLEVEL_IN2SCNDRY_IN_cdc_to_i_1/O
                         net (fo=1, routed)           0.115     0.993    top_i/rst_zynq_ps_187M/U0/EXT_LPF/ACTIVE_LOW_EXT.ACT_LO_EXT/exr_d1
    SLICE_X93Y207        FDRE                                         r  top_i/rst_zynq_ps_187M/U0/EXT_LPF/ACTIVE_LOW_EXT.ACT_LO_EXT/GENERATE_LEVEL_P_S_CDC.SINGLE_BIT.CROSS_PLEVEL_IN2SCNDRY_IN_cdc_to/D
  -------------------------------------------------------------------    -------------------

                         (clock clk_pl_0 rise edge)
                                                      0.000     0.000 r  
    PS8_X0Y0             PS8                          0.000     0.000 r  top_i/zynq_ps/inst/PS8_i/PLCLK[0]
                         net (fo=1, routed)           0.154     0.154    top_i/zynq_ps/inst/pl_clk_unbuffered[0]
    BUFG_PS_X0Y80        BUFG_PS (Prop_BUFG_PS_I_O)
                                                      0.018     0.172 r  top_i/zynq_ps/inst/buffer_pl_clk_0.PL_CLK_0_BUFG/O
    X2Y2 (CLOCK_ROOT)    net (fo=38649, routed)       1.393     1.565    top_i/rst_zynq_ps_187M/U0/EXT_LPF/ACTIVE_LOW_EXT.ACT_LO_EXT/slowest_sync_clk
    SLICE_X93Y207        FDRE                                         r  top_i/rst_zynq_ps_187M/U0/EXT_LPF/ACTIVE_LOW_EXT.ACT_LO_EXT/GENERATE_LEVEL_P_S_CDC.SINGLE_BIT.CROSS_PLEVEL_IN2SCNDRY_IN_cdc_to/C





--------------------------------------------------------------------------------------
Path Group:  (none)
From Clock:  clk_pl_0
  To Clock:  clk_pl_0

Max Delay            82 Endpoints
Min Delay            82 Endpoints
--------------------------------------------------------------------------------------


Max Delay Paths
--------------------------------------------------------------------------------------
Slack:                    inf
  Source:                 top_i/rst_zynq_ps_187M/U0/ACTIVE_LOW_PR_OUT_DFF[0].FDRE_PER_N/C
                            (rising edge-triggered cell FDRE clocked by clk_pl_0  {rise@0.000ns fall@2.667ns period=5.333ns})
  Destination:            top_i/StreamingDataflowPartition_1/inst/StreamingDataflowPartition_1_StreamingFIFO_rtl_11/fifo/inst/gen_fifo.xpm_fifo_axis_inst/gaxis_rst_sync.xpm_cdc_sync_rst_inst/syncstages_ff_reg[0]/D
                            (rising edge-triggered cell FDRE clocked by clk_pl_0  {rise@0.000ns fall@2.667ns period=5.333ns})
  Path Group:             (none)
  Path Type:              Setup (Max at Slow Process Corner)
  Data Path Delay:        3.120ns  (logic 0.228ns (7.307%)  route 2.892ns (92.693%))
  Logic Levels:           1  (LUT1=1)
  Clock Path Skew:        -0.221ns (DCD - SCD + CPR)
    Destination Clock Delay (DCD):    2.154ns
    Source Clock Delay      (SCD):    2.375ns
    Clock Pessimism Removal (CPR):    0.000ns
  Clock Uncertainty:      0.112ns  ((TSJ^2 + DJ^2)^1/2) / 2 + PE
    Total System Jitter     (TSJ):    0.071ns
    Discrete Jitter          (DJ):    0.213ns
    Phase Error              (PE):    0.000ns
  Clock Net Delay (Source):      2.167ns (routing 0.960ns, distribution 1.207ns)
  Clock Net Delay (Destination): 1.986ns (routing 0.872ns, distribution 1.114ns)
  Timing Exception:       False Path

    Location             Delay type                Incr(ns)  Path(ns)    Netlist Resource(s)
  -------------------------------------------------------------------    -------------------
                         (clock clk_pl_0 rise edge)
                                                      0.000     0.000 r  
    PS8_X0Y0             PS8                          0.000     0.000 r  top_i/zynq_ps/inst/PS8_i/PLCLK[0]
                         net (fo=1, routed)           0.180     0.180    top_i/zynq_ps/inst/pl_clk_unbuffered[0]
    BUFG_PS_X0Y80        BUFG_PS (Prop_BUFG_PS_I_O)
                                                      0.028     0.208 r  top_i/zynq_ps/inst/buffer_pl_clk_0.PL_CLK_0_BUFG/O
    X2Y2 (CLOCK_ROOT)    net (fo=38649, routed)       2.167     2.375    top_i/rst_zynq_ps_187M/U0/slowest_sync_clk
    SLICE_X69Y202        FDRE                                         r  top_i/rst_zynq_ps_187M/U0/ACTIVE_LOW_PR_OUT_DFF[0].FDRE_PER_N/C
  -------------------------------------------------------------------    -------------------
    SLICE_X69Y202        FDRE (Prop_EFF_SLICEL_C_Q)
                                                      0.079     2.454 f  top_i/rst_zynq_ps_187M/U0/ACTIVE_LOW_PR_OUT_DFF[0].FDRE_PER_N/Q
                         net (fo=13, routed)          2.743     5.197    top_i/StreamingDataflowPartition_1/inst/StreamingDataflowPartition_1_StreamingFIFO_rtl_11/fifo/inst/gen_fifo.xpm_fifo_axis_inst/s_aresetn
    SLICE_X68Y319        LUT1 (Prop_G6LUT_SLICEL_I0_O)
                                                      0.149     5.346 r  top_i/StreamingDataflowPartition_1/inst/StreamingDataflowPartition_1_StreamingFIFO_rtl_11/fifo/inst/gen_fifo.xpm_fifo_axis_inst/gaxis_rst_sync.xpm_cdc_sync_rst_inst_i_1/O
                         net (fo=1, routed)           0.149     5.495    top_i/StreamingDataflowPartition_1/inst/StreamingDataflowPartition_1_StreamingFIFO_rtl_11/fifo/inst/gen_fifo.xpm_fifo_axis_inst/gaxis_rst_sync.xpm_cdc_sync_rst_inst/src_rst
    SLICE_X68Y319        FDRE                                         r  top_i/StreamingDataflowPartition_1/inst/StreamingDataflowPartition_1_StreamingFIFO_rtl_11/fifo/inst/gen_fifo.xpm_fifo_axis_inst/gaxis_rst_sync.xpm_cdc_sync_rst_inst/syncstages_ff_reg[0]/D
  -------------------------------------------------------------------    -------------------

                         (clock clk_pl_0 rise edge)
                                                      0.000     0.000 r  
    PS8_X0Y0             PS8                          0.000     0.000 r  top_i/zynq_ps/inst/PS8_i/PLCLK[0]
                         net (fo=1, routed)           0.143     0.143    top_i/zynq_ps/inst/pl_clk_unbuffered[0]
    BUFG_PS_X0Y80        BUFG_PS (Prop_BUFG_PS_I_O)
                                                      0.025     0.168 r  top_i/zynq_ps/inst/buffer_pl_clk_0.PL_CLK_0_BUFG/O
    X2Y2 (CLOCK_ROOT)    net (fo=38649, routed)       1.986     2.154    top_i/StreamingDataflowPartition_1/inst/StreamingDataflowPartition_1_StreamingFIFO_rtl_11/fifo/inst/gen_fifo.xpm_fifo_axis_inst/gaxis_rst_sync.xpm_cdc_sync_rst_inst/dest_clk
    SLICE_X68Y319        FDRE                                         r  top_i/StreamingDataflowPartition_1/inst/StreamingDataflowPartition_1_StreamingFIFO_rtl_11/fifo/inst/gen_fifo.xpm_fifo_axis_inst/gaxis_rst_sync.xpm_cdc_sync_rst_inst/syncstages_ff_reg[0]/C

Slack:                    inf
  Source:                 top_i/rst_zynq_ps_187M/U0/ACTIVE_LOW_PR_OUT_DFF[0].FDRE_PER_N/C
                            (rising edge-triggered cell FDRE clocked by clk_pl_0  {rise@0.000ns fall@2.667ns period=5.333ns})
  Destination:            top_i/StreamingDataflowPartition_1/inst/StreamingDataflowPartition_1_StreamingFIFO_rtl_9/fifo/inst/gen_fifo.xpm_fifo_axis_inst/gaxis_rst_sync.xpm_cdc_sync_rst_inst/syncstages_ff_reg[0]/D
                            (rising edge-triggered cell FDRE clocked by clk_pl_0  {rise@0.000ns fall@2.667ns period=5.333ns})
  Path Group:             (none)
  Path Type:              Setup (Max at Slow Process Corner)
  Data Path Delay:        3.015ns  (logic 0.193ns (6.402%)  route 2.822ns (93.598%))
  Logic Levels:           1  (LUT1=1)
  Clock Path Skew:        -0.126ns (DCD - SCD + CPR)
    Destination Clock Delay (DCD):    2.249ns
    Source Clock Delay      (SCD):    2.375ns
    Clock Pessimism Removal (CPR):    0.000ns
  Clock Uncertainty:      0.112ns  ((TSJ^2 + DJ^2)^1/2) / 2 + PE
    Total System Jitter     (TSJ):    0.071ns
    Discrete Jitter          (DJ):    0.213ns
    Phase Error              (PE):    0.000ns
  Clock Net Delay (Source):      2.167ns (routing 0.960ns, distribution 1.207ns)
  Clock Net Delay (Destination): 2.081ns (routing 0.872ns, distribution 1.209ns)
  Timing Exception:       False Path

    Location             Delay type                Incr(ns)  Path(ns)    Netlist Resource(s)
  -------------------------------------------------------------------    -------------------
                         (clock clk_pl_0 rise edge)
                                                      0.000     0.000 r  
    PS8_X0Y0             PS8                          0.000     0.000 r  top_i/zynq_ps/inst/PS8_i/PLCLK[0]
                         net (fo=1, routed)           0.180     0.180    top_i/zynq_ps/inst/pl_clk_unbuffered[0]
    BUFG_PS_X0Y80        BUFG_PS (Prop_BUFG_PS_I_O)
                                                      0.028     0.208 r  top_i/zynq_ps/inst/buffer_pl_clk_0.PL_CLK_0_BUFG/O
    X2Y2 (CLOCK_ROOT)    net (fo=38649, routed)       2.167     2.375    top_i/rst_zynq_ps_187M/U0/slowest_sync_clk
    SLICE_X69Y202        FDRE                                         r  top_i/rst_zynq_ps_187M/U0/ACTIVE_LOW_PR_OUT_DFF[0].FDRE_PER_N/C
  -------------------------------------------------------------------    -------------------
    SLICE_X69Y202        FDRE (Prop_EFF_SLICEL_C_Q)
                                                      0.079     2.454 f  top_i/rst_zynq_ps_187M/U0/ACTIVE_LOW_PR_OUT_DFF[0].FDRE_PER_N/Q
                         net (fo=13, routed)          2.427     4.881    top_i/StreamingDataflowPartition_1/inst/StreamingDataflowPartition_1_StreamingFIFO_rtl_9/fifo/inst/gen_fifo.xpm_fifo_axis_inst/s_aresetn
    SLICE_X51Y21         LUT1 (Prop_E5LUT_SLICEL_I0_O)
                                                      0.114     4.995 r  top_i/StreamingDataflowPartition_1/inst/StreamingDataflowPartition_1_StreamingFIFO_rtl_9/fifo/inst/gen_fifo.xpm_fifo_axis_inst/gaxis_rst_sync.xpm_cdc_sync_rst_inst_i_1/O
                         net (fo=1, routed)           0.395     5.390    top_i/StreamingDataflowPartition_1/inst/StreamingDataflowPartition_1_StreamingFIFO_rtl_9/fifo/inst/gen_fifo.xpm_fifo_axis_inst/gaxis_rst_sync.xpm_cdc_sync_rst_inst/src_rst
    SLICE_X51Y21         FDRE                                         r  top_i/StreamingDataflowPartition_1/inst/StreamingDataflowPartition_1_StreamingFIFO_rtl_9/fifo/inst/gen_fifo.xpm_fifo_axis_inst/gaxis_rst_sync.xpm_cdc_sync_rst_inst/syncstages_ff_reg[0]/D
  -------------------------------------------------------------------    -------------------

                         (clock clk_pl_0 rise edge)
                                                      0.000     0.000 r  
    PS8_X0Y0             PS8                          0.000     0.000 r  top_i/zynq_ps/inst/PS8_i/PLCLK[0]
                         net (fo=1, routed)           0.143     0.143    top_i/zynq_ps/inst/pl_clk_unbuffered[0]
    BUFG_PS_X0Y80        BUFG_PS (Prop_BUFG_PS_I_O)
                                                      0.025     0.168 r  top_i/zynq_ps/inst/buffer_pl_clk_0.PL_CLK_0_BUFG/O
    X2Y2 (CLOCK_ROOT)    net (fo=38649, routed)       2.081     2.249    top_i/StreamingDataflowPartition_1/inst/StreamingDataflowPartition_1_StreamingFIFO_rtl_9/fifo/inst/gen_fifo.xpm_fifo_axis_inst/gaxis_rst_sync.xpm_cdc_sync_rst_inst/dest_clk
    SLICE_X51Y21         FDRE                                         r  top_i/StreamingDataflowPartition_1/inst/StreamingDataflowPartition_1_StreamingFIFO_rtl_9/fifo/inst/gen_fifo.xpm_fifo_axis_inst/gaxis_rst_sync.xpm_cdc_sync_rst_inst/syncstages_ff_reg[0]/C

Slack:                    inf
  Source:                 top_i/rst_zynq_ps_187M/U0/ACTIVE_LOW_PR_OUT_DFF[0].FDRE_PER_N/C
                            (rising edge-triggered cell FDRE clocked by clk_pl_0  {rise@0.000ns fall@2.667ns period=5.333ns})
  Destination:            top_i/StreamingDataflowPartition_1/inst/StreamingDataflowPartition_1_StreamingFIFO_rtl_13/fifo/inst/gen_fifo.xpm_fifo_axis_inst/gaxis_rst_sync.xpm_cdc_sync_rst_inst/syncstages_ff_reg[0]/D
                            (rising edge-triggered cell FDRE clocked by clk_pl_0  {rise@0.000ns fall@2.667ns period=5.333ns})
  Path Group:             (none)
  Path Type:              Setup (Max at Slow Process Corner)
  Data Path Delay:        2.949ns  (logic 0.118ns (4.001%)  route 2.831ns (95.999%))
  Logic Levels:           1  (LUT1=1)
  Clock Path Skew:        -0.216ns (DCD - SCD + CPR)
    Destination Clock Delay (DCD):    2.159ns
    Source Clock Delay      (SCD):    2.375ns
    Clock Pessimism Removal (CPR):    0.000ns
  Clock Uncertainty:      0.112ns  ((TSJ^2 + DJ^2)^1/2) / 2 + PE
    Total System Jitter     (TSJ):    0.071ns
    Discrete Jitter          (DJ):    0.213ns
    Phase Error              (PE):    0.000ns
  Clock Net Delay (Source):      2.167ns (routing 0.960ns, distribution 1.207ns)
  Clock Net Delay (Destination): 1.991ns (routing 0.872ns, distribution 1.119ns)
  Timing Exception:       False Path

    Location             Delay type                Incr(ns)  Path(ns)    Netlist Resource(s)
  -------------------------------------------------------------------    -------------------
                         (clock clk_pl_0 rise edge)
                                                      0.000     0.000 r  
    PS8_X0Y0             PS8                          0.000     0.000 r  top_i/zynq_ps/inst/PS8_i/PLCLK[0]
                         net (fo=1, routed)           0.180     0.180    top_i/zynq_ps/inst/pl_clk_unbuffered[0]
    BUFG_PS_X0Y80        BUFG_PS (Prop_BUFG_PS_I_O)
                                                      0.028     0.208 r  top_i/zynq_ps/inst/buffer_pl_clk_0.PL_CLK_0_BUFG/O
    X2Y2 (CLOCK_ROOT)    net (fo=38649, routed)       2.167     2.375    top_i/rst_zynq_ps_187M/U0/slowest_sync_clk
    SLICE_X69Y202        FDRE                                         r  top_i/rst_zynq_ps_187M/U0/ACTIVE_LOW_PR_OUT_DFF[0].FDRE_PER_N/C
  -------------------------------------------------------------------    -------------------
    SLICE_X69Y202        FDRE (Prop_EFF_SLICEL_C_Q)
                                                      0.079     2.454 f  top_i/rst_zynq_ps_187M/U0/ACTIVE_LOW_PR_OUT_DFF[0].FDRE_PER_N/Q
                         net (fo=13, routed)          2.547     5.001    top_i/StreamingDataflowPartition_1/inst/StreamingDataflowPartition_1_StreamingFIFO_rtl_13/fifo/inst/gen_fifo.xpm_fifo_axis_inst/s_aresetn
    SLICE_X70Y303        LUT1 (Prop_H6LUT_SLICEM_I0_O)
                                                      0.039     5.040 r  top_i/StreamingDataflowPartition_1/inst/StreamingDataflowPartition_1_StreamingFIFO_rtl_13/fifo/inst/gen_fifo.xpm_fifo_axis_inst/gaxis_rst_sync.xpm_cdc_sync_rst_inst_i_1/O
                         net (fo=1, routed)           0.284     5.324    top_i/StreamingDataflowPartition_1/inst/StreamingDataflowPartition_1_StreamingFIFO_rtl_13/fifo/inst/gen_fifo.xpm_fifo_axis_inst/gaxis_rst_sync.xpm_cdc_sync_rst_inst/src_rst
    SLICE_X70Y303        FDRE                                         r  top_i/StreamingDataflowPartition_1/inst/StreamingDataflowPartition_1_StreamingFIFO_rtl_13/fifo/inst/gen_fifo.xpm_fifo_axis_inst/gaxis_rst_sync.xpm_cdc_sync_rst_inst/syncstages_ff_reg[0]/D
  -------------------------------------------------------------------    -------------------

                         (clock clk_pl_0 rise edge)
                                                      0.000     0.000 r  
    PS8_X0Y0             PS8                          0.000     0.000 r  top_i/zynq_ps/inst/PS8_i/PLCLK[0]
                         net (fo=1, routed)           0.143     0.143    top_i/zynq_ps/inst/pl_clk_unbuffered[0]
    BUFG_PS_X0Y80        BUFG_PS (Prop_BUFG_PS_I_O)
                                                      0.025     0.168 r  top_i/zynq_ps/inst/buffer_pl_clk_0.PL_CLK_0_BUFG/O
    X2Y2 (CLOCK_ROOT)    net (fo=38649, routed)       1.991     2.159    top_i/StreamingDataflowPartition_1/inst/StreamingDataflowPartition_1_StreamingFIFO_rtl_13/fifo/inst/gen_fifo.xpm_fifo_axis_inst/gaxis_rst_sync.xpm_cdc_sync_rst_inst/dest_clk
    SLICE_X70Y303        FDRE                                         r  top_i/StreamingDataflowPartition_1/inst/StreamingDataflowPartition_1_StreamingFIFO_rtl_13/fifo/inst/gen_fifo.xpm_fifo_axis_inst/gaxis_rst_sync.xpm_cdc_sync_rst_inst/syncstages_ff_reg[0]/C

Slack:                    inf
  Source:                 top_i/rst_zynq_ps_187M/U0/ACTIVE_LOW_PR_OUT_DFF[0].FDRE_PER_N/C
                            (rising edge-triggered cell FDRE clocked by clk_pl_0  {rise@0.000ns fall@2.667ns period=5.333ns})
  Destination:            top_i/StreamingDataflowPartition_1/inst/StreamingDataflowPartition_1_StreamingFIFO_rtl_12/fifo/inst/gen_fifo.xpm_fifo_axis_inst/gaxis_rst_sync.xpm_cdc_sync_rst_inst/syncstages_ff_reg[0]/D
                            (rising edge-triggered cell FDRE clocked by clk_pl_0  {rise@0.000ns fall@2.667ns period=5.333ns})
  Path Group:             (none)
  Path Type:              Setup (Max at Slow Process Corner)
  Data Path Delay:        2.901ns  (logic 0.132ns (4.550%)  route 2.769ns (95.450%))
  Logic Levels:           1  (LUT1=1)
  Clock Path Skew:        -0.223ns (DCD - SCD + CPR)
    Destination Clock Delay (DCD):    2.152ns
    Source Clock Delay      (SCD):    2.375ns
    Clock Pessimism Removal (CPR):    0.000ns
  Clock Uncertainty:      0.112ns  ((TSJ^2 + DJ^2)^1/2) / 2 + PE
    Total System Jitter     (TSJ):    0.071ns
    Discrete Jitter          (DJ):    0.213ns
    Phase Error              (PE):    0.000ns
  Clock Net Delay (Source):      2.167ns (routing 0.960ns, distribution 1.207ns)
  Clock Net Delay (Destination): 1.984ns (routing 0.872ns, distribution 1.112ns)
  Timing Exception:       False Path

    Location             Delay type                Incr(ns)  Path(ns)    Netlist Resource(s)
  -------------------------------------------------------------------    -------------------
                         (clock clk_pl_0 rise edge)
                                                      0.000     0.000 r  
    PS8_X0Y0             PS8                          0.000     0.000 r  top_i/zynq_ps/inst/PS8_i/PLCLK[0]
                         net (fo=1, routed)           0.180     0.180    top_i/zynq_ps/inst/pl_clk_unbuffered[0]
    BUFG_PS_X0Y80        BUFG_PS (Prop_BUFG_PS_I_O)
                                                      0.028     0.208 r  top_i/zynq_ps/inst/buffer_pl_clk_0.PL_CLK_0_BUFG/O
    X2Y2 (CLOCK_ROOT)    net (fo=38649, routed)       2.167     2.375    top_i/rst_zynq_ps_187M/U0/slowest_sync_clk
    SLICE_X69Y202        FDRE                                         r  top_i/rst_zynq_ps_187M/U0/ACTIVE_LOW_PR_OUT_DFF[0].FDRE_PER_N/C
  -------------------------------------------------------------------    -------------------
    SLICE_X69Y202        FDRE (Prop_EFF_SLICEL_C_Q)
                                                      0.079     2.454 f  top_i/rst_zynq_ps_187M/U0/ACTIVE_LOW_PR_OUT_DFF[0].FDRE_PER_N/Q
                         net (fo=13, routed)          2.460     4.914    top_i/StreamingDataflowPartition_1/inst/StreamingDataflowPartition_1_StreamingFIFO_rtl_12/fifo/inst/gen_fifo.xpm_fifo_axis_inst/s_aresetn
    SLICE_X67Y297        LUT1 (Prop_H6LUT_SLICEM_I0_O)
                                                      0.053     4.967 r  top_i/StreamingDataflowPartition_1/inst/StreamingDataflowPartition_1_StreamingFIFO_rtl_12/fifo/inst/gen_fifo.xpm_fifo_axis_inst/gaxis_rst_sync.xpm_cdc_sync_rst_inst_i_1/O
                         net (fo=1, routed)           0.309     5.276    top_i/StreamingDataflowPartition_1/inst/StreamingDataflowPartition_1_StreamingFIFO_rtl_12/fifo/inst/gen_fifo.xpm_fifo_axis_inst/gaxis_rst_sync.xpm_cdc_sync_rst_inst/src_rst
    SLICE_X67Y297        FDRE                                         r  top_i/StreamingDataflowPartition_1/inst/StreamingDataflowPartition_1_StreamingFIFO_rtl_12/fifo/inst/gen_fifo.xpm_fifo_axis_inst/gaxis_rst_sync.xpm_cdc_sync_rst_inst/syncstages_ff_reg[0]/D
  -------------------------------------------------------------------    -------------------

                         (clock clk_pl_0 rise edge)
                                                      0.000     0.000 r  
    PS8_X0Y0             PS8                          0.000     0.000 r  top_i/zynq_ps/inst/PS8_i/PLCLK[0]
                         net (fo=1, routed)           0.143     0.143    top_i/zynq_ps/inst/pl_clk_unbuffered[0]
    BUFG_PS_X0Y80        BUFG_PS (Prop_BUFG_PS_I_O)
                                                      0.025     0.168 r  top_i/zynq_ps/inst/buffer_pl_clk_0.PL_CLK_0_BUFG/O
    X2Y2 (CLOCK_ROOT)    net (fo=38649, routed)       1.984     2.152    top_i/StreamingDataflowPartition_1/inst/StreamingDataflowPartition_1_StreamingFIFO_rtl_12/fifo/inst/gen_fifo.xpm_fifo_axis_inst/gaxis_rst_sync.xpm_cdc_sync_rst_inst/dest_clk
    SLICE_X67Y297        FDRE                                         r  top_i/StreamingDataflowPartition_1/inst/StreamingDataflowPartition_1_StreamingFIFO_rtl_12/fifo/inst/gen_fifo.xpm_fifo_axis_inst/gaxis_rst_sync.xpm_cdc_sync_rst_inst/syncstages_ff_reg[0]/C

Slack:                    inf
  Source:                 top_i/rst_zynq_ps_187M/U0/ACTIVE_LOW_PR_OUT_DFF[0].FDRE_PER_N/C
                            (rising edge-triggered cell FDRE clocked by clk_pl_0  {rise@0.000ns fall@2.667ns period=5.333ns})
  Destination:            top_i/StreamingDataflowPartition_1/inst/StreamingDataflowPartition_1_StreamingFIFO_rtl_6/fifo/inst/gen_fifo.xpm_fifo_axis_inst/gaxis_rst_sync.xpm_cdc_sync_rst_inst/syncstages_ff_reg[0]/D
                            (rising edge-triggered cell FDRE clocked by clk_pl_0  {rise@0.000ns fall@2.667ns period=5.333ns})
  Path Group:             (none)
  Path Type:              Setup (Max at Slow Process Corner)
  Data Path Delay:        2.883ns  (logic 0.190ns (6.591%)  route 2.693ns (93.409%))
  Logic Levels:           1  (LUT1=1)
  Clock Path Skew:        -0.139ns (DCD - SCD + CPR)
    Destination Clock Delay (DCD):    2.236ns
    Source Clock Delay      (SCD):    2.375ns
    Clock Pessimism Removal (CPR):    0.000ns
  Clock Uncertainty:      0.112ns  ((TSJ^2 + DJ^2)^1/2) / 2 + PE
    Total System Jitter     (TSJ):    0.071ns
    Discrete Jitter          (DJ):    0.213ns
    Phase Error              (PE):    0.000ns
  Clock Net Delay (Source):      2.167ns (routing 0.960ns, distribution 1.207ns)
  Clock Net Delay (Destination): 2.068ns (routing 0.872ns, distribution 1.196ns)
  Timing Exception:       False Path

    Location             Delay type                Incr(ns)  Path(ns)    Netlist Resource(s)
  -------------------------------------------------------------------    -------------------
                         (clock clk_pl_0 rise edge)
                                                      0.000     0.000 r  
    PS8_X0Y0             PS8                          0.000     0.000 r  top_i/zynq_ps/inst/PS8_i/PLCLK[0]
                         net (fo=1, routed)           0.180     0.180    top_i/zynq_ps/inst/pl_clk_unbuffered[0]
    BUFG_PS_X0Y80        BUFG_PS (Prop_BUFG_PS_I_O)
                                                      0.028     0.208 r  top_i/zynq_ps/inst/buffer_pl_clk_0.PL_CLK_0_BUFG/O
    X2Y2 (CLOCK_ROOT)    net (fo=38649, routed)       2.167     2.375    top_i/rst_zynq_ps_187M/U0/slowest_sync_clk
    SLICE_X69Y202        FDRE                                         r  top_i/rst_zynq_ps_187M/U0/ACTIVE_LOW_PR_OUT_DFF[0].FDRE_PER_N/C
  -------------------------------------------------------------------    -------------------
    SLICE_X69Y202        FDRE (Prop_EFF_SLICEL_C_Q)
                                                      0.079     2.454 f  top_i/rst_zynq_ps_187M/U0/ACTIVE_LOW_PR_OUT_DFF[0].FDRE_PER_N/Q
                         net (fo=13, routed)          2.371     4.825    top_i/StreamingDataflowPartition_1/inst/StreamingDataflowPartition_1_StreamingFIFO_rtl_6/fifo/inst/gen_fifo.xpm_fifo_axis_inst/s_aresetn
    SLICE_X56Y34         LUT1 (Prop_C5LUT_SLICEM_I0_O)
                                                      0.111     4.936 r  top_i/StreamingDataflowPartition_1/inst/StreamingDataflowPartition_1_StreamingFIFO_rtl_6/fifo/inst/gen_fifo.xpm_fifo_axis_inst/gaxis_rst_sync.xpm_cdc_sync_rst_inst_i_1/O
                         net (fo=1, routed)           0.322     5.258    top_i/StreamingDataflowPartition_1/inst/StreamingDataflowPartition_1_StreamingFIFO_rtl_6/fifo/inst/gen_fifo.xpm_fifo_axis_inst/gaxis_rst_sync.xpm_cdc_sync_rst_inst/src_rst
    SLICE_X56Y34         FDRE                                         r  top_i/StreamingDataflowPartition_1/inst/StreamingDataflowPartition_1_StreamingFIFO_rtl_6/fifo/inst/gen_fifo.xpm_fifo_axis_inst/gaxis_rst_sync.xpm_cdc_sync_rst_inst/syncstages_ff_reg[0]/D
  -------------------------------------------------------------------    -------------------

                         (clock clk_pl_0 rise edge)
                                                      0.000     0.000 r  
    PS8_X0Y0             PS8                          0.000     0.000 r  top_i/zynq_ps/inst/PS8_i/PLCLK[0]
                         net (fo=1, routed)           0.143     0.143    top_i/zynq_ps/inst/pl_clk_unbuffered[0]
    BUFG_PS_X0Y80        BUFG_PS (Prop_BUFG_PS_I_O)
                                                      0.025     0.168 r  top_i/zynq_ps/inst/buffer_pl_clk_0.PL_CLK_0_BUFG/O
    X2Y2 (CLOCK_ROOT)    net (fo=38649, routed)       2.068     2.236    top_i/StreamingDataflowPartition_1/inst/StreamingDataflowPartition_1_StreamingFIFO_rtl_6/fifo/inst/gen_fifo.xpm_fifo_axis_inst/gaxis_rst_sync.xpm_cdc_sync_rst_inst/dest_clk
    SLICE_X56Y34         FDRE                                         r  top_i/StreamingDataflowPartition_1/inst/StreamingDataflowPartition_1_StreamingFIFO_rtl_6/fifo/inst/gen_fifo.xpm_fifo_axis_inst/gaxis_rst_sync.xpm_cdc_sync_rst_inst/syncstages_ff_reg[0]/C

Slack:                    inf
  Source:                 top_i/rst_zynq_ps_187M/U0/ACTIVE_LOW_PR_OUT_DFF[0].FDRE_PER_N/C
                            (rising edge-triggered cell FDRE clocked by clk_pl_0  {rise@0.000ns fall@2.667ns period=5.333ns})
  Destination:            top_i/StreamingDataflowPartition_1/inst/StreamingDataflowPartition_1_StreamingFIFO_rtl_5/fifo/inst/gen_fifo.xpm_fifo_axis_inst/gaxis_rst_sync.xpm_cdc_sync_rst_inst/syncstages_ff_reg[0]/D
                            (rising edge-triggered cell FDRE clocked by clk_pl_0  {rise@0.000ns fall@2.667ns period=5.333ns})
  Path Group:             (none)
  Path Type:              Setup (Max at Slow Process Corner)
  Data Path Delay:        2.729ns  (logic 0.177ns (6.487%)  route 2.552ns (93.513%))
  Logic Levels:           1  (LUT1=1)
  Clock Path Skew:        -0.138ns (DCD - SCD + CPR)
    Destination Clock Delay (DCD):    2.237ns
    Source Clock Delay      (SCD):    2.375ns
    Clock Pessimism Removal (CPR):    0.000ns
  Clock Uncertainty:      0.112ns  ((TSJ^2 + DJ^2)^1/2) / 2 + PE
    Total System Jitter     (TSJ):    0.071ns
    Discrete Jitter          (DJ):    0.213ns
    Phase Error              (PE):    0.000ns
  Clock Net Delay (Source):      2.167ns (routing 0.960ns, distribution 1.207ns)
  Clock Net Delay (Destination): 2.069ns (routing 0.872ns, distribution 1.197ns)
  Timing Exception:       False Path

    Location             Delay type                Incr(ns)  Path(ns)    Netlist Resource(s)
  -------------------------------------------------------------------    -------------------
                         (clock clk_pl_0 rise edge)
                                                      0.000     0.000 r  
    PS8_X0Y0             PS8                          0.000     0.000 r  top_i/zynq_ps/inst/PS8_i/PLCLK[0]
                         net (fo=1, routed)           0.180     0.180    top_i/zynq_ps/inst/pl_clk_unbuffered[0]
    BUFG_PS_X0Y80        BUFG_PS (Prop_BUFG_PS_I_O)
                                                      0.028     0.208 r  top_i/zynq_ps/inst/buffer_pl_clk_0.PL_CLK_0_BUFG/O
    X2Y2 (CLOCK_ROOT)    net (fo=38649, routed)       2.167     2.375    top_i/rst_zynq_ps_187M/U0/slowest_sync_clk
    SLICE_X69Y202        FDRE                                         r  top_i/rst_zynq_ps_187M/U0/ACTIVE_LOW_PR_OUT_DFF[0].FDRE_PER_N/C
  -------------------------------------------------------------------    -------------------
    SLICE_X69Y202        FDRE (Prop_EFF_SLICEL_C_Q)
                                                      0.079     2.454 f  top_i/rst_zynq_ps_187M/U0/ACTIVE_LOW_PR_OUT_DFF[0].FDRE_PER_N/Q
                         net (fo=13, routed)          2.371     4.825    top_i/StreamingDataflowPartition_1/inst/StreamingDataflowPartition_1_StreamingFIFO_rtl_5/fifo/inst/gen_fifo.xpm_fifo_axis_inst/s_aresetn
    SLICE_X56Y34         LUT1 (Prop_C6LUT_SLICEM_I0_O)
                                                      0.098     4.923 r  top_i/StreamingDataflowPartition_1/inst/StreamingDataflowPartition_1_StreamingFIFO_rtl_5/fifo/inst/gen_fifo.xpm_fifo_axis_inst/gaxis_rst_sync.xpm_cdc_sync_rst_inst_i_1/O
                         net (fo=1, routed)           0.181     5.104    top_i/StreamingDataflowPartition_1/inst/StreamingDataflowPartition_1_StreamingFIFO_rtl_5/fifo/inst/gen_fifo.xpm_fifo_axis_inst/gaxis_rst_sync.xpm_cdc_sync_rst_inst/src_rst
    SLICE_X56Y34         FDRE                                         r  top_i/StreamingDataflowPartition_1/inst/StreamingDataflowPartition_1_StreamingFIFO_rtl_5/fifo/inst/gen_fifo.xpm_fifo_axis_inst/gaxis_rst_sync.xpm_cdc_sync_rst_inst/syncstages_ff_reg[0]/D
  -------------------------------------------------------------------    -------------------

                         (clock clk_pl_0 rise edge)
                                                      0.000     0.000 r  
    PS8_X0Y0             PS8                          0.000     0.000 r  top_i/zynq_ps/inst/PS8_i/PLCLK[0]
                         net (fo=1, routed)           0.143     0.143    top_i/zynq_ps/inst/pl_clk_unbuffered[0]
    BUFG_PS_X0Y80        BUFG_PS (Prop_BUFG_PS_I_O)
                                                      0.025     0.168 r  top_i/zynq_ps/inst/buffer_pl_clk_0.PL_CLK_0_BUFG/O
    X2Y2 (CLOCK_ROOT)    net (fo=38649, routed)       2.069     2.237    top_i/StreamingDataflowPartition_1/inst/StreamingDataflowPartition_1_StreamingFIFO_rtl_5/fifo/inst/gen_fifo.xpm_fifo_axis_inst/gaxis_rst_sync.xpm_cdc_sync_rst_inst/dest_clk
    SLICE_X56Y34         FDRE                                         r  top_i/StreamingDataflowPartition_1/inst/StreamingDataflowPartition_1_StreamingFIFO_rtl_5/fifo/inst/gen_fifo.xpm_fifo_axis_inst/gaxis_rst_sync.xpm_cdc_sync_rst_inst/syncstages_ff_reg[0]/C

Slack:                    inf
  Source:                 top_i/rst_zynq_ps_187M/U0/ACTIVE_LOW_PR_OUT_DFF[0].FDRE_PER_N/C
                            (rising edge-triggered cell FDRE clocked by clk_pl_0  {rise@0.000ns fall@2.667ns period=5.333ns})
  Destination:            top_i/StreamingDataflowPartition_1/inst/StreamingDataflowPartition_1_StreamingFIFO_rtl_14/fifo/inst/gen_fifo.xpm_fifo_axis_inst/gaxis_rst_sync.xpm_cdc_sync_rst_inst/syncstages_ff_reg[0]/D
                            (rising edge-triggered cell FDRE clocked by clk_pl_0  {rise@0.000ns fall@2.667ns period=5.333ns})
  Path Group:             (none)
  Path Type:              Setup (Max at Slow Process Corner)
  Data Path Delay:        2.623ns  (logic 0.145ns (5.527%)  route 2.478ns (94.473%))
  Logic Levels:           1  (LUT1=1)
  Clock Path Skew:        -0.224ns (DCD - SCD + CPR)
    Destination Clock Delay (DCD):    2.151ns
    Source Clock Delay      (SCD):    2.375ns
    Clock Pessimism Removal (CPR):    0.000ns
  Clock Uncertainty:      0.112ns  ((TSJ^2 + DJ^2)^1/2) / 2 + PE
    Total System Jitter     (TSJ):    0.071ns
    Discrete Jitter          (DJ):    0.213ns
    Phase Error              (PE):    0.000ns
  Clock Net Delay (Source):      2.167ns (routing 0.960ns, distribution 1.207ns)
  Clock Net Delay (Destination): 1.983ns (routing 0.872ns, distribution 1.111ns)
  Timing Exception:       False Path

    Location             Delay type                Incr(ns)  Path(ns)    Netlist Resource(s)
  -------------------------------------------------------------------    -------------------
                         (clock clk_pl_0 rise edge)
                                                      0.000     0.000 r  
    PS8_X0Y0             PS8                          0.000     0.000 r  top_i/zynq_ps/inst/PS8_i/PLCLK[0]
                         net (fo=1, routed)           0.180     0.180    top_i/zynq_ps/inst/pl_clk_unbuffered[0]
    BUFG_PS_X0Y80        BUFG_PS (Prop_BUFG_PS_I_O)
                                                      0.028     0.208 r  top_i/zynq_ps/inst/buffer_pl_clk_0.PL_CLK_0_BUFG/O
    X2Y2 (CLOCK_ROOT)    net (fo=38649, routed)       2.167     2.375    top_i/rst_zynq_ps_187M/U0/slowest_sync_clk
    SLICE_X69Y202        FDRE                                         r  top_i/rst_zynq_ps_187M/U0/ACTIVE_LOW_PR_OUT_DFF[0].FDRE_PER_N/C
  -------------------------------------------------------------------    -------------------
    SLICE_X69Y202        FDRE (Prop_EFF_SLICEL_C_Q)
                                                      0.079     2.454 f  top_i/rst_zynq_ps_187M/U0/ACTIVE_LOW_PR_OUT_DFF[0].FDRE_PER_N/Q
                         net (fo=13, routed)          2.460     4.914    top_i/StreamingDataflowPartition_1/inst/StreamingDataflowPartition_1_StreamingFIFO_rtl_14/fifo/inst/gen_fifo.xpm_fifo_axis_inst/s_aresetn
    SLICE_X67Y297        LUT1 (Prop_H5LUT_SLICEM_I0_O)
                                                      0.066     4.980 r  top_i/StreamingDataflowPartition_1/inst/StreamingDataflowPartition_1_StreamingFIFO_rtl_14/fifo/inst/gen_fifo.xpm_fifo_axis_inst/gaxis_rst_sync.xpm_cdc_sync_rst_inst_i_1/O
                         net (fo=1, routed)           0.018     4.998    top_i/StreamingDataflowPartition_1/inst/StreamingDataflowPartition_1_StreamingFIFO_rtl_14/fifo/inst/gen_fifo.xpm_fifo_axis_inst/gaxis_rst_sync.xpm_cdc_sync_rst_inst/src_rst
    SLICE_X67Y297        FDRE                                         r  top_i/StreamingDataflowPartition_1/inst/StreamingDataflowPartition_1_StreamingFIFO_rtl_14/fifo/inst/gen_fifo.xpm_fifo_axis_inst/gaxis_rst_sync.xpm_cdc_sync_rst_inst/syncstages_ff_reg[0]/D
  -------------------------------------------------------------------    -------------------

                         (clock clk_pl_0 rise edge)
                                                      0.000     0.000 r  
    PS8_X0Y0             PS8                          0.000     0.000 r  top_i/zynq_ps/inst/PS8_i/PLCLK[0]
                         net (fo=1, routed)           0.143     0.143    top_i/zynq_ps/inst/pl_clk_unbuffered[0]
    BUFG_PS_X0Y80        BUFG_PS (Prop_BUFG_PS_I_O)
                                                      0.025     0.168 r  top_i/zynq_ps/inst/buffer_pl_clk_0.PL_CLK_0_BUFG/O
    X2Y2 (CLOCK_ROOT)    net (fo=38649, routed)       1.983     2.151    top_i/StreamingDataflowPartition_1/inst/StreamingDataflowPartition_1_StreamingFIFO_rtl_14/fifo/inst/gen_fifo.xpm_fifo_axis_inst/gaxis_rst_sync.xpm_cdc_sync_rst_inst/dest_clk
    SLICE_X67Y297        FDRE                                         r  top_i/StreamingDataflowPartition_1/inst/StreamingDataflowPartition_1_StreamingFIFO_rtl_14/fifo/inst/gen_fifo.xpm_fifo_axis_inst/gaxis_rst_sync.xpm_cdc_sync_rst_inst/syncstages_ff_reg[0]/C

Slack:                    inf
  Source:                 top_i/smartconnect_0/inst/clk_map/psr_aclk/U0/ACTIVE_LOW_BSR_OUT_DFF[0].FDRE_BSR_N/C
                            (rising edge-triggered cell FDRE clocked by clk_pl_0  {rise@0.000ns fall@2.667ns period=5.333ns})
  Destination:            top_i/smartconnect_0/inst/s00_nodes/s00_b_node/inst/s_sc_xpm_cdc_async_rst_inst/arststages_ff_reg[0]/CLR
                            (recovery check against rising-edge clock clk_pl_0  {rise@0.000ns fall@2.667ns period=5.333ns})
  Path Group:             (none)
  Path Type:              Recovery (Max at Slow Process Corner)
  Data Path Delay:        2.185ns  (logic 0.079ns (3.616%)  route 2.106ns (96.384%))
  Logic Levels:           0  
  Clock Path Skew:        -0.384ns (DCD - SCD + CPR)
    Destination Clock Delay (DCD):    2.082ns
    Source Clock Delay      (SCD):    2.465ns
    Clock Pessimism Removal (CPR):    0.000ns
  Clock Uncertainty:      0.112ns  ((TSJ^2 + DJ^2)^1/2) / 2 + PE
    Total System Jitter     (TSJ):    0.071ns
    Discrete Jitter          (DJ):    0.213ns
    Phase Error              (PE):    0.000ns
  Clock Net Delay (Source):      2.257ns (routing 0.960ns, distribution 1.297ns)
  Clock Net Delay (Destination): 1.914ns (routing 0.872ns, distribution 1.042ns)
  Timing Exception:       False Path

    Location             Delay type                Incr(ns)  Path(ns)    Netlist Resource(s)
  -------------------------------------------------------------------    -------------------
                         (clock clk_pl_0 rise edge)
                                                      0.000     0.000 r  
    PS8_X0Y0             PS8                          0.000     0.000 r  top_i/zynq_ps/inst/PS8_i/PLCLK[0]
                         net (fo=1, routed)           0.180     0.180    top_i/zynq_ps/inst/pl_clk_unbuffered[0]
    BUFG_PS_X0Y80        BUFG_PS (Prop_BUFG_PS_I_O)
                                                      0.028     0.208 r  top_i/zynq_ps/inst/buffer_pl_clk_0.PL_CLK_0_BUFG/O
    X2Y2 (CLOCK_ROOT)    net (fo=38649, routed)       2.257     2.465    top_i/smartconnect_0/inst/clk_map/psr_aclk/U0/aclk
    SLICE_X62Y147        FDRE                                         r  top_i/smartconnect_0/inst/clk_map/psr_aclk/U0/ACTIVE_LOW_BSR_OUT_DFF[0].FDRE_BSR_N/C
  -------------------------------------------------------------------    -------------------
    SLICE_X62Y147        FDRE (Prop_HFF_SLICEL_C_Q)
                                                      0.079     2.544 r  top_i/smartconnect_0/inst/clk_map/psr_aclk/U0/ACTIVE_LOW_BSR_OUT_DFF[0].FDRE_BSR_N/Q
                         net (fo=66, routed)          2.106     4.650    top_i/smartconnect_0/inst/s00_nodes/s00_b_node/inst/s_sc_xpm_cdc_async_rst_inst/src_arst
    SLICE_X68Y96         FDCE                                         f  top_i/smartconnect_0/inst/s00_nodes/s00_b_node/inst/s_sc_xpm_cdc_async_rst_inst/arststages_ff_reg[0]/CLR  (IS_INVERTED)
  -------------------------------------------------------------------    -------------------

                         (clock clk_pl_0 rise edge)
                                                      0.000     0.000 r  
    PS8_X0Y0             PS8                          0.000     0.000 r  top_i/zynq_ps/inst/PS8_i/PLCLK[0]
                         net (fo=1, routed)           0.143     0.143    top_i/zynq_ps/inst/pl_clk_unbuffered[0]
    BUFG_PS_X0Y80        BUFG_PS (Prop_BUFG_PS_I_O)
                                                      0.025     0.168 r  top_i/zynq_ps/inst/buffer_pl_clk_0.PL_CLK_0_BUFG/O
    X2Y2 (CLOCK_ROOT)    net (fo=38649, routed)       1.914     2.082    top_i/smartconnect_0/inst/s00_nodes/s00_b_node/inst/s_sc_xpm_cdc_async_rst_inst/dest_clk
    SLICE_X68Y96         FDCE                                         r  top_i/smartconnect_0/inst/s00_nodes/s00_b_node/inst/s_sc_xpm_cdc_async_rst_inst/arststages_ff_reg[0]/C

Slack:                    inf
  Source:                 top_i/smartconnect_0/inst/clk_map/psr_aclk/U0/ACTIVE_LOW_BSR_OUT_DFF[0].FDRE_BSR_N/C
                            (rising edge-triggered cell FDRE clocked by clk_pl_0  {rise@0.000ns fall@2.667ns period=5.333ns})
  Destination:            top_i/smartconnect_0/inst/s00_nodes/s00_b_node/inst/s_sc_xpm_cdc_async_rst_inst/arststages_ff_reg[1]/CLR
                            (recovery check against rising-edge clock clk_pl_0  {rise@0.000ns fall@2.667ns period=5.333ns})
  Path Group:             (none)
  Path Type:              Recovery (Max at Slow Process Corner)
  Data Path Delay:        2.185ns  (logic 0.079ns (3.616%)  route 2.106ns (96.384%))
  Logic Levels:           0  
  Clock Path Skew:        -0.384ns (DCD - SCD + CPR)
    Destination Clock Delay (DCD):    2.082ns
    Source Clock Delay      (SCD):    2.465ns
    Clock Pessimism Removal (CPR):    0.000ns
  Clock Uncertainty:      0.112ns  ((TSJ^2 + DJ^2)^1/2) / 2 + PE
    Total System Jitter     (TSJ):    0.071ns
    Discrete Jitter          (DJ):    0.213ns
    Phase Error              (PE):    0.000ns
  Clock Net Delay (Source):      2.257ns (routing 0.960ns, distribution 1.297ns)
  Clock Net Delay (Destination): 1.914ns (routing 0.872ns, distribution 1.042ns)
  Timing Exception:       False Path

    Location             Delay type                Incr(ns)  Path(ns)    Netlist Resource(s)
  -------------------------------------------------------------------    -------------------
                         (clock clk_pl_0 rise edge)
                                                      0.000     0.000 r  
    PS8_X0Y0             PS8                          0.000     0.000 r  top_i/zynq_ps/inst/PS8_i/PLCLK[0]
                         net (fo=1, routed)           0.180     0.180    top_i/zynq_ps/inst/pl_clk_unbuffered[0]
    BUFG_PS_X0Y80        BUFG_PS (Prop_BUFG_PS_I_O)
                                                      0.028     0.208 r  top_i/zynq_ps/inst/buffer_pl_clk_0.PL_CLK_0_BUFG/O
    X2Y2 (CLOCK_ROOT)    net (fo=38649, routed)       2.257     2.465    top_i/smartconnect_0/inst/clk_map/psr_aclk/U0/aclk
    SLICE_X62Y147        FDRE                                         r  top_i/smartconnect_0/inst/clk_map/psr_aclk/U0/ACTIVE_LOW_BSR_OUT_DFF[0].FDRE_BSR_N/C
  -------------------------------------------------------------------    -------------------
    SLICE_X62Y147        FDRE (Prop_HFF_SLICEL_C_Q)
                                                      0.079     2.544 r  top_i/smartconnect_0/inst/clk_map/psr_aclk/U0/ACTIVE_LOW_BSR_OUT_DFF[0].FDRE_BSR_N/Q
                         net (fo=66, routed)          2.106     4.650    top_i/smartconnect_0/inst/s00_nodes/s00_b_node/inst/s_sc_xpm_cdc_async_rst_inst/src_arst
    SLICE_X68Y96         FDCE                                         f  top_i/smartconnect_0/inst/s00_nodes/s00_b_node/inst/s_sc_xpm_cdc_async_rst_inst/arststages_ff_reg[1]/CLR  (IS_INVERTED)
  -------------------------------------------------------------------    -------------------

                         (clock clk_pl_0 rise edge)
                                                      0.000     0.000 r  
    PS8_X0Y0             PS8                          0.000     0.000 r  top_i/zynq_ps/inst/PS8_i/PLCLK[0]
                         net (fo=1, routed)           0.143     0.143    top_i/zynq_ps/inst/pl_clk_unbuffered[0]
    BUFG_PS_X0Y80        BUFG_PS (Prop_BUFG_PS_I_O)
                                                      0.025     0.168 r  top_i/zynq_ps/inst/buffer_pl_clk_0.PL_CLK_0_BUFG/O
    X2Y2 (CLOCK_ROOT)    net (fo=38649, routed)       1.914     2.082    top_i/smartconnect_0/inst/s00_nodes/s00_b_node/inst/s_sc_xpm_cdc_async_rst_inst/dest_clk
    SLICE_X68Y96         FDCE                                         r  top_i/smartconnect_0/inst/s00_nodes/s00_b_node/inst/s_sc_xpm_cdc_async_rst_inst/arststages_ff_reg[1]/C

Slack:                    inf
  Source:                 top_i/smartconnect_0/inst/clk_map/psr_aclk/U0/ACTIVE_LOW_BSR_OUT_DFF[0].FDRE_BSR_N/C
                            (rising edge-triggered cell FDRE clocked by clk_pl_0  {rise@0.000ns fall@2.667ns period=5.333ns})
  Destination:            top_i/smartconnect_0/inst/s00_nodes/s00_b_node/inst/s_sc_xpm_cdc_async_rst_inst/arststages_ff_reg[2]/CLR
                            (recovery check against rising-edge clock clk_pl_0  {rise@0.000ns fall@2.667ns period=5.333ns})
  Path Group:             (none)
  Path Type:              Recovery (Max at Slow Process Corner)
  Data Path Delay:        2.185ns  (logic 0.079ns (3.616%)  route 2.106ns (96.384%))
  Logic Levels:           0  
  Clock Path Skew:        -0.384ns (DCD - SCD + CPR)
    Destination Clock Delay (DCD):    2.082ns
    Source Clock Delay      (SCD):    2.465ns
    Clock Pessimism Removal (CPR):    0.000ns
  Clock Uncertainty:      0.112ns  ((TSJ^2 + DJ^2)^1/2) / 2 + PE
    Total System Jitter     (TSJ):    0.071ns
    Discrete Jitter          (DJ):    0.213ns
    Phase Error              (PE):    0.000ns
  Clock Net Delay (Source):      2.257ns (routing 0.960ns, distribution 1.297ns)
  Clock Net Delay (Destination): 1.914ns (routing 0.872ns, distribution 1.042ns)
  Timing Exception:       False Path

    Location             Delay type                Incr(ns)  Path(ns)    Netlist Resource(s)
  -------------------------------------------------------------------    -------------------
                         (clock clk_pl_0 rise edge)
                                                      0.000     0.000 r  
    PS8_X0Y0             PS8                          0.000     0.000 r  top_i/zynq_ps/inst/PS8_i/PLCLK[0]
                         net (fo=1, routed)           0.180     0.180    top_i/zynq_ps/inst/pl_clk_unbuffered[0]
    BUFG_PS_X0Y80        BUFG_PS (Prop_BUFG_PS_I_O)
                                                      0.028     0.208 r  top_i/zynq_ps/inst/buffer_pl_clk_0.PL_CLK_0_BUFG/O
    X2Y2 (CLOCK_ROOT)    net (fo=38649, routed)       2.257     2.465    top_i/smartconnect_0/inst/clk_map/psr_aclk/U0/aclk
    SLICE_X62Y147        FDRE                                         r  top_i/smartconnect_0/inst/clk_map/psr_aclk/U0/ACTIVE_LOW_BSR_OUT_DFF[0].FDRE_BSR_N/C
  -------------------------------------------------------------------    -------------------
    SLICE_X62Y147        FDRE (Prop_HFF_SLICEL_C_Q)
                                                      0.079     2.544 r  top_i/smartconnect_0/inst/clk_map/psr_aclk/U0/ACTIVE_LOW_BSR_OUT_DFF[0].FDRE_BSR_N/Q
                         net (fo=66, routed)          2.106     4.650    top_i/smartconnect_0/inst/s00_nodes/s00_b_node/inst/s_sc_xpm_cdc_async_rst_inst/src_arst
    SLICE_X68Y96         FDCE                                         f  top_i/smartconnect_0/inst/s00_nodes/s00_b_node/inst/s_sc_xpm_cdc_async_rst_inst/arststages_ff_reg[2]/CLR  (IS_INVERTED)
  -------------------------------------------------------------------    -------------------

                         (clock clk_pl_0 rise edge)
                                                      0.000     0.000 r  
    PS8_X0Y0             PS8                          0.000     0.000 r  top_i/zynq_ps/inst/PS8_i/PLCLK[0]
                         net (fo=1, routed)           0.143     0.143    top_i/zynq_ps/inst/pl_clk_unbuffered[0]
    BUFG_PS_X0Y80        BUFG_PS (Prop_BUFG_PS_I_O)
                                                      0.025     0.168 r  top_i/zynq_ps/inst/buffer_pl_clk_0.PL_CLK_0_BUFG/O
    X2Y2 (CLOCK_ROOT)    net (fo=38649, routed)       1.914     2.082    top_i/smartconnect_0/inst/s00_nodes/s00_b_node/inst/s_sc_xpm_cdc_async_rst_inst/dest_clk
    SLICE_X68Y96         FDCE                                         r  top_i/smartconnect_0/inst/s00_nodes/s00_b_node/inst/s_sc_xpm_cdc_async_rst_inst/arststages_ff_reg[2]/C





Min Delay Paths
--------------------------------------------------------------------------------------
Slack:                    inf
  Source:                 top_i/smartconnect_0/inst/clk_map/psr_aclk/U0/ACTIVE_LOW_BSR_OUT_DFF[0].FDRE_BSR_N/C
                            (rising edge-triggered cell FDRE clocked by clk_pl_0  {rise@0.000ns fall@2.667ns period=5.333ns})
  Destination:            top_i/smartconnect_0/inst/s01_entry_pipeline/s01_mmu/inst/xpm_cdc_async_rst_inst/arststages_ff_reg[0]/CLR
                            (removal check against rising-edge clock clk_pl_0  {rise@0.000ns fall@2.667ns period=5.333ns})
  Path Group:             (none)
  Path Type:              Removal (Min at Fast Process Corner)
  Data Path Delay:        0.297ns  (logic 0.039ns (13.136%)  route 0.258ns (86.864%))
  Logic Levels:           0  
  Clock Path Skew:        0.212ns (DCD - SCD - CPR)
    Destination Clock Delay (DCD):    1.585ns
    Source Clock Delay      (SCD):    1.373ns
    Clock Pessimism Removal (CPR):    -0.000ns
  Clock Uncertainty:      0.112ns  ((TSJ^2 + DJ^2)^1/2) / 2 + PE
    Total System Jitter     (TSJ):    0.071ns
    Discrete Jitter          (DJ):    0.213ns
    Phase Error              (PE):    0.000ns
  Clock Net Delay (Source):      1.234ns (routing 0.519ns, distribution 0.715ns)
  Clock Net Delay (Destination): 1.413ns (routing 0.581ns, distribution 0.832ns)
  Timing Exception:       False Path

    Location             Delay type                Incr(ns)  Path(ns)    Netlist Resource(s)
  -------------------------------------------------------------------    -------------------
                         (clock clk_pl_0 rise edge)
                                                      0.000     0.000 r  
    PS8_X0Y0             PS8                          0.000     0.000 r  top_i/zynq_ps/inst/PS8_i/PLCLK[0]
                         net (fo=1, routed)           0.122     0.122    top_i/zynq_ps/inst/pl_clk_unbuffered[0]
    BUFG_PS_X0Y80        BUFG_PS (Prop_BUFG_PS_I_O)
                                                      0.017     0.139 r  top_i/zynq_ps/inst/buffer_pl_clk_0.PL_CLK_0_BUFG/O
    X2Y2 (CLOCK_ROOT)    net (fo=38649, routed)       1.234     1.373    top_i/smartconnect_0/inst/clk_map/psr_aclk/U0/aclk
    SLICE_X62Y147        FDRE                                         r  top_i/smartconnect_0/inst/clk_map/psr_aclk/U0/ACTIVE_LOW_BSR_OUT_DFF[0].FDRE_BSR_N/C
  -------------------------------------------------------------------    -------------------
    SLICE_X62Y147        FDRE (Prop_HFF_SLICEL_C_Q)
                                                      0.039     1.412 r  top_i/smartconnect_0/inst/clk_map/psr_aclk/U0/ACTIVE_LOW_BSR_OUT_DFF[0].FDRE_BSR_N/Q
                         net (fo=66, routed)          0.258     1.669    top_i/smartconnect_0/inst/s01_entry_pipeline/s01_mmu/inst/xpm_cdc_async_rst_inst/src_arst
    SLICE_X58Y137        FDCE                                         f  top_i/smartconnect_0/inst/s01_entry_pipeline/s01_mmu/inst/xpm_cdc_async_rst_inst/arststages_ff_reg[0]/CLR  (IS_INVERTED)
  -------------------------------------------------------------------    -------------------

                         (clock clk_pl_0 rise edge)
                                                      0.000     0.000 r  
    PS8_X0Y0             PS8                          0.000     0.000 r  top_i/zynq_ps/inst/PS8_i/PLCLK[0]
                         net (fo=1, routed)           0.154     0.154    top_i/zynq_ps/inst/pl_clk_unbuffered[0]
    BUFG_PS_X0Y80        BUFG_PS (Prop_BUFG_PS_I_O)
                                                      0.018     0.172 r  top_i/zynq_ps/inst/buffer_pl_clk_0.PL_CLK_0_BUFG/O
    X2Y2 (CLOCK_ROOT)    net (fo=38649, routed)       1.413     1.585    top_i/smartconnect_0/inst/s01_entry_pipeline/s01_mmu/inst/xpm_cdc_async_rst_inst/dest_clk
    SLICE_X58Y137        FDCE                                         r  top_i/smartconnect_0/inst/s01_entry_pipeline/s01_mmu/inst/xpm_cdc_async_rst_inst/arststages_ff_reg[0]/C

Slack:                    inf
  Source:                 top_i/smartconnect_0/inst/clk_map/psr_aclk/U0/ACTIVE_LOW_BSR_OUT_DFF[0].FDRE_BSR_N/C
                            (rising edge-triggered cell FDRE clocked by clk_pl_0  {rise@0.000ns fall@2.667ns period=5.333ns})
  Destination:            top_i/smartconnect_0/inst/s01_entry_pipeline/s01_mmu/inst/xpm_cdc_async_rst_inst/arststages_ff_reg[1]/CLR
                            (removal check against rising-edge clock clk_pl_0  {rise@0.000ns fall@2.667ns period=5.333ns})
  Path Group:             (none)
  Path Type:              Removal (Min at Fast Process Corner)
  Data Path Delay:        0.297ns  (logic 0.039ns (13.136%)  route 0.258ns (86.864%))
  Logic Levels:           0  
  Clock Path Skew:        0.212ns (DCD - SCD - CPR)
    Destination Clock Delay (DCD):    1.585ns
    Source Clock Delay      (SCD):    1.373ns
    Clock Pessimism Removal (CPR):    -0.000ns
  Clock Uncertainty:      0.112ns  ((TSJ^2 + DJ^2)^1/2) / 2 + PE
    Total System Jitter     (TSJ):    0.071ns
    Discrete Jitter          (DJ):    0.213ns
    Phase Error              (PE):    0.000ns
  Clock Net Delay (Source):      1.234ns (routing 0.519ns, distribution 0.715ns)
  Clock Net Delay (Destination): 1.413ns (routing 0.581ns, distribution 0.832ns)
  Timing Exception:       False Path

    Location             Delay type                Incr(ns)  Path(ns)    Netlist Resource(s)
  -------------------------------------------------------------------    -------------------
                         (clock clk_pl_0 rise edge)
                                                      0.000     0.000 r  
    PS8_X0Y0             PS8                          0.000     0.000 r  top_i/zynq_ps/inst/PS8_i/PLCLK[0]
                         net (fo=1, routed)           0.122     0.122    top_i/zynq_ps/inst/pl_clk_unbuffered[0]
    BUFG_PS_X0Y80        BUFG_PS (Prop_BUFG_PS_I_O)
                                                      0.017     0.139 r  top_i/zynq_ps/inst/buffer_pl_clk_0.PL_CLK_0_BUFG/O
    X2Y2 (CLOCK_ROOT)    net (fo=38649, routed)       1.234     1.373    top_i/smartconnect_0/inst/clk_map/psr_aclk/U0/aclk
    SLICE_X62Y147        FDRE                                         r  top_i/smartconnect_0/inst/clk_map/psr_aclk/U0/ACTIVE_LOW_BSR_OUT_DFF[0].FDRE_BSR_N/C
  -------------------------------------------------------------------    -------------------
    SLICE_X62Y147        FDRE (Prop_HFF_SLICEL_C_Q)
                                                      0.039     1.412 r  top_i/smartconnect_0/inst/clk_map/psr_aclk/U0/ACTIVE_LOW_BSR_OUT_DFF[0].FDRE_BSR_N/Q
                         net (fo=66, routed)          0.258     1.669    top_i/smartconnect_0/inst/s01_entry_pipeline/s01_mmu/inst/xpm_cdc_async_rst_inst/src_arst
    SLICE_X58Y137        FDCE                                         f  top_i/smartconnect_0/inst/s01_entry_pipeline/s01_mmu/inst/xpm_cdc_async_rst_inst/arststages_ff_reg[1]/CLR  (IS_INVERTED)
  -------------------------------------------------------------------    -------------------

                         (clock clk_pl_0 rise edge)
                                                      0.000     0.000 r  
    PS8_X0Y0             PS8                          0.000     0.000 r  top_i/zynq_ps/inst/PS8_i/PLCLK[0]
                         net (fo=1, routed)           0.154     0.154    top_i/zynq_ps/inst/pl_clk_unbuffered[0]
    BUFG_PS_X0Y80        BUFG_PS (Prop_BUFG_PS_I_O)
                                                      0.018     0.172 r  top_i/zynq_ps/inst/buffer_pl_clk_0.PL_CLK_0_BUFG/O
    X2Y2 (CLOCK_ROOT)    net (fo=38649, routed)       1.413     1.585    top_i/smartconnect_0/inst/s01_entry_pipeline/s01_mmu/inst/xpm_cdc_async_rst_inst/dest_clk
    SLICE_X58Y137        FDCE                                         r  top_i/smartconnect_0/inst/s01_entry_pipeline/s01_mmu/inst/xpm_cdc_async_rst_inst/arststages_ff_reg[1]/C

Slack:                    inf
  Source:                 top_i/smartconnect_0/inst/clk_map/psr_aclk/U0/ACTIVE_LOW_BSR_OUT_DFF[0].FDRE_BSR_N/C
                            (rising edge-triggered cell FDRE clocked by clk_pl_0  {rise@0.000ns fall@2.667ns period=5.333ns})
  Destination:            top_i/smartconnect_0/inst/s01_entry_pipeline/s01_mmu/inst/xpm_cdc_async_rst_inst/arststages_ff_reg[2]/CLR
                            (removal check against rising-edge clock clk_pl_0  {rise@0.000ns fall@2.667ns period=5.333ns})
  Path Group:             (none)
  Path Type:              Removal (Min at Fast Process Corner)
  Data Path Delay:        0.297ns  (logic 0.039ns (13.136%)  route 0.258ns (86.864%))
  Logic Levels:           0  
  Clock Path Skew:        0.212ns (DCD - SCD - CPR)
    Destination Clock Delay (DCD):    1.585ns
    Source Clock Delay      (SCD):    1.373ns
    Clock Pessimism Removal (CPR):    -0.000ns
  Clock Uncertainty:      0.112ns  ((TSJ^2 + DJ^2)^1/2) / 2 + PE
    Total System Jitter     (TSJ):    0.071ns
    Discrete Jitter          (DJ):    0.213ns
    Phase Error              (PE):    0.000ns
  Clock Net Delay (Source):      1.234ns (routing 0.519ns, distribution 0.715ns)
  Clock Net Delay (Destination): 1.413ns (routing 0.581ns, distribution 0.832ns)
  Timing Exception:       False Path

    Location             Delay type                Incr(ns)  Path(ns)    Netlist Resource(s)
  -------------------------------------------------------------------    -------------------
                         (clock clk_pl_0 rise edge)
                                                      0.000     0.000 r  
    PS8_X0Y0             PS8                          0.000     0.000 r  top_i/zynq_ps/inst/PS8_i/PLCLK[0]
                         net (fo=1, routed)           0.122     0.122    top_i/zynq_ps/inst/pl_clk_unbuffered[0]
    BUFG_PS_X0Y80        BUFG_PS (Prop_BUFG_PS_I_O)
                                                      0.017     0.139 r  top_i/zynq_ps/inst/buffer_pl_clk_0.PL_CLK_0_BUFG/O
    X2Y2 (CLOCK_ROOT)    net (fo=38649, routed)       1.234     1.373    top_i/smartconnect_0/inst/clk_map/psr_aclk/U0/aclk
    SLICE_X62Y147        FDRE                                         r  top_i/smartconnect_0/inst/clk_map/psr_aclk/U0/ACTIVE_LOW_BSR_OUT_DFF[0].FDRE_BSR_N/C
  -------------------------------------------------------------------    -------------------
    SLICE_X62Y147        FDRE (Prop_HFF_SLICEL_C_Q)
                                                      0.039     1.412 r  top_i/smartconnect_0/inst/clk_map/psr_aclk/U0/ACTIVE_LOW_BSR_OUT_DFF[0].FDRE_BSR_N/Q
                         net (fo=66, routed)          0.258     1.669    top_i/smartconnect_0/inst/s01_entry_pipeline/s01_mmu/inst/xpm_cdc_async_rst_inst/src_arst
    SLICE_X58Y137        FDCE                                         f  top_i/smartconnect_0/inst/s01_entry_pipeline/s01_mmu/inst/xpm_cdc_async_rst_inst/arststages_ff_reg[2]/CLR  (IS_INVERTED)
  -------------------------------------------------------------------    -------------------

                         (clock clk_pl_0 rise edge)
                                                      0.000     0.000 r  
    PS8_X0Y0             PS8                          0.000     0.000 r  top_i/zynq_ps/inst/PS8_i/PLCLK[0]
                         net (fo=1, routed)           0.154     0.154    top_i/zynq_ps/inst/pl_clk_unbuffered[0]
    BUFG_PS_X0Y80        BUFG_PS (Prop_BUFG_PS_I_O)
                                                      0.018     0.172 r  top_i/zynq_ps/inst/buffer_pl_clk_0.PL_CLK_0_BUFG/O
    X2Y2 (CLOCK_ROOT)    net (fo=38649, routed)       1.413     1.585    top_i/smartconnect_0/inst/s01_entry_pipeline/s01_mmu/inst/xpm_cdc_async_rst_inst/dest_clk
    SLICE_X58Y137        FDCE                                         r  top_i/smartconnect_0/inst/s01_entry_pipeline/s01_mmu/inst/xpm_cdc_async_rst_inst/arststages_ff_reg[2]/C

Slack:                    inf
  Source:                 top_i/rst_zynq_ps_187M/U0/ACTIVE_LOW_PR_OUT_DFF[0].FDRE_PER_N_replica_5/C
                            (rising edge-triggered cell FDRE clocked by clk_pl_0  {rise@0.000ns fall@2.667ns period=5.333ns})
  Destination:            top_i/smartconnect_0/inst/clk_map/psr_aclk/U0/EXT_LPF/ACTIVE_LOW_AUX.ACT_LO_AUX/GENERATE_LEVEL_P_S_CDC.SINGLE_BIT.CROSS_PLEVEL_IN2SCNDRY_IN_cdc_to/D
                            (rising edge-triggered cell FDRE clocked by clk_pl_0  {rise@0.000ns fall@2.667ns period=5.333ns})
  Path Group:             (none)
  Path Type:              Hold (Min at Fast Process Corner)
  Data Path Delay:        0.413ns  (logic 0.073ns (17.679%)  route 0.340ns (82.321%))
  Logic Levels:           1  (LUT1=1)
  Clock Path Skew:        0.198ns (DCD - SCD - CPR)
    Destination Clock Delay (DCD):    1.578ns
    Source Clock Delay      (SCD):    1.380ns
    Clock Pessimism Removal (CPR):    -0.000ns
  Clock Uncertainty:      0.112ns  ((TSJ^2 + DJ^2)^1/2) / 2 + PE
    Total System Jitter     (TSJ):    0.071ns
    Discrete Jitter          (DJ):    0.213ns
    Phase Error              (PE):    0.000ns
  Clock Net Delay (Source):      1.241ns (routing 0.519ns, distribution 0.722ns)
  Clock Net Delay (Destination): 1.406ns (routing 0.581ns, distribution 0.825ns)
  Timing Exception:       False Path

    Location             Delay type                Incr(ns)  Path(ns)    Netlist Resource(s)
  -------------------------------------------------------------------    -------------------
                         (clock clk_pl_0 rise edge)
                                                      0.000     0.000 r  
    PS8_X0Y0             PS8                          0.000     0.000 r  top_i/zynq_ps/inst/PS8_i/PLCLK[0]
                         net (fo=1, routed)           0.122     0.122    top_i/zynq_ps/inst/pl_clk_unbuffered[0]
    BUFG_PS_X0Y80        BUFG_PS (Prop_BUFG_PS_I_O)
                                                      0.017     0.139 r  top_i/zynq_ps/inst/buffer_pl_clk_0.PL_CLK_0_BUFG/O
    X2Y2 (CLOCK_ROOT)    net (fo=38649, routed)       1.241     1.380    top_i/rst_zynq_ps_187M/U0/slowest_sync_clk
    SLICE_X61Y147        FDRE                                         r  top_i/rst_zynq_ps_187M/U0/ACTIVE_LOW_PR_OUT_DFF[0].FDRE_PER_N_replica_5/C
  -------------------------------------------------------------------    -------------------
    SLICE_X61Y147        FDRE (Prop_EFF_SLICEM_C_Q)
                                                      0.038     1.418 f  top_i/rst_zynq_ps_187M/U0/ACTIVE_LOW_PR_OUT_DFF[0].FDRE_PER_N_replica_5/Q
                         net (fo=166, routed)         0.226     1.644    top_i/smartconnect_0/inst/clk_map/psr_aclk/U0/EXT_LPF/ACTIVE_LOW_AUX.ACT_LO_AUX/peripheral_aresetn[0]_repN_5_alias
    SLICE_X60Y142        LUT1 (Prop_C6LUT_SLICEL_I0_O)
                                                      0.035     1.679 r  top_i/smartconnect_0/inst/clk_map/psr_aclk/U0/EXT_LPF/ACTIVE_LOW_AUX.ACT_LO_AUX/GENERATE_LEVEL_P_S_CDC.SINGLE_BIT.CROSS_PLEVEL_IN2SCNDRY_IN_cdc_to_i_1/O
                         net (fo=1, routed)           0.114     1.793    top_i/smartconnect_0/inst/clk_map/psr_aclk/U0/EXT_LPF/ACTIVE_LOW_AUX.ACT_LO_AUX/asr_d1
    SLICE_X58Y146        FDRE                                         r  top_i/smartconnect_0/inst/clk_map/psr_aclk/U0/EXT_LPF/ACTIVE_LOW_AUX.ACT_LO_AUX/GENERATE_LEVEL_P_S_CDC.SINGLE_BIT.CROSS_PLEVEL_IN2SCNDRY_IN_cdc_to/D
  -------------------------------------------------------------------    -------------------

                         (clock clk_pl_0 rise edge)
                                                      0.000     0.000 r  
    PS8_X0Y0             PS8                          0.000     0.000 r  top_i/zynq_ps/inst/PS8_i/PLCLK[0]
                         net (fo=1, routed)           0.154     0.154    top_i/zynq_ps/inst/pl_clk_unbuffered[0]
    BUFG_PS_X0Y80        BUFG_PS (Prop_BUFG_PS_I_O)
                                                      0.018     0.172 r  top_i/zynq_ps/inst/buffer_pl_clk_0.PL_CLK_0_BUFG/O
    X2Y2 (CLOCK_ROOT)    net (fo=38649, routed)       1.406     1.578    top_i/smartconnect_0/inst/clk_map/psr_aclk/U0/EXT_LPF/ACTIVE_LOW_AUX.ACT_LO_AUX/aclk
    SLICE_X58Y146        FDRE                                         r  top_i/smartconnect_0/inst/clk_map/psr_aclk/U0/EXT_LPF/ACTIVE_LOW_AUX.ACT_LO_AUX/GENERATE_LEVEL_P_S_CDC.SINGLE_BIT.CROSS_PLEVEL_IN2SCNDRY_IN_cdc_to/C

Slack:                    inf
  Source:                 top_i/smartconnect_0/inst/clk_map/psr_aclk/U0/ACTIVE_LOW_BSR_OUT_DFF[0].FDRE_BSR_N/C
                            (rising edge-triggered cell FDRE clocked by clk_pl_0  {rise@0.000ns fall@2.667ns period=5.333ns})
  Destination:            top_i/smartconnect_0/inst/s01_entry_pipeline/s01_si_converter/inst/xpm_cdc_async_rst_inst/arststages_ff_reg[0]/CLR
                            (removal check against rising-edge clock clk_pl_0  {rise@0.000ns fall@2.667ns period=5.333ns})
  Path Group:             (none)
  Path Type:              Removal (Min at Fast Process Corner)
  Data Path Delay:        0.425ns  (logic 0.039ns (9.177%)  route 0.386ns (90.823%))
  Logic Levels:           0  
  Clock Path Skew:        0.228ns (DCD - SCD - CPR)
    Destination Clock Delay (DCD):    1.600ns
    Source Clock Delay      (SCD):    1.373ns
    Clock Pessimism Removal (CPR):    -0.000ns
  Clock Uncertainty:      0.112ns  ((TSJ^2 + DJ^2)^1/2) / 2 + PE
    Total System Jitter     (TSJ):    0.071ns
    Discrete Jitter          (DJ):    0.213ns
    Phase Error              (PE):    0.000ns
  Clock Net Delay (Source):      1.234ns (routing 0.519ns, distribution 0.715ns)
  Clock Net Delay (Destination): 1.428ns (routing 0.581ns, distribution 0.847ns)
  Timing Exception:       False Path

    Location             Delay type                Incr(ns)  Path(ns)    Netlist Resource(s)
  -------------------------------------------------------------------    -------------------
                         (clock clk_pl_0 rise edge)
                                                      0.000     0.000 r  
    PS8_X0Y0             PS8                          0.000     0.000 r  top_i/zynq_ps/inst/PS8_i/PLCLK[0]
                         net (fo=1, routed)           0.122     0.122    top_i/zynq_ps/inst/pl_clk_unbuffered[0]
    BUFG_PS_X0Y80        BUFG_PS (Prop_BUFG_PS_I_O)
                                                      0.017     0.139 r  top_i/zynq_ps/inst/buffer_pl_clk_0.PL_CLK_0_BUFG/O
    X2Y2 (CLOCK_ROOT)    net (fo=38649, routed)       1.234     1.373    top_i/smartconnect_0/inst/clk_map/psr_aclk/U0/aclk
    SLICE_X62Y147        FDRE                                         r  top_i/smartconnect_0/inst/clk_map/psr_aclk/U0/ACTIVE_LOW_BSR_OUT_DFF[0].FDRE_BSR_N/C
  -------------------------------------------------------------------    -------------------
    SLICE_X62Y147        FDRE (Prop_HFF_SLICEL_C_Q)
                                                      0.039     1.412 r  top_i/smartconnect_0/inst/clk_map/psr_aclk/U0/ACTIVE_LOW_BSR_OUT_DFF[0].FDRE_BSR_N/Q
                         net (fo=66, routed)          0.386     1.798    top_i/smartconnect_0/inst/s01_entry_pipeline/s01_si_converter/inst/xpm_cdc_async_rst_inst/src_arst
    SLICE_X58Y114        FDCE                                         f  top_i/smartconnect_0/inst/s01_entry_pipeline/s01_si_converter/inst/xpm_cdc_async_rst_inst/arststages_ff_reg[0]/CLR  (IS_INVERTED)
  -------------------------------------------------------------------    -------------------

                         (clock clk_pl_0 rise edge)
                                                      0.000     0.000 r  
    PS8_X0Y0             PS8                          0.000     0.000 r  top_i/zynq_ps/inst/PS8_i/PLCLK[0]
                         net (fo=1, routed)           0.154     0.154    top_i/zynq_ps/inst/pl_clk_unbuffered[0]
    BUFG_PS_X0Y80        BUFG_PS (Prop_BUFG_PS_I_O)
                                                      0.018     0.172 r  top_i/zynq_ps/inst/buffer_pl_clk_0.PL_CLK_0_BUFG/O
    X2Y2 (CLOCK_ROOT)    net (fo=38649, routed)       1.428     1.600    top_i/smartconnect_0/inst/s01_entry_pipeline/s01_si_converter/inst/xpm_cdc_async_rst_inst/dest_clk
    SLICE_X58Y114        FDCE                                         r  top_i/smartconnect_0/inst/s01_entry_pipeline/s01_si_converter/inst/xpm_cdc_async_rst_inst/arststages_ff_reg[0]/C

Slack:                    inf
  Source:                 top_i/smartconnect_0/inst/clk_map/psr_aclk/U0/ACTIVE_LOW_BSR_OUT_DFF[0].FDRE_BSR_N/C
                            (rising edge-triggered cell FDRE clocked by clk_pl_0  {rise@0.000ns fall@2.667ns period=5.333ns})
  Destination:            top_i/smartconnect_0/inst/s01_entry_pipeline/s01_si_converter/inst/xpm_cdc_async_rst_inst/arststages_ff_reg[1]/CLR
                            (removal check against rising-edge clock clk_pl_0  {rise@0.000ns fall@2.667ns period=5.333ns})
  Path Group:             (none)
  Path Type:              Removal (Min at Fast Process Corner)
  Data Path Delay:        0.425ns  (logic 0.039ns (9.177%)  route 0.386ns (90.823%))
  Logic Levels:           0  
  Clock Path Skew:        0.228ns (DCD - SCD - CPR)
    Destination Clock Delay (DCD):    1.600ns
    Source Clock Delay      (SCD):    1.373ns
    Clock Pessimism Removal (CPR):    -0.000ns
  Clock Uncertainty:      0.112ns  ((TSJ^2 + DJ^2)^1/2) / 2 + PE
    Total System Jitter     (TSJ):    0.071ns
    Discrete Jitter          (DJ):    0.213ns
    Phase Error              (PE):    0.000ns
  Clock Net Delay (Source):      1.234ns (routing 0.519ns, distribution 0.715ns)
  Clock Net Delay (Destination): 1.428ns (routing 0.581ns, distribution 0.847ns)
  Timing Exception:       False Path

    Location             Delay type                Incr(ns)  Path(ns)    Netlist Resource(s)
  -------------------------------------------------------------------    -------------------
                         (clock clk_pl_0 rise edge)
                                                      0.000     0.000 r  
    PS8_X0Y0             PS8                          0.000     0.000 r  top_i/zynq_ps/inst/PS8_i/PLCLK[0]
                         net (fo=1, routed)           0.122     0.122    top_i/zynq_ps/inst/pl_clk_unbuffered[0]
    BUFG_PS_X0Y80        BUFG_PS (Prop_BUFG_PS_I_O)
                                                      0.017     0.139 r  top_i/zynq_ps/inst/buffer_pl_clk_0.PL_CLK_0_BUFG/O
    X2Y2 (CLOCK_ROOT)    net (fo=38649, routed)       1.234     1.373    top_i/smartconnect_0/inst/clk_map/psr_aclk/U0/aclk
    SLICE_X62Y147        FDRE                                         r  top_i/smartconnect_0/inst/clk_map/psr_aclk/U0/ACTIVE_LOW_BSR_OUT_DFF[0].FDRE_BSR_N/C
  -------------------------------------------------------------------    -------------------
    SLICE_X62Y147        FDRE (Prop_HFF_SLICEL_C_Q)
                                                      0.039     1.412 r  top_i/smartconnect_0/inst/clk_map/psr_aclk/U0/ACTIVE_LOW_BSR_OUT_DFF[0].FDRE_BSR_N/Q
                         net (fo=66, routed)          0.386     1.798    top_i/smartconnect_0/inst/s01_entry_pipeline/s01_si_converter/inst/xpm_cdc_async_rst_inst/src_arst
    SLICE_X58Y114        FDCE                                         f  top_i/smartconnect_0/inst/s01_entry_pipeline/s01_si_converter/inst/xpm_cdc_async_rst_inst/arststages_ff_reg[1]/CLR  (IS_INVERTED)
  -------------------------------------------------------------------    -------------------

                         (clock clk_pl_0 rise edge)
                                                      0.000     0.000 r  
    PS8_X0Y0             PS8                          0.000     0.000 r  top_i/zynq_ps/inst/PS8_i/PLCLK[0]
                         net (fo=1, routed)           0.154     0.154    top_i/zynq_ps/inst/pl_clk_unbuffered[0]
    BUFG_PS_X0Y80        BUFG_PS (Prop_BUFG_PS_I_O)
                                                      0.018     0.172 r  top_i/zynq_ps/inst/buffer_pl_clk_0.PL_CLK_0_BUFG/O
    X2Y2 (CLOCK_ROOT)    net (fo=38649, routed)       1.428     1.600    top_i/smartconnect_0/inst/s01_entry_pipeline/s01_si_converter/inst/xpm_cdc_async_rst_inst/dest_clk
    SLICE_X58Y114        FDCE                                         r  top_i/smartconnect_0/inst/s01_entry_pipeline/s01_si_converter/inst/xpm_cdc_async_rst_inst/arststages_ff_reg[1]/C

Slack:                    inf
  Source:                 top_i/smartconnect_0/inst/clk_map/psr_aclk/U0/ACTIVE_LOW_BSR_OUT_DFF[0].FDRE_BSR_N/C
                            (rising edge-triggered cell FDRE clocked by clk_pl_0  {rise@0.000ns fall@2.667ns period=5.333ns})
  Destination:            top_i/smartconnect_0/inst/s01_entry_pipeline/s01_si_converter/inst/xpm_cdc_async_rst_inst/arststages_ff_reg[2]/CLR
                            (removal check against rising-edge clock clk_pl_0  {rise@0.000ns fall@2.667ns period=5.333ns})
  Path Group:             (none)
  Path Type:              Removal (Min at Fast Process Corner)
  Data Path Delay:        0.425ns  (logic 0.039ns (9.177%)  route 0.386ns (90.823%))
  Logic Levels:           0  
  Clock Path Skew:        0.228ns (DCD - SCD - CPR)
    Destination Clock Delay (DCD):    1.600ns
    Source Clock Delay      (SCD):    1.373ns
    Clock Pessimism Removal (CPR):    -0.000ns
  Clock Uncertainty:      0.112ns  ((TSJ^2 + DJ^2)^1/2) / 2 + PE
    Total System Jitter     (TSJ):    0.071ns
    Discrete Jitter          (DJ):    0.213ns
    Phase Error              (PE):    0.000ns
  Clock Net Delay (Source):      1.234ns (routing 0.519ns, distribution 0.715ns)
  Clock Net Delay (Destination): 1.428ns (routing 0.581ns, distribution 0.847ns)
  Timing Exception:       False Path

    Location             Delay type                Incr(ns)  Path(ns)    Netlist Resource(s)
  -------------------------------------------------------------------    -------------------
                         (clock clk_pl_0 rise edge)
                                                      0.000     0.000 r  
    PS8_X0Y0             PS8                          0.000     0.000 r  top_i/zynq_ps/inst/PS8_i/PLCLK[0]
                         net (fo=1, routed)           0.122     0.122    top_i/zynq_ps/inst/pl_clk_unbuffered[0]
    BUFG_PS_X0Y80        BUFG_PS (Prop_BUFG_PS_I_O)
                                                      0.017     0.139 r  top_i/zynq_ps/inst/buffer_pl_clk_0.PL_CLK_0_BUFG/O
    X2Y2 (CLOCK_ROOT)    net (fo=38649, routed)       1.234     1.373    top_i/smartconnect_0/inst/clk_map/psr_aclk/U0/aclk
    SLICE_X62Y147        FDRE                                         r  top_i/smartconnect_0/inst/clk_map/psr_aclk/U0/ACTIVE_LOW_BSR_OUT_DFF[0].FDRE_BSR_N/C
  -------------------------------------------------------------------    -------------------
    SLICE_X62Y147        FDRE (Prop_HFF_SLICEL_C_Q)
                                                      0.039     1.412 r  top_i/smartconnect_0/inst/clk_map/psr_aclk/U0/ACTIVE_LOW_BSR_OUT_DFF[0].FDRE_BSR_N/Q
                         net (fo=66, routed)          0.386     1.798    top_i/smartconnect_0/inst/s01_entry_pipeline/s01_si_converter/inst/xpm_cdc_async_rst_inst/src_arst
    SLICE_X58Y114        FDCE                                         f  top_i/smartconnect_0/inst/s01_entry_pipeline/s01_si_converter/inst/xpm_cdc_async_rst_inst/arststages_ff_reg[2]/CLR  (IS_INVERTED)
  -------------------------------------------------------------------    -------------------

                         (clock clk_pl_0 rise edge)
                                                      0.000     0.000 r  
    PS8_X0Y0             PS8                          0.000     0.000 r  top_i/zynq_ps/inst/PS8_i/PLCLK[0]
                         net (fo=1, routed)           0.154     0.154    top_i/zynq_ps/inst/pl_clk_unbuffered[0]
    BUFG_PS_X0Y80        BUFG_PS (Prop_BUFG_PS_I_O)
                                                      0.018     0.172 r  top_i/zynq_ps/inst/buffer_pl_clk_0.PL_CLK_0_BUFG/O
    X2Y2 (CLOCK_ROOT)    net (fo=38649, routed)       1.428     1.600    top_i/smartconnect_0/inst/s01_entry_pipeline/s01_si_converter/inst/xpm_cdc_async_rst_inst/dest_clk
    SLICE_X58Y114        FDCE                                         r  top_i/smartconnect_0/inst/s01_entry_pipeline/s01_si_converter/inst/xpm_cdc_async_rst_inst/arststages_ff_reg[2]/C

Slack:                    inf
  Source:                 top_i/smartconnect_0/inst/clk_map/psr_aclk/U0/ACTIVE_LOW_BSR_OUT_DFF[0].FDRE_BSR_N/C
                            (rising edge-triggered cell FDRE clocked by clk_pl_0  {rise@0.000ns fall@2.667ns period=5.333ns})
  Destination:            top_i/smartconnect_0/inst/s01_entry_pipeline/s01_transaction_regulator/inst/xpm_cdc_async_rst_inst/arststages_ff_reg[0]/CLR
                            (removal check against rising-edge clock clk_pl_0  {rise@0.000ns fall@2.667ns period=5.333ns})
  Path Group:             (none)
  Path Type:              Removal (Min at Fast Process Corner)
  Data Path Delay:        0.437ns  (logic 0.039ns (8.928%)  route 0.398ns (91.072%))
  Logic Levels:           0  
  Clock Path Skew:        0.229ns (DCD - SCD - CPR)
    Destination Clock Delay (DCD):    1.601ns
    Source Clock Delay      (SCD):    1.373ns
    Clock Pessimism Removal (CPR):    -0.000ns
  Clock Uncertainty:      0.112ns  ((TSJ^2 + DJ^2)^1/2) / 2 + PE
    Total System Jitter     (TSJ):    0.071ns
    Discrete Jitter          (DJ):    0.213ns
    Phase Error              (PE):    0.000ns
  Clock Net Delay (Source):      1.234ns (routing 0.519ns, distribution 0.715ns)
  Clock Net Delay (Destination): 1.429ns (routing 0.581ns, distribution 0.848ns)
  Timing Exception:       False Path

    Location             Delay type                Incr(ns)  Path(ns)    Netlist Resource(s)
  -------------------------------------------------------------------    -------------------
                         (clock clk_pl_0 rise edge)
                                                      0.000     0.000 r  
    PS8_X0Y0             PS8                          0.000     0.000 r  top_i/zynq_ps/inst/PS8_i/PLCLK[0]
                         net (fo=1, routed)           0.122     0.122    top_i/zynq_ps/inst/pl_clk_unbuffered[0]
    BUFG_PS_X0Y80        BUFG_PS (Prop_BUFG_PS_I_O)
                                                      0.017     0.139 r  top_i/zynq_ps/inst/buffer_pl_clk_0.PL_CLK_0_BUFG/O
    X2Y2 (CLOCK_ROOT)    net (fo=38649, routed)       1.234     1.373    top_i/smartconnect_0/inst/clk_map/psr_aclk/U0/aclk
    SLICE_X62Y147        FDRE                                         r  top_i/smartconnect_0/inst/clk_map/psr_aclk/U0/ACTIVE_LOW_BSR_OUT_DFF[0].FDRE_BSR_N/C
  -------------------------------------------------------------------    -------------------
    SLICE_X62Y147        FDRE (Prop_HFF_SLICEL_C_Q)
                                                      0.039     1.412 r  top_i/smartconnect_0/inst/clk_map/psr_aclk/U0/ACTIVE_LOW_BSR_OUT_DFF[0].FDRE_BSR_N/Q
                         net (fo=66, routed)          0.398     1.809    top_i/smartconnect_0/inst/s01_entry_pipeline/s01_transaction_regulator/inst/xpm_cdc_async_rst_inst/src_arst
    SLICE_X56Y118        FDCE                                         f  top_i/smartconnect_0/inst/s01_entry_pipeline/s01_transaction_regulator/inst/xpm_cdc_async_rst_inst/arststages_ff_reg[0]/CLR  (IS_INVERTED)
  -------------------------------------------------------------------    -------------------

                         (clock clk_pl_0 rise edge)
                                                      0.000     0.000 r  
    PS8_X0Y0             PS8                          0.000     0.000 r  top_i/zynq_ps/inst/PS8_i/PLCLK[0]
                         net (fo=1, routed)           0.154     0.154    top_i/zynq_ps/inst/pl_clk_unbuffered[0]
    BUFG_PS_X0Y80        BUFG_PS (Prop_BUFG_PS_I_O)
                                                      0.018     0.172 r  top_i/zynq_ps/inst/buffer_pl_clk_0.PL_CLK_0_BUFG/O
    X2Y2 (CLOCK_ROOT)    net (fo=38649, routed)       1.429     1.601    top_i/smartconnect_0/inst/s01_entry_pipeline/s01_transaction_regulator/inst/xpm_cdc_async_rst_inst/dest_clk
    SLICE_X56Y118        FDCE                                         r  top_i/smartconnect_0/inst/s01_entry_pipeline/s01_transaction_regulator/inst/xpm_cdc_async_rst_inst/arststages_ff_reg[0]/C

Slack:                    inf
  Source:                 top_i/smartconnect_0/inst/clk_map/psr_aclk/U0/ACTIVE_LOW_BSR_OUT_DFF[0].FDRE_BSR_N/C
                            (rising edge-triggered cell FDRE clocked by clk_pl_0  {rise@0.000ns fall@2.667ns period=5.333ns})
  Destination:            top_i/smartconnect_0/inst/s01_entry_pipeline/s01_transaction_regulator/inst/xpm_cdc_async_rst_inst/arststages_ff_reg[1]/CLR
                            (removal check against rising-edge clock clk_pl_0  {rise@0.000ns fall@2.667ns period=5.333ns})
  Path Group:             (none)
  Path Type:              Removal (Min at Fast Process Corner)
  Data Path Delay:        0.437ns  (logic 0.039ns (8.928%)  route 0.398ns (91.072%))
  Logic Levels:           0  
  Clock Path Skew:        0.229ns (DCD - SCD - CPR)
    Destination Clock Delay (DCD):    1.601ns
    Source Clock Delay      (SCD):    1.373ns
    Clock Pessimism Removal (CPR):    -0.000ns
  Clock Uncertainty:      0.112ns  ((TSJ^2 + DJ^2)^1/2) / 2 + PE
    Total System Jitter     (TSJ):    0.071ns
    Discrete Jitter          (DJ):    0.213ns
    Phase Error              (PE):    0.000ns
  Clock Net Delay (Source):      1.234ns (routing 0.519ns, distribution 0.715ns)
  Clock Net Delay (Destination): 1.429ns (routing 0.581ns, distribution 0.848ns)
  Timing Exception:       False Path

    Location             Delay type                Incr(ns)  Path(ns)    Netlist Resource(s)
  -------------------------------------------------------------------    -------------------
                         (clock clk_pl_0 rise edge)
                                                      0.000     0.000 r  
    PS8_X0Y0             PS8                          0.000     0.000 r  top_i/zynq_ps/inst/PS8_i/PLCLK[0]
                         net (fo=1, routed)           0.122     0.122    top_i/zynq_ps/inst/pl_clk_unbuffered[0]
    BUFG_PS_X0Y80        BUFG_PS (Prop_BUFG_PS_I_O)
                                                      0.017     0.139 r  top_i/zynq_ps/inst/buffer_pl_clk_0.PL_CLK_0_BUFG/O
    X2Y2 (CLOCK_ROOT)    net (fo=38649, routed)       1.234     1.373    top_i/smartconnect_0/inst/clk_map/psr_aclk/U0/aclk
    SLICE_X62Y147        FDRE                                         r  top_i/smartconnect_0/inst/clk_map/psr_aclk/U0/ACTIVE_LOW_BSR_OUT_DFF[0].FDRE_BSR_N/C
  -------------------------------------------------------------------    -------------------
    SLICE_X62Y147        FDRE (Prop_HFF_SLICEL_C_Q)
                                                      0.039     1.412 r  top_i/smartconnect_0/inst/clk_map/psr_aclk/U0/ACTIVE_LOW_BSR_OUT_DFF[0].FDRE_BSR_N/Q
                         net (fo=66, routed)          0.398     1.809    top_i/smartconnect_0/inst/s01_entry_pipeline/s01_transaction_regulator/inst/xpm_cdc_async_rst_inst/src_arst
    SLICE_X56Y118        FDCE                                         f  top_i/smartconnect_0/inst/s01_entry_pipeline/s01_transaction_regulator/inst/xpm_cdc_async_rst_inst/arststages_ff_reg[1]/CLR  (IS_INVERTED)
  -------------------------------------------------------------------    -------------------

                         (clock clk_pl_0 rise edge)
                                                      0.000     0.000 r  
    PS8_X0Y0             PS8                          0.000     0.000 r  top_i/zynq_ps/inst/PS8_i/PLCLK[0]
                         net (fo=1, routed)           0.154     0.154    top_i/zynq_ps/inst/pl_clk_unbuffered[0]
    BUFG_PS_X0Y80        BUFG_PS (Prop_BUFG_PS_I_O)
                                                      0.018     0.172 r  top_i/zynq_ps/inst/buffer_pl_clk_0.PL_CLK_0_BUFG/O
    X2Y2 (CLOCK_ROOT)    net (fo=38649, routed)       1.429     1.601    top_i/smartconnect_0/inst/s01_entry_pipeline/s01_transaction_regulator/inst/xpm_cdc_async_rst_inst/dest_clk
    SLICE_X56Y118        FDCE                                         r  top_i/smartconnect_0/inst/s01_entry_pipeline/s01_transaction_regulator/inst/xpm_cdc_async_rst_inst/arststages_ff_reg[1]/C

Slack:                    inf
  Source:                 top_i/smartconnect_0/inst/clk_map/psr_aclk/U0/ACTIVE_LOW_BSR_OUT_DFF[0].FDRE_BSR_N/C
                            (rising edge-triggered cell FDRE clocked by clk_pl_0  {rise@0.000ns fall@2.667ns period=5.333ns})
  Destination:            top_i/smartconnect_0/inst/s01_entry_pipeline/s01_transaction_regulator/inst/xpm_cdc_async_rst_inst/arststages_ff_reg[2]/CLR
                            (removal check against rising-edge clock clk_pl_0  {rise@0.000ns fall@2.667ns period=5.333ns})
  Path Group:             (none)
  Path Type:              Removal (Min at Fast Process Corner)
  Data Path Delay:        0.437ns  (logic 0.039ns (8.928%)  route 0.398ns (91.072%))
  Logic Levels:           0  
  Clock Path Skew:        0.229ns (DCD - SCD - CPR)
    Destination Clock Delay (DCD):    1.601ns
    Source Clock Delay      (SCD):    1.373ns
    Clock Pessimism Removal (CPR):    -0.000ns
  Clock Uncertainty:      0.112ns  ((TSJ^2 + DJ^2)^1/2) / 2 + PE
    Total System Jitter     (TSJ):    0.071ns
    Discrete Jitter          (DJ):    0.213ns
    Phase Error              (PE):    0.000ns
  Clock Net Delay (Source):      1.234ns (routing 0.519ns, distribution 0.715ns)
  Clock Net Delay (Destination): 1.429ns (routing 0.581ns, distribution 0.848ns)
  Timing Exception:       False Path

    Location             Delay type                Incr(ns)  Path(ns)    Netlist Resource(s)
  -------------------------------------------------------------------    -------------------
                         (clock clk_pl_0 rise edge)
                                                      0.000     0.000 r  
    PS8_X0Y0             PS8                          0.000     0.000 r  top_i/zynq_ps/inst/PS8_i/PLCLK[0]
                         net (fo=1, routed)           0.122     0.122    top_i/zynq_ps/inst/pl_clk_unbuffered[0]
    BUFG_PS_X0Y80        BUFG_PS (Prop_BUFG_PS_I_O)
                                                      0.017     0.139 r  top_i/zynq_ps/inst/buffer_pl_clk_0.PL_CLK_0_BUFG/O
    X2Y2 (CLOCK_ROOT)    net (fo=38649, routed)       1.234     1.373    top_i/smartconnect_0/inst/clk_map/psr_aclk/U0/aclk
    SLICE_X62Y147        FDRE                                         r  top_i/smartconnect_0/inst/clk_map/psr_aclk/U0/ACTIVE_LOW_BSR_OUT_DFF[0].FDRE_BSR_N/C
  -------------------------------------------------------------------    -------------------
    SLICE_X62Y147        FDRE (Prop_HFF_SLICEL_C_Q)
                                                      0.039     1.412 r  top_i/smartconnect_0/inst/clk_map/psr_aclk/U0/ACTIVE_LOW_BSR_OUT_DFF[0].FDRE_BSR_N/Q
                         net (fo=66, routed)          0.398     1.809    top_i/smartconnect_0/inst/s01_entry_pipeline/s01_transaction_regulator/inst/xpm_cdc_async_rst_inst/src_arst
    SLICE_X56Y118        FDCE                                         f  top_i/smartconnect_0/inst/s01_entry_pipeline/s01_transaction_regulator/inst/xpm_cdc_async_rst_inst/arststages_ff_reg[2]/CLR  (IS_INVERTED)
  -------------------------------------------------------------------    -------------------

                         (clock clk_pl_0 rise edge)
                                                      0.000     0.000 r  
    PS8_X0Y0             PS8                          0.000     0.000 r  top_i/zynq_ps/inst/PS8_i/PLCLK[0]
                         net (fo=1, routed)           0.154     0.154    top_i/zynq_ps/inst/pl_clk_unbuffered[0]
    BUFG_PS_X0Y80        BUFG_PS (Prop_BUFG_PS_I_O)
                                                      0.018     0.172 r  top_i/zynq_ps/inst/buffer_pl_clk_0.PL_CLK_0_BUFG/O
    X2Y2 (CLOCK_ROOT)    net (fo=38649, routed)       1.429     1.601    top_i/smartconnect_0/inst/s01_entry_pipeline/s01_transaction_regulator/inst/xpm_cdc_async_rst_inst/dest_clk
    SLICE_X56Y118        FDCE                                         r  top_i/smartconnect_0/inst/s01_entry_pipeline/s01_transaction_regulator/inst/xpm_cdc_async_rst_inst/arststages_ff_reg[2]/C





