Copyright 1986-2022 Xilinx, Inc. All Rights Reserved. Copyright 2022-2024 Advanced Micro Devices, Inc. All Rights Reserved.
----------------------------------------------------------------------------------------------------------------------------------------------------------------------------------------------------------------
| Tool Version      : Vivado v.2024.1 (lin64) Build 5076996 Wed May 22 18:36:09 MDT 2024
| Date              : Fri Jul 17 19:43:34 2026
| Host              : finn_dev_phu running 64-bit Ubuntu 22.04.1 LTS
| Command           : report_timing_summary -max_paths 10 -report_unconstrained -file top_wrapper_timing_summary_routed.rpt -pb top_wrapper_timing_summary_routed.pb -rpx top_wrapper_timing_summary_routed.rpx
| Design            : top_wrapper
| Device            : xczu7ev-ffvc1156
| Speed File        : -2  PRODUCTION 1.30 05-15-2022
| Design State      : Routed
| Temperature Grade : E
----------------------------------------------------------------------------------------------------------------------------------------------------------------------------------------------------------------

Timing Summary Report

------------------------------------------------------------------------------------------------
| Timer Settings
| --------------
------------------------------------------------------------------------------------------------

  Enable Multi Corner Analysis               :  Yes
  Enable Pessimism Removal                   :  Yes
  Pessimism Removal Resolution               :  Nearest Common Node
  Enable Input Delay Default Clock           :  No
  Enable Preset / Clear Arcs                 :  No
  Disable Flight Delays                      :  No
  Ignore I/O Paths                           :  No
  Timing Early Launch at Borrowing Latches   :  No
  Borrow Time for Max Delay Exceptions       :  Yes
  Merge Timing Exceptions                    :  Yes
  Inter-SLR Compensation                     :  Conservative

  Corner  Analyze    Analyze    
  Name    Max Paths  Min Paths  
  ------  ---------  ---------  
  Slow    Yes        Yes        
  Fast    Yes        Yes        


------------------------------------------------------------------------------------------------
| Report Methodology
| ------------------
------------------------------------------------------------------------------------------------

Rule     Severity  Description                   Violations  
-------  --------  ----------------------------  ----------  
LUTAR-1  Warning   LUT drives async reset alert  3           

Note: This report is based on the most recent report_methodology run and may not be up-to-date. Run report_methodology on the current design for the latest report.



check_timing report

Table of Contents
-----------------
1. checking no_clock (0)
2. checking constant_clock (0)
3. checking pulse_width_clock (0)
4. checking unconstrained_internal_endpoints (0)
5. checking no_input_delay (0)
6. checking no_output_delay (0)
7. checking multiple_clock (0)
8. checking generated_clocks (0)
9. checking loops (0)
10. checking partial_input_delay (0)
11. checking partial_output_delay (0)
12. checking latch_loops (0)

1. checking no_clock (0)
------------------------
 There are 0 register/latch pins with no clock.


2. checking constant_clock (0)
------------------------------
 There are 0 register/latch pins with constant_clock.


3. checking pulse_width_clock (0)
---------------------------------
 There are 0 register/latch pins which need pulse_width check


4. checking unconstrained_internal_endpoints (0)
------------------------------------------------
 There are 0 pins that are not constrained for maximum delay.

 There are 0 pins that are not constrained for maximum delay due to constant clock.


5. checking no_input_delay (0)
------------------------------
 There are 0 input ports with no input delay specified.

 There are 0 input ports with no input delay but user has a false path constraint.


6. checking no_output_delay (0)
-------------------------------
 There are 0 ports with no output delay specified.

 There are 0 ports with no output delay but user has a false path constraint

 There are 0 ports with no output delay but with a timing clock defined on it or propagating through it


7. checking multiple_clock (0)
------------------------------
 There are 0 register/latch pins with multiple clocks.


8. checking generated_clocks (0)
--------------------------------
 There are 0 generated clocks that are not connected to a clock source.


9. checking loops (0)
---------------------
 There are 0 combinational loops in the design.


10. checking partial_input_delay (0)
------------------------------------
 There are 0 input ports with partial input delay specified.


11. checking partial_output_delay (0)
-------------------------------------
 There are 0 ports with partial output delay specified.


12. checking latch_loops (0)
----------------------------
 There are 0 combinational latch loops in the design through latch input



------------------------------------------------------------------------------------------------
| Design Timing Summary
| ---------------------
------------------------------------------------------------------------------------------------

    WNS(ns)      TNS(ns)  TNS Failing Endpoints  TNS Total Endpoints      WHS(ns)      THS(ns)  THS Failing Endpoints  THS Total Endpoints     WPWS(ns)     TPWS(ns)  TPWS Failing Endpoints  TPWS Total Endpoints  
    -------      -------  ---------------------  -------------------      -------      -------  ---------------------  -------------------     --------     --------  ----------------------  --------------------  
      1.057        0.000                      0                90212        0.010        0.000                      0                90212        1.166        0.000                       0                 35948  


All user specified timing constraints are met.


------------------------------------------------------------------------------------------------
| Clock Summary
| -------------
------------------------------------------------------------------------------------------------

Clock     Waveform(ns)         Period(ns)      Frequency(MHz)
-----     ------------         ----------      --------------
clk_pl_0  {0.000 2.667}        5.333           187.512         


------------------------------------------------------------------------------------------------
| Intra Clock Table
| -----------------
------------------------------------------------------------------------------------------------

Clock             WNS(ns)      TNS(ns)  TNS Failing Endpoints  TNS Total Endpoints      WHS(ns)      THS(ns)  THS Failing Endpoints  THS Total Endpoints     WPWS(ns)     TPWS(ns)  TPWS Failing Endpoints  TPWS Total Endpoints  
-----             -------      -------  ---------------------  -------------------      -------      -------  ---------------------  -------------------     --------     --------  ----------------------  --------------------  
clk_pl_0            1.057        0.000                      0                90116        0.010        0.000                      0                90116        1.166        0.000                       0                 35948  


------------------------------------------------------------------------------------------------
| Inter Clock Table
| -----------------
------------------------------------------------------------------------------------------------

From Clock    To Clock          WNS(ns)      TNS(ns)  TNS Failing Endpoints  TNS Total Endpoints      WHS(ns)      THS(ns)  THS Failing Endpoints  THS Total Endpoints  
----------    --------          -------      -------  ---------------------  -------------------      -------      -------  ---------------------  -------------------  


------------------------------------------------------------------------------------------------
| Other Path Groups Table
| -----------------------
------------------------------------------------------------------------------------------------

Path Group         From Clock         To Clock               WNS(ns)      TNS(ns)  TNS Failing Endpoints  TNS Total Endpoints      WHS(ns)      THS(ns)  THS Failing Endpoints  THS Total Endpoints  
----------         ----------         --------               -------      -------  ---------------------  -------------------      -------      -------  ---------------------  -------------------  
**async_default**  clk_pl_0           clk_pl_0                 3.801        0.000                      0                   96        0.138        0.000                      0                   96  


------------------------------------------------------------------------------------------------
| User Ignored Path Table
| -----------------------
------------------------------------------------------------------------------------------------

Path Group    From Clock    To Clock    
----------    ----------    --------    
(none)                      clk_pl_0      
(none)        clk_pl_0      clk_pl_0      


------------------------------------------------------------------------------------------------
| Unconstrained Path Table
| ------------------------
------------------------------------------------------------------------------------------------

Path Group    From Clock    To Clock    
----------    ----------    --------    


------------------------------------------------------------------------------------------------
| Timing Details
| --------------
------------------------------------------------------------------------------------------------


---------------------------------------------------------------------------------------------------
From Clock:  clk_pl_0
  To Clock:  clk_pl_0

Setup :            0  Failing Endpoints,  Worst Slack        1.057ns,  Total Violation        0.000ns
Hold  :            0  Failing Endpoints,  Worst Slack        0.010ns,  Total Violation        0.000ns
PW    :            0  Failing Endpoints,  Worst Slack        1.166ns,  Total Violation        0.000ns
---------------------------------------------------------------------------------------------------


Max Delay Paths
--------------------------------------------------------------------------------------
Slack (MET) :             1.057ns  (required time - arrival time)
  Source:                 top_i/rst_zynq_ps_187M/U0/ACTIVE_LOW_PR_OUT_DFF[0].FDRE_PER_N_replica/C
                            (rising edge-triggered cell FDRE clocked by clk_pl_0  {rise@0.000ns fall@2.667ns period=5.333ns})
  Destination:            top_i/odma0/inst/StreamingDataflowPartition_2_IODMA_hls_0/inst/gmem_m_axi_U/store_unit/buff_wdata/full_n_reg/D
                            (rising edge-triggered cell FDRE clocked by clk_pl_0  {rise@0.000ns fall@2.667ns period=5.333ns})
  Path Group:             clk_pl_0
  Path Type:              Setup (Max at Slow Process Corner)
  Requirement:            5.333ns  (clk_pl_0 rise@5.333ns - clk_pl_0 rise@0.000ns)
  Data Path Delay:        4.001ns  (logic 0.222ns (5.548%)  route 3.779ns (94.452%))
  Logic Levels:           1  (LUT5=1)
  Clock Path Skew:        -0.187ns (DCD - SCD + CPR)
    Destination Clock Delay (DCD):    2.228ns = ( 7.561 - 5.333 ) 
    Source Clock Delay      (SCD):    2.543ns
    Clock Pessimism Removal (CPR):    0.128ns
  Clock Uncertainty:      0.112ns  ((TSJ^2 + DJ^2)^1/2) / 2 + PE
    Total System Jitter     (TSJ):    0.071ns
    Discrete Jitter          (DJ):    0.213ns
    Phase Error              (PE):    0.000ns
  Clock Net Delay (Source):      2.335ns (routing 0.960ns, distribution 1.375ns)
  Clock Net Delay (Destination): 2.060ns (routing 0.872ns, distribution 1.188ns)

    Location             Delay type                Incr(ns)  Path(ns)    Netlist Resource(s)
  -------------------------------------------------------------------    -------------------
                         (clock clk_pl_0 rise edge)
                                                      0.000     0.000 r  
    PS8_X0Y0             PS8                          0.000     0.000 r  top_i/zynq_ps/inst/PS8_i/PLCLK[0]
                         net (fo=1, routed)           0.180     0.180    top_i/zynq_ps/inst/pl_clk_unbuffered[0]
    BUFG_PS_X0Y80        BUFG_PS (Prop_BUFG_PS_I_O)
                                                      0.028     0.208 r  top_i/zynq_ps/inst/buffer_pl_clk_0.PL_CLK_0_BUFG/O
    X2Y2 (CLOCK_ROOT)    net (fo=35948, routed)       2.335     2.543    top_i/rst_zynq_ps_187M/U0/slowest_sync_clk
    SLICE_X56Y196        FDRE                                         r  top_i/rst_zynq_ps_187M/U0/ACTIVE_LOW_PR_OUT_DFF[0].FDRE_PER_N_replica/C
  -------------------------------------------------------------------    -------------------
    SLICE_X56Y196        FDRE (Prop_AFF_SLICEM_C_Q)
                                                      0.077     2.620 f  top_i/rst_zynq_ps_187M/U0/ACTIVE_LOW_PR_OUT_DFF[0].FDRE_PER_N_replica/Q
                         net (fo=531, routed)         3.713     6.333    top_i/odma0/inst/StreamingDataflowPartition_2_IODMA_hls_0/inst/gmem_m_axi_U/store_unit/buff_wdata/peripheral_aresetn[0]_bufg_place_replica
    SLICE_X63Y55         LUT5 (Prop_C6LUT_SLICEM_I2_O)
                                                      0.145     6.478 r  top_i/odma0/inst/StreamingDataflowPartition_2_IODMA_hls_0/inst/gmem_m_axi_U/store_unit/buff_wdata/full_n_i_1__1/O
                         net (fo=1, routed)           0.066     6.544    top_i/odma0/inst/StreamingDataflowPartition_2_IODMA_hls_0/inst/gmem_m_axi_U/store_unit/buff_wdata/full_n_i_1__1_n_0
    SLICE_X63Y55         FDRE                                         r  top_i/odma0/inst/StreamingDataflowPartition_2_IODMA_hls_0/inst/gmem_m_axi_U/store_unit/buff_wdata/full_n_reg/D
  -------------------------------------------------------------------    -------------------

                         (clock clk_pl_0 rise edge)
                                                      5.333     5.333 r  
    PS8_X0Y0             PS8                          0.000     5.333 r  top_i/zynq_ps/inst/PS8_i/PLCLK[0]
                         net (fo=1, routed)           0.143     5.476    top_i/zynq_ps/inst/pl_clk_unbuffered[0]
    BUFG_PS_X0Y80        BUFG_PS (Prop_BUFG_PS_I_O)
                                                      0.025     5.501 r  top_i/zynq_ps/inst/buffer_pl_clk_0.PL_CLK_0_BUFG/O
    X2Y2 (CLOCK_ROOT)    net (fo=35948, routed)       2.060     7.561    top_i/odma0/inst/StreamingDataflowPartition_2_IODMA_hls_0/inst/gmem_m_axi_U/store_unit/buff_wdata/ap_clk
    SLICE_X63Y55         FDRE                                         r  top_i/odma0/inst/StreamingDataflowPartition_2_IODMA_hls_0/inst/gmem_m_axi_U/store_unit/buff_wdata/full_n_reg/C
                         clock pessimism              0.128     7.689    
                         clock uncertainty           -0.112     7.577    
    SLICE_X63Y55         FDRE (Setup_CFF_SLICEM_C_D)
                                                      0.025     7.602    top_i/odma0/inst/StreamingDataflowPartition_2_IODMA_hls_0/inst/gmem_m_axi_U/store_unit/buff_wdata/full_n_reg
  -------------------------------------------------------------------
                         required time                          7.602    
                         arrival time                          -6.544    
  -------------------------------------------------------------------
                         slack                                  1.057    

Slack (MET) :             1.160ns  (required time - arrival time)
  Source:                 top_i/rst_zynq_ps_187M/U0/ACTIVE_LOW_PR_OUT_DFF[0].FDRE_PER_N_replica/C
                            (rising edge-triggered cell FDRE clocked by clk_pl_0  {rise@0.000ns fall@2.667ns period=5.333ns})
  Destination:            top_i/odma0/inst/StreamingDataflowPartition_2_IODMA_hls_0/inst/gmem_m_axi_U/bus_write/wreq_throttle/req_fifo/full_n_reg/D
                            (rising edge-triggered cell FDRE clocked by clk_pl_0  {rise@0.000ns fall@2.667ns period=5.333ns})
  Path Group:             clk_pl_0
  Path Type:              Setup (Max at Slow Process Corner)
  Requirement:            5.333ns  (clk_pl_0 rise@5.333ns - clk_pl_0 rise@0.000ns)
  Data Path Delay:        3.907ns  (logic 0.222ns (5.682%)  route 3.685ns (94.318%))
  Logic Levels:           1  (LUT5=1)
  Clock Path Skew:        -0.179ns (DCD - SCD + CPR)
    Destination Clock Delay (DCD):    2.236ns = ( 7.569 - 5.333 ) 
    Source Clock Delay      (SCD):    2.543ns
    Clock Pessimism Removal (CPR):    0.128ns
  Clock Uncertainty:      0.112ns  ((TSJ^2 + DJ^2)^1/2) / 2 + PE
    Total System Jitter     (TSJ):    0.071ns
    Discrete Jitter          (DJ):    0.213ns
    Phase Error              (PE):    0.000ns
  Clock Net Delay (Source):      2.335ns (routing 0.960ns, distribution 1.375ns)
  Clock Net Delay (Destination): 2.068ns (routing 0.872ns, distribution 1.196ns)

    Location             Delay type                Incr(ns)  Path(ns)    Netlist Resource(s)
  -------------------------------------------------------------------    -------------------
                         (clock clk_pl_0 rise edge)
                                                      0.000     0.000 r  
    PS8_X0Y0             PS8                          0.000     0.000 r  top_i/zynq_ps/inst/PS8_i/PLCLK[0]
                         net (fo=1, routed)           0.180     0.180    top_i/zynq_ps/inst/pl_clk_unbuffered[0]
    BUFG_PS_X0Y80        BUFG_PS (Prop_BUFG_PS_I_O)
                                                      0.028     0.208 r  top_i/zynq_ps/inst/buffer_pl_clk_0.PL_CLK_0_BUFG/O
    X2Y2 (CLOCK_ROOT)    net (fo=35948, routed)       2.335     2.543    top_i/rst_zynq_ps_187M/U0/slowest_sync_clk
    SLICE_X56Y196        FDRE                                         r  top_i/rst_zynq_ps_187M/U0/ACTIVE_LOW_PR_OUT_DFF[0].FDRE_PER_N_replica/C
  -------------------------------------------------------------------    -------------------
    SLICE_X56Y196        FDRE (Prop_AFF_SLICEM_C_Q)
                                                      0.077     2.620 f  top_i/rst_zynq_ps_187M/U0/ACTIVE_LOW_PR_OUT_DFF[0].FDRE_PER_N_replica/Q
                         net (fo=531, routed)         3.613     6.233    top_i/odma0/inst/StreamingDataflowPartition_2_IODMA_hls_0/inst/gmem_m_axi_U/bus_write/wreq_throttle/req_fifo/peripheral_aresetn[0]_bufg_place_replica
    SLICE_X61Y61         LUT5 (Prop_D6LUT_SLICEM_I1_O)
                                                      0.145     6.378 r  top_i/odma0/inst/StreamingDataflowPartition_2_IODMA_hls_0/inst/gmem_m_axi_U/bus_write/wreq_throttle/req_fifo/full_n_i_1__5/O
                         net (fo=1, routed)           0.072     6.450    top_i/odma0/inst/StreamingDataflowPartition_2_IODMA_hls_0/inst/gmem_m_axi_U/bus_write/wreq_throttle/req_fifo/full_n_i_1__5_n_0
    SLICE_X61Y61         FDRE                                         r  top_i/odma0/inst/StreamingDataflowPartition_2_IODMA_hls_0/inst/gmem_m_axi_U/bus_write/wreq_throttle/req_fifo/full_n_reg/D
  -------------------------------------------------------------------    -------------------

                         (clock clk_pl_0 rise edge)
                                                      5.333     5.333 r  
    PS8_X0Y0             PS8                          0.000     5.333 r  top_i/zynq_ps/inst/PS8_i/PLCLK[0]
                         net (fo=1, routed)           0.143     5.476    top_i/zynq_ps/inst/pl_clk_unbuffered[0]
    BUFG_PS_X0Y80        BUFG_PS (Prop_BUFG_PS_I_O)
                                                      0.025     5.501 r  top_i/zynq_ps/inst/buffer_pl_clk_0.PL_CLK_0_BUFG/O
    X2Y2 (CLOCK_ROOT)    net (fo=35948, routed)       2.068     7.569    top_i/odma0/inst/StreamingDataflowPartition_2_IODMA_hls_0/inst/gmem_m_axi_U/bus_write/wreq_throttle/req_fifo/ap_clk
    SLICE_X61Y61         FDRE                                         r  top_i/odma0/inst/StreamingDataflowPartition_2_IODMA_hls_0/inst/gmem_m_axi_U/bus_write/wreq_throttle/req_fifo/full_n_reg/C
                         clock pessimism              0.128     7.697    
                         clock uncertainty           -0.112     7.585    
    SLICE_X61Y61         FDRE (Setup_DFF_SLICEM_C_D)
                                                      0.025     7.610    top_i/odma0/inst/StreamingDataflowPartition_2_IODMA_hls_0/inst/gmem_m_axi_U/bus_write/wreq_throttle/req_fifo/full_n_reg
  -------------------------------------------------------------------
                         required time                          7.610    
                         arrival time                          -6.450    
  -------------------------------------------------------------------
                         slack                                  1.160    

Slack (MET) :             1.163ns  (required time - arrival time)
  Source:                 top_i/rst_zynq_ps_187M/U0/ACTIVE_LOW_PR_OUT_DFF[0].FDRE_PER_N_replica/C
                            (rising edge-triggered cell FDRE clocked by clk_pl_0  {rise@0.000ns fall@2.667ns period=5.333ns})
  Destination:            top_i/odma0/inst/StreamingDataflowPartition_2_IODMA_hls_0/inst/gmem_m_axi_U/store_unit/user_resp/full_n_reg/D
                            (rising edge-triggered cell FDRE clocked by clk_pl_0  {rise@0.000ns fall@2.667ns period=5.333ns})
  Path Group:             clk_pl_0
  Path Type:              Setup (Max at Slow Process Corner)
  Requirement:            5.333ns  (clk_pl_0 rise@5.333ns - clk_pl_0 rise@0.000ns)
  Data Path Delay:        3.896ns  (logic 0.223ns (5.724%)  route 3.673ns (94.276%))
  Logic Levels:           1  (LUT5=1)
  Clock Path Skew:        -0.187ns (DCD - SCD + CPR)
    Destination Clock Delay (DCD):    2.228ns = ( 7.561 - 5.333 ) 
    Source Clock Delay      (SCD):    2.543ns
    Clock Pessimism Removal (CPR):    0.128ns
  Clock Uncertainty:      0.112ns  ((TSJ^2 + DJ^2)^1/2) / 2 + PE
    Total System Jitter     (TSJ):    0.071ns
    Discrete Jitter          (DJ):    0.213ns
    Phase Error              (PE):    0.000ns
  Clock Net Delay (Source):      2.335ns (routing 0.960ns, distribution 1.375ns)
  Clock Net Delay (Destination): 2.060ns (routing 0.872ns, distribution 1.188ns)

    Location             Delay type                Incr(ns)  Path(ns)    Netlist Resource(s)
  -------------------------------------------------------------------    -------------------
                         (clock clk_pl_0 rise edge)
                                                      0.000     0.000 r  
    PS8_X0Y0             PS8                          0.000     0.000 r  top_i/zynq_ps/inst/PS8_i/PLCLK[0]
                         net (fo=1, routed)           0.180     0.180    top_i/zynq_ps/inst/pl_clk_unbuffered[0]
    BUFG_PS_X0Y80        BUFG_PS (Prop_BUFG_PS_I_O)
                                                      0.028     0.208 r  top_i/zynq_ps/inst/buffer_pl_clk_0.PL_CLK_0_BUFG/O
    X2Y2 (CLOCK_ROOT)    net (fo=35948, routed)       2.335     2.543    top_i/rst_zynq_ps_187M/U0/slowest_sync_clk
    SLICE_X56Y196        FDRE                                         r  top_i/rst_zynq_ps_187M/U0/ACTIVE_LOW_PR_OUT_DFF[0].FDRE_PER_N_replica/C
  -------------------------------------------------------------------    -------------------
    SLICE_X56Y196        FDRE (Prop_AFF_SLICEM_C_Q)
                                                      0.077     2.620 f  top_i/rst_zynq_ps_187M/U0/ACTIVE_LOW_PR_OUT_DFF[0].FDRE_PER_N_replica/Q
                         net (fo=531, routed)         3.623     6.243    top_i/odma0/inst/StreamingDataflowPartition_2_IODMA_hls_0/inst/gmem_m_axi_U/store_unit/user_resp/peripheral_aresetn[0]_bufg_place_replica
    SLICE_X62Y58         LUT5 (Prop_C6LUT_SLICEL_I2_O)
                                                      0.146     6.389 r  top_i/odma0/inst/StreamingDataflowPartition_2_IODMA_hls_0/inst/gmem_m_axi_U/store_unit/user_resp/full_n_i_1__3/O
                         net (fo=1, routed)           0.050     6.439    top_i/odma0/inst/StreamingDataflowPartition_2_IODMA_hls_0/inst/gmem_m_axi_U/store_unit/user_resp/full_n_i_1__3_n_0
    SLICE_X62Y58         FDRE                                         r  top_i/odma0/inst/StreamingDataflowPartition_2_IODMA_hls_0/inst/gmem_m_axi_U/store_unit/user_resp/full_n_reg/D
  -------------------------------------------------------------------    -------------------

                         (clock clk_pl_0 rise edge)
                                                      5.333     5.333 r  
    PS8_X0Y0             PS8                          0.000     5.333 r  top_i/zynq_ps/inst/PS8_i/PLCLK[0]
                         net (fo=1, routed)           0.143     5.476    top_i/zynq_ps/inst/pl_clk_unbuffered[0]
    BUFG_PS_X0Y80        BUFG_PS (Prop_BUFG_PS_I_O)
                                                      0.025     5.501 r  top_i/zynq_ps/inst/buffer_pl_clk_0.PL_CLK_0_BUFG/O
    X2Y2 (CLOCK_ROOT)    net (fo=35948, routed)       2.060     7.561    top_i/odma0/inst/StreamingDataflowPartition_2_IODMA_hls_0/inst/gmem_m_axi_U/store_unit/user_resp/ap_clk
    SLICE_X62Y58         FDRE                                         r  top_i/odma0/inst/StreamingDataflowPartition_2_IODMA_hls_0/inst/gmem_m_axi_U/store_unit/user_resp/full_n_reg/C
                         clock pessimism              0.128     7.689    
                         clock uncertainty           -0.112     7.577    
    SLICE_X62Y58         FDRE (Setup_CFF_SLICEL_C_D)
                                                      0.025     7.602    top_i/odma0/inst/StreamingDataflowPartition_2_IODMA_hls_0/inst/gmem_m_axi_U/store_unit/user_resp/full_n_reg
  -------------------------------------------------------------------
                         required time                          7.602    
                         arrival time                          -6.439    
  -------------------------------------------------------------------
                         slack                                  1.163    

Slack (MET) :             1.166ns  (required time - arrival time)
  Source:                 top_i/StreamingDataflowPartition_1/inst/StreamingDataflowPartition_1_MVAU_hls_7/StreamingDataflowPartition_1_MVAU_hls_7_wstrm/inst/core/mem/blkStage2.Mem_reg_bram_0/CLKARDCLK
                            (rising edge-triggered cell RAMB36E2 clocked by clk_pl_0  {rise@0.000ns fall@2.667ns period=5.333ns})
  Destination:            top_i/StreamingDataflowPartition_1/inst/StreamingDataflowPartition_1_MVAU_hls_7/StreamingDataflowPartition_1_MVAU_hls_7/inst/regslice_both_weights_V_U/data_p2_reg[1]/D
                            (rising edge-triggered cell FDRE clocked by clk_pl_0  {rise@0.000ns fall@2.667ns period=5.333ns})
  Path Group:             clk_pl_0
  Path Type:              Setup (Max at Slow Process Corner)
  Requirement:            5.333ns  (clk_pl_0 rise@5.333ns - clk_pl_0 rise@0.000ns)
  Data Path Delay:        4.012ns  (logic 2.616ns (65.197%)  route 1.396ns (34.803%))
  Logic Levels:           8  (LUT3=1 RAMB36E2=7)
  Clock Path Skew:        -0.067ns (DCD - SCD + CPR)
    Destination Clock Delay (DCD):    2.206ns = ( 7.539 - 5.333 ) 
    Source Clock Delay      (SCD):    2.471ns
    Clock Pessimism Removal (CPR):    0.198ns
  Clock Uncertainty:      0.112ns  ((TSJ^2 + DJ^2)^1/2) / 2 + PE
    Total System Jitter     (TSJ):    0.071ns
    Discrete Jitter          (DJ):    0.213ns
    Phase Error              (PE):    0.000ns
  Clock Net Delay (Source):      2.263ns (routing 0.960ns, distribution 1.303ns)
  Clock Net Delay (Destination): 2.038ns (routing 0.872ns, distribution 1.166ns)

    Location             Delay type                Incr(ns)  Path(ns)    Netlist Resource(s)
  -------------------------------------------------------------------    -------------------
                         (clock clk_pl_0 rise edge)
                                                      0.000     0.000 r  
    PS8_X0Y0             PS8                          0.000     0.000 r  top_i/zynq_ps/inst/PS8_i/PLCLK[0]
                         net (fo=1, routed)           0.180     0.180    top_i/zynq_ps/inst/pl_clk_unbuffered[0]
    BUFG_PS_X0Y80        BUFG_PS (Prop_BUFG_PS_I_O)
                                                      0.028     0.208 r  top_i/zynq_ps/inst/buffer_pl_clk_0.PL_CLK_0_BUFG/O
    X2Y2 (CLOCK_ROOT)    net (fo=35948, routed)       2.263     2.471    top_i/StreamingDataflowPartition_1/inst/StreamingDataflowPartition_1_MVAU_hls_7/StreamingDataflowPartition_1_MVAU_hls_7_wstrm/inst/core/mem/ap_clk
    RAMB36_X2Y39         RAMB36E2                                     r  top_i/StreamingDataflowPartition_1/inst/StreamingDataflowPartition_1_MVAU_hls_7/StreamingDataflowPartition_1_MVAU_hls_7_wstrm/inst/core/mem/blkStage2.Mem_reg_bram_0/CLKARDCLK
  -------------------------------------------------------------------    -------------------
    RAMB36_X2Y39         RAMB36E2 (Prop_RAMB36E2_RAMB36_CLKARDCLK_CASDOUTA[1])
                                                      1.143     3.614 r  top_i/StreamingDataflowPartition_1/inst/StreamingDataflowPartition_1_MVAU_hls_7/StreamingDataflowPartition_1_MVAU_hls_7_wstrm/inst/core/mem/blkStage2.Mem_reg_bram_0/CASDOUTA[1]
                         net (fo=1, routed)           0.036     3.650    top_i/StreamingDataflowPartition_1/inst/StreamingDataflowPartition_1_MVAU_hls_7/StreamingDataflowPartition_1_MVAU_hls_7_wstrm/inst/core/mem/blkStage2.Mem_reg_bram_0_n_37
    RAMB36_X2Y40         RAMB36E2 (Prop_RAMB36E2_RAMB36_CASDINA[1]_CASDOUTA[1])
                                                      0.210     3.860 r  top_i/StreamingDataflowPartition_1/inst/StreamingDataflowPartition_1_MVAU_hls_7/StreamingDataflowPartition_1_MVAU_hls_7_wstrm/inst/core/mem/blkStage2.Mem_reg_bram_1/CASDOUTA[1]
                         net (fo=1, routed)           0.036     3.896    top_i/StreamingDataflowPartition_1/inst/StreamingDataflowPartition_1_MVAU_hls_7/StreamingDataflowPartition_1_MVAU_hls_7_wstrm/inst/core/mem/blkStage2.Mem_reg_bram_1_n_37
    RAMB36_X2Y41         RAMB36E2 (Prop_RAMB36E2_RAMB36_CASDINA[1]_CASDOUTA[1])
                                                      0.210     4.106 r  top_i/StreamingDataflowPartition_1/inst/StreamingDataflowPartition_1_MVAU_hls_7/StreamingDataflowPartition_1_MVAU_hls_7_wstrm/inst/core/mem/blkStage2.Mem_reg_bram_2/CASDOUTA[1]
                         net (fo=1, routed)           0.036     4.142    top_i/StreamingDataflowPartition_1/inst/StreamingDataflowPartition_1_MVAU_hls_7/StreamingDataflowPartition_1_MVAU_hls_7_wstrm/inst/core/mem/blkStage2.Mem_reg_bram_2_n_37
    RAMB36_X2Y42         RAMB36E2 (Prop_RAMB36E2_RAMB36_CASDINA[1]_CASDOUTA[1])
                                                      0.210     4.352 r  top_i/StreamingDataflowPartition_1/inst/StreamingDataflowPartition_1_MVAU_hls_7/StreamingDataflowPartition_1_MVAU_hls_7_wstrm/inst/core/mem/blkStage2.Mem_reg_bram_3/CASDOUTA[1]
                         net (fo=1, routed)           0.036     4.388    top_i/StreamingDataflowPartition_1/inst/StreamingDataflowPartition_1_MVAU_hls_7/StreamingDataflowPartition_1_MVAU_hls_7_wstrm/inst/core/mem/blkStage2.Mem_reg_bram_3_n_37
    RAMB36_X2Y43         RAMB36E2 (Prop_RAMB36E2_RAMB36_CASDINA[1]_CASDOUTA[1])
                                                      0.210     4.598 r  top_i/StreamingDataflowPartition_1/inst/StreamingDataflowPartition_1_MVAU_hls_7/StreamingDataflowPartition_1_MVAU_hls_7_wstrm/inst/core/mem/blkStage2.Mem_reg_bram_4/CASDOUTA[1]
                         net (fo=1, routed)           0.036     4.634    top_i/StreamingDataflowPartition_1/inst/StreamingDataflowPartition_1_MVAU_hls_7/StreamingDataflowPartition_1_MVAU_hls_7_wstrm/inst/core/mem/blkStage2.Mem_reg_bram_4_n_37
    RAMB36_X2Y44         RAMB36E2 (Prop_RAMB36E2_RAMB36_CASDINA[1]_CASDOUTA[1])
                                                      0.210     4.844 r  top_i/StreamingDataflowPartition_1/inst/StreamingDataflowPartition_1_MVAU_hls_7/StreamingDataflowPartition_1_MVAU_hls_7_wstrm/inst/core/mem/blkStage2.Mem_reg_bram_5/CASDOUTA[1]
                         net (fo=1, routed)           0.036     4.880    top_i/StreamingDataflowPartition_1/inst/StreamingDataflowPartition_1_MVAU_hls_7/StreamingDataflowPartition_1_MVAU_hls_7_wstrm/inst/core/mem/blkStage2.Mem_reg_bram_5_n_37
    RAMB36_X2Y45         RAMB36E2 (Prop_RAMB36E2_RAMB36_CASDINA[1]_CASDOUTA[1])
                                                      0.210     5.090 r  top_i/StreamingDataflowPartition_1/inst/StreamingDataflowPartition_1_MVAU_hls_7/StreamingDataflowPartition_1_MVAU_hls_7_wstrm/inst/core/mem/blkStage2.Mem_reg_bram_6/CASDOUTA[1]
                         net (fo=1, routed)           0.036     5.126    top_i/StreamingDataflowPartition_1/inst/StreamingDataflowPartition_1_MVAU_hls_7/StreamingDataflowPartition_1_MVAU_hls_7_wstrm/inst/core/mem/blkStage2.Mem_reg_bram_6_n_37
    RAMB36_X2Y46         RAMB36E2 (Prop_RAMB36E2_RAMB36_CASDINA[1]_DOUTADOUT[1])
                                                      0.117     5.243 r  top_i/StreamingDataflowPartition_1/inst/StreamingDataflowPartition_1_MVAU_hls_7/StreamingDataflowPartition_1_MVAU_hls_7_wstrm/inst/core/mem/blkStage2.Mem_reg_bram_7/DOUTADOUT[1]
                         net (fo=1, routed)           0.781     6.024    top_i/StreamingDataflowPartition_1/inst/StreamingDataflowPartition_1_MVAU_hls_7/StreamingDataflowPartition_1_MVAU_hls_7_wstrm/inst/core/mem/blkStage2.Mem_reg_bram_7_n_101
    SLICE_X98Y230        LUT3 (Prop_D5LUT_SLICEL_I2_O)
                                                      0.096     6.120 r  top_i/StreamingDataflowPartition_1/inst/StreamingDataflowPartition_1_MVAU_hls_7/StreamingDataflowPartition_1_MVAU_hls_7_wstrm/inst/core/mem/m_axis_0_tdata[1]_INST_0/O
                         net (fo=2, routed)           0.363     6.483    top_i/StreamingDataflowPartition_1/inst/StreamingDataflowPartition_1_MVAU_hls_7/StreamingDataflowPartition_1_MVAU_hls_7/inst/regslice_both_weights_V_U/weights_V_TDATA[1]
    SLICE_X98Y220        FDRE                                         r  top_i/StreamingDataflowPartition_1/inst/StreamingDataflowPartition_1_MVAU_hls_7/StreamingDataflowPartition_1_MVAU_hls_7/inst/regslice_both_weights_V_U/data_p2_reg[1]/D
  -------------------------------------------------------------------    -------------------

                         (clock clk_pl_0 rise edge)
                                                      5.333     5.333 r  
    PS8_X0Y0             PS8                          0.000     5.333 r  top_i/zynq_ps/inst/PS8_i/PLCLK[0]
                         net (fo=1, routed)           0.143     5.476    top_i/zynq_ps/inst/pl_clk_unbuffered[0]
    BUFG_PS_X0Y80        BUFG_PS (Prop_BUFG_PS_I_O)
                                                      0.025     5.501 r  top_i/zynq_ps/inst/buffer_pl_clk_0.PL_CLK_0_BUFG/O
    X2Y2 (CLOCK_ROOT)    net (fo=35948, routed)       2.038     7.539    top_i/StreamingDataflowPartition_1/inst/StreamingDataflowPartition_1_MVAU_hls_7/StreamingDataflowPartition_1_MVAU_hls_7/inst/regslice_both_weights_V_U/ap_clk
    SLICE_X98Y220        FDRE                                         r  top_i/StreamingDataflowPartition_1/inst/StreamingDataflowPartition_1_MVAU_hls_7/StreamingDataflowPartition_1_MVAU_hls_7/inst/regslice_both_weights_V_U/data_p2_reg[1]/C
                         clock pessimism              0.198     7.737    
                         clock uncertainty           -0.112     7.625    
    SLICE_X98Y220        FDRE (Setup_GFF2_SLICEL_C_D)
                                                      0.025     7.650    top_i/StreamingDataflowPartition_1/inst/StreamingDataflowPartition_1_MVAU_hls_7/StreamingDataflowPartition_1_MVAU_hls_7/inst/regslice_both_weights_V_U/data_p2_reg[1]
  -------------------------------------------------------------------
                         required time                          7.650    
                         arrival time                          -6.483    
  -------------------------------------------------------------------
                         slack                                  1.166    

Slack (MET) :             1.174ns  (required time - arrival time)
  Source:                 top_i/rst_zynq_ps_187M/U0/ACTIVE_LOW_PR_OUT_DFF[0].FDRE_PER_N_replica/C
                            (rising edge-triggered cell FDRE clocked by clk_pl_0  {rise@0.000ns fall@2.667ns period=5.333ns})
  Destination:            top_i/odma0/inst/StreamingDataflowPartition_2_IODMA_hls_0/inst/gmem_m_axi_U/bus_write/fifo_burst/full_n_reg/D
                            (rising edge-triggered cell FDRE clocked by clk_pl_0  {rise@0.000ns fall@2.667ns period=5.333ns})
  Path Group:             clk_pl_0
  Path Type:              Setup (Max at Slow Process Corner)
  Requirement:            5.333ns  (clk_pl_0 rise@5.333ns - clk_pl_0 rise@0.000ns)
  Data Path Delay:        3.885ns  (logic 0.176ns (4.530%)  route 3.709ns (95.470%))
  Logic Levels:           1  (LUT5=1)
  Clock Path Skew:        -0.187ns (DCD - SCD + CPR)
    Destination Clock Delay (DCD):    2.228ns = ( 7.561 - 5.333 ) 
    Source Clock Delay      (SCD):    2.543ns
    Clock Pessimism Removal (CPR):    0.128ns
  Clock Uncertainty:      0.112ns  ((TSJ^2 + DJ^2)^1/2) / 2 + PE
    Total System Jitter     (TSJ):    0.071ns
    Discrete Jitter          (DJ):    0.213ns
    Phase Error              (PE):    0.000ns
  Clock Net Delay (Source):      2.335ns (routing 0.960ns, distribution 1.375ns)
  Clock Net Delay (Destination): 2.060ns (routing 0.872ns, distribution 1.188ns)

    Location             Delay type                Incr(ns)  Path(ns)    Netlist Resource(s)
  -------------------------------------------------------------------    -------------------
                         (clock clk_pl_0 rise edge)
                                                      0.000     0.000 r  
    PS8_X0Y0             PS8                          0.000     0.000 r  top_i/zynq_ps/inst/PS8_i/PLCLK[0]
                         net (fo=1, routed)           0.180     0.180    top_i/zynq_ps/inst/pl_clk_unbuffered[0]
    BUFG_PS_X0Y80        BUFG_PS (Prop_BUFG_PS_I_O)
                                                      0.028     0.208 r  top_i/zynq_ps/inst/buffer_pl_clk_0.PL_CLK_0_BUFG/O
    X2Y2 (CLOCK_ROOT)    net (fo=35948, routed)       2.335     2.543    top_i/rst_zynq_ps_187M/U0/slowest_sync_clk
    SLICE_X56Y196        FDRE                                         r  top_i/rst_zynq_ps_187M/U0/ACTIVE_LOW_PR_OUT_DFF[0].FDRE_PER_N_replica/C
  -------------------------------------------------------------------    -------------------
    SLICE_X56Y196        FDRE (Prop_AFF_SLICEM_C_Q)
                                                      0.077     2.620 f  top_i/rst_zynq_ps_187M/U0/ACTIVE_LOW_PR_OUT_DFF[0].FDRE_PER_N_replica/Q
                         net (fo=531, routed)         3.660     6.280    top_i/odma0/inst/StreamingDataflowPartition_2_IODMA_hls_0/inst/gmem_m_axi_U/bus_write/fifo_burst/U_fifo_srl/peripheral_aresetn[0]_bufg_place_replica
    SLICE_X62Y58         LUT5 (Prop_D6LUT_SLICEL_I1_O)
                                                      0.099     6.379 r  top_i/odma0/inst/StreamingDataflowPartition_2_IODMA_hls_0/inst/gmem_m_axi_U/bus_write/fifo_burst/U_fifo_srl/full_n_i_1__4/O
                         net (fo=1, routed)           0.049     6.428    top_i/odma0/inst/StreamingDataflowPartition_2_IODMA_hls_0/inst/gmem_m_axi_U/bus_write/fifo_burst/U_fifo_srl_n_2
    SLICE_X62Y58         FDRE                                         r  top_i/odma0/inst/StreamingDataflowPartition_2_IODMA_hls_0/inst/gmem_m_axi_U/bus_write/fifo_burst/full_n_reg/D
  -------------------------------------------------------------------    -------------------

                         (clock clk_pl_0 rise edge)
                                                      5.333     5.333 r  
    PS8_X0Y0             PS8                          0.000     5.333 r  top_i/zynq_ps/inst/PS8_i/PLCLK[0]
                         net (fo=1, routed)           0.143     5.476    top_i/zynq_ps/inst/pl_clk_unbuffered[0]
    BUFG_PS_X0Y80        BUFG_PS (Prop_BUFG_PS_I_O)
                                                      0.025     5.501 r  top_i/zynq_ps/inst/buffer_pl_clk_0.PL_CLK_0_BUFG/O
    X2Y2 (CLOCK_ROOT)    net (fo=35948, routed)       2.060     7.561    top_i/odma0/inst/StreamingDataflowPartition_2_IODMA_hls_0/inst/gmem_m_axi_U/bus_write/fifo_burst/ap_clk
    SLICE_X62Y58         FDRE                                         r  top_i/odma0/inst/StreamingDataflowPartition_2_IODMA_hls_0/inst/gmem_m_axi_U/bus_write/fifo_burst/full_n_reg/C
                         clock pessimism              0.128     7.689    
                         clock uncertainty           -0.112     7.577    
    SLICE_X62Y58         FDRE (Setup_DFF_SLICEL_C_D)
                                                      0.025     7.602    top_i/odma0/inst/StreamingDataflowPartition_2_IODMA_hls_0/inst/gmem_m_axi_U/bus_write/fifo_burst/full_n_reg
  -------------------------------------------------------------------
                         required time                          7.602    
                         arrival time                          -6.428    
  -------------------------------------------------------------------
                         slack                                  1.174    

Slack (MET) :             1.176ns  (required time - arrival time)
  Source:                 top_i/rst_zynq_ps_187M/U0/ACTIVE_LOW_PR_OUT_DFF[0].FDRE_PER_N_replica/C
                            (rising edge-triggered cell FDRE clocked by clk_pl_0  {rise@0.000ns fall@2.667ns period=5.333ns})
  Destination:            top_i/odma0/inst/StreamingDataflowPartition_2_IODMA_hls_0/inst/gmem_m_axi_U/store_unit/bus_wide_gen.last_beat_set_reg/R
                            (rising edge-triggered cell FDRE clocked by clk_pl_0  {rise@0.000ns fall@2.667ns period=5.333ns})
  Path Group:             clk_pl_0
  Path Type:              Setup (Max at Slow Process Corner)
  Requirement:            5.333ns  (clk_pl_0 rise@5.333ns - clk_pl_0 rise@0.000ns)
  Data Path Delay:        3.782ns  (logic 0.128ns (3.384%)  route 3.654ns (96.616%))
  Logic Levels:           1  (LUT5=1)
  Clock Path Skew:        -0.188ns (DCD - SCD + CPR)
    Destination Clock Delay (DCD):    2.227ns = ( 7.560 - 5.333 ) 
    Source Clock Delay      (SCD):    2.543ns
    Clock Pessimism Removal (CPR):    0.128ns
  Clock Uncertainty:      0.112ns  ((TSJ^2 + DJ^2)^1/2) / 2 + PE
    Total System Jitter     (TSJ):    0.071ns
    Discrete Jitter          (DJ):    0.213ns
    Phase Error              (PE):    0.000ns
  Clock Net Delay (Source):      2.335ns (routing 0.960ns, distribution 1.375ns)
  Clock Net Delay (Destination): 2.059ns (routing 0.872ns, distribution 1.187ns)

    Location             Delay type                Incr(ns)  Path(ns)    Netlist Resource(s)
  -------------------------------------------------------------------    -------------------
                         (clock clk_pl_0 rise edge)
                                                      0.000     0.000 r  
    PS8_X0Y0             PS8                          0.000     0.000 r  top_i/zynq_ps/inst/PS8_i/PLCLK[0]
                         net (fo=1, routed)           0.180     0.180    top_i/zynq_ps/inst/pl_clk_unbuffered[0]
    BUFG_PS_X0Y80        BUFG_PS (Prop_BUFG_PS_I_O)
                                                      0.028     0.208 r  top_i/zynq_ps/inst/buffer_pl_clk_0.PL_CLK_0_BUFG/O
    X2Y2 (CLOCK_ROOT)    net (fo=35948, routed)       2.335     2.543    top_i/rst_zynq_ps_187M/U0/slowest_sync_clk
    SLICE_X56Y196        FDRE                                         r  top_i/rst_zynq_ps_187M/U0/ACTIVE_LOW_PR_OUT_DFF[0].FDRE_PER_N_replica/C
  -------------------------------------------------------------------    -------------------
    SLICE_X56Y196        FDRE (Prop_AFF_SLICEM_C_Q)
                                                      0.077     2.620 f  top_i/rst_zynq_ps_187M/U0/ACTIVE_LOW_PR_OUT_DFF[0].FDRE_PER_N_replica/Q
                         net (fo=531, routed)         3.428     6.048    top_i/odma0/inst/StreamingDataflowPartition_2_IODMA_hls_0/inst/gmem_m_axi_U/store_unit/buff_wdata/peripheral_aresetn[0]_bufg_place_replica
    SLICE_X62Y51         LUT5 (Prop_E6LUT_SLICEL_I4_O)
                                                      0.051     6.099 r  top_i/odma0/inst/StreamingDataflowPartition_2_IODMA_hls_0/inst/gmem_m_axi_U/store_unit/buff_wdata/bus_wide_gen.first_beat_set_i_1/O
                         net (fo=2, routed)           0.226     6.325    top_i/odma0/inst/StreamingDataflowPartition_2_IODMA_hls_0/inst/gmem_m_axi_U/store_unit/buff_wdata_n_3
    SLICE_X62Y51         FDRE                                         r  top_i/odma0/inst/StreamingDataflowPartition_2_IODMA_hls_0/inst/gmem_m_axi_U/store_unit/bus_wide_gen.last_beat_set_reg/R
  -------------------------------------------------------------------    -------------------

                         (clock clk_pl_0 rise edge)
                                                      5.333     5.333 r  
    PS8_X0Y0             PS8                          0.000     5.333 r  top_i/zynq_ps/inst/PS8_i/PLCLK[0]
                         net (fo=1, routed)           0.143     5.476    top_i/zynq_ps/inst/pl_clk_unbuffered[0]
    BUFG_PS_X0Y80        BUFG_PS (Prop_BUFG_PS_I_O)
                                                      0.025     5.501 r  top_i/zynq_ps/inst/buffer_pl_clk_0.PL_CLK_0_BUFG/O
    X2Y2 (CLOCK_ROOT)    net (fo=35948, routed)       2.059     7.560    top_i/odma0/inst/StreamingDataflowPartition_2_IODMA_hls_0/inst/gmem_m_axi_U/store_unit/ap_clk
    SLICE_X62Y51         FDRE                                         r  top_i/odma0/inst/StreamingDataflowPartition_2_IODMA_hls_0/inst/gmem_m_axi_U/store_unit/bus_wide_gen.last_beat_set_reg/C
                         clock pessimism              0.128     7.688    
                         clock uncertainty           -0.112     7.576    
    SLICE_X62Y51         FDRE (Setup_DFF_SLICEL_C_R)
                                                     -0.074     7.502    top_i/odma0/inst/StreamingDataflowPartition_2_IODMA_hls_0/inst/gmem_m_axi_U/store_unit/bus_wide_gen.last_beat_set_reg
  -------------------------------------------------------------------
                         required time                          7.502    
                         arrival time                          -6.325    
  -------------------------------------------------------------------
                         slack                                  1.176    

Slack (MET) :             1.179ns  (required time - arrival time)
  Source:                 top_i/rst_zynq_ps_187M/U0/ACTIVE_LOW_PR_OUT_DFF[0].FDRE_PER_N_replica/C
                            (rising edge-triggered cell FDRE clocked by clk_pl_0  {rise@0.000ns fall@2.667ns period=5.333ns})
  Destination:            top_i/odma0/inst/StreamingDataflowPartition_2_IODMA_hls_0/inst/gmem_m_axi_U/store_unit/bus_wide_gen.first_beat_set_reg/S
                            (rising edge-triggered cell FDSE clocked by clk_pl_0  {rise@0.000ns fall@2.667ns period=5.333ns})
  Path Group:             clk_pl_0
  Path Type:              Setup (Max at Slow Process Corner)
  Requirement:            5.333ns  (clk_pl_0 rise@5.333ns - clk_pl_0 rise@0.000ns)
  Data Path Delay:        3.781ns  (logic 0.128ns (3.385%)  route 3.653ns (96.615%))
  Logic Levels:           1  (LUT5=1)
  Clock Path Skew:        -0.186ns (DCD - SCD + CPR)
    Destination Clock Delay (DCD):    2.229ns = ( 7.562 - 5.333 ) 
    Source Clock Delay      (SCD):    2.543ns
    Clock Pessimism Removal (CPR):    0.128ns
  Clock Uncertainty:      0.112ns  ((TSJ^2 + DJ^2)^1/2) / 2 + PE
    Total System Jitter     (TSJ):    0.071ns
    Discrete Jitter          (DJ):    0.213ns
    Phase Error              (PE):    0.000ns
  Clock Net Delay (Source):      2.335ns (routing 0.960ns, distribution 1.375ns)
  Clock Net Delay (Destination): 2.061ns (routing 0.872ns, distribution 1.189ns)

    Location             Delay type                Incr(ns)  Path(ns)    Netlist Resource(s)
  -------------------------------------------------------------------    -------------------
                         (clock clk_pl_0 rise edge)
                                                      0.000     0.000 r  
    PS8_X0Y0             PS8                          0.000     0.000 r  top_i/zynq_ps/inst/PS8_i/PLCLK[0]
                         net (fo=1, routed)           0.180     0.180    top_i/zynq_ps/inst/pl_clk_unbuffered[0]
    BUFG_PS_X0Y80        BUFG_PS (Prop_BUFG_PS_I_O)
                                                      0.028     0.208 r  top_i/zynq_ps/inst/buffer_pl_clk_0.PL_CLK_0_BUFG/O
    X2Y2 (CLOCK_ROOT)    net (fo=35948, routed)       2.335     2.543    top_i/rst_zynq_ps_187M/U0/slowest_sync_clk
    SLICE_X56Y196        FDRE                                         r  top_i/rst_zynq_ps_187M/U0/ACTIVE_LOW_PR_OUT_DFF[0].FDRE_PER_N_replica/C
  -------------------------------------------------------------------    -------------------
    SLICE_X56Y196        FDRE (Prop_AFF_SLICEM_C_Q)
                                                      0.077     2.620 f  top_i/rst_zynq_ps_187M/U0/ACTIVE_LOW_PR_OUT_DFF[0].FDRE_PER_N_replica/Q
                         net (fo=531, routed)         3.428     6.048    top_i/odma0/inst/StreamingDataflowPartition_2_IODMA_hls_0/inst/gmem_m_axi_U/store_unit/buff_wdata/peripheral_aresetn[0]_bufg_place_replica
    SLICE_X62Y51         LUT5 (Prop_E6LUT_SLICEL_I4_O)
                                                      0.051     6.099 r  top_i/odma0/inst/StreamingDataflowPartition_2_IODMA_hls_0/inst/gmem_m_axi_U/store_unit/buff_wdata/bus_wide_gen.first_beat_set_i_1/O
                         net (fo=2, routed)           0.225     6.324    top_i/odma0/inst/StreamingDataflowPartition_2_IODMA_hls_0/inst/gmem_m_axi_U/store_unit/buff_wdata_n_3
    SLICE_X62Y51         FDSE                                         r  top_i/odma0/inst/StreamingDataflowPartition_2_IODMA_hls_0/inst/gmem_m_axi_U/store_unit/bus_wide_gen.first_beat_set_reg/S
  -------------------------------------------------------------------    -------------------

                         (clock clk_pl_0 rise edge)
                                                      5.333     5.333 r  
    PS8_X0Y0             PS8                          0.000     5.333 r  top_i/zynq_ps/inst/PS8_i/PLCLK[0]
                         net (fo=1, routed)           0.143     5.476    top_i/zynq_ps/inst/pl_clk_unbuffered[0]
    BUFG_PS_X0Y80        BUFG_PS (Prop_BUFG_PS_I_O)
                                                      0.025     5.501 r  top_i/zynq_ps/inst/buffer_pl_clk_0.PL_CLK_0_BUFG/O
    X2Y2 (CLOCK_ROOT)    net (fo=35948, routed)       2.061     7.562    top_i/odma0/inst/StreamingDataflowPartition_2_IODMA_hls_0/inst/gmem_m_axi_U/store_unit/ap_clk
    SLICE_X62Y51         FDSE                                         r  top_i/odma0/inst/StreamingDataflowPartition_2_IODMA_hls_0/inst/gmem_m_axi_U/store_unit/bus_wide_gen.first_beat_set_reg/C
                         clock pessimism              0.128     7.690    
                         clock uncertainty           -0.112     7.578    
    SLICE_X62Y51         FDSE (Setup_EFF_SLICEL_C_S)
                                                     -0.074     7.504    top_i/odma0/inst/StreamingDataflowPartition_2_IODMA_hls_0/inst/gmem_m_axi_U/store_unit/bus_wide_gen.first_beat_set_reg
  -------------------------------------------------------------------
                         required time                          7.504    
                         arrival time                          -6.324    
  -------------------------------------------------------------------
                         slack                                  1.179    

Slack (MET) :             1.185ns  (required time - arrival time)
  Source:                 top_i/StreamingDataflowPartition_1/inst/StreamingDataflowPartition_1_MVAU_hls_7/StreamingDataflowPartition_1_MVAU_hls_7_wstrm/inst/core/mem/blkStage2.Mem_reg_bram_0/CLKARDCLK
                            (rising edge-triggered cell RAMB36E2 clocked by clk_pl_0  {rise@0.000ns fall@2.667ns period=5.333ns})
  Destination:            top_i/StreamingDataflowPartition_1/inst/StreamingDataflowPartition_1_MVAU_hls_7/StreamingDataflowPartition_1_MVAU_hls_7/inst/regslice_both_weights_V_U/data_p1_reg[1]/D
                            (rising edge-triggered cell FDRE clocked by clk_pl_0  {rise@0.000ns fall@2.667ns period=5.333ns})
  Path Group:             clk_pl_0
  Path Type:              Setup (Max at Slow Process Corner)
  Requirement:            5.333ns  (clk_pl_0 rise@5.333ns - clk_pl_0 rise@0.000ns)
  Data Path Delay:        3.991ns  (logic 2.652ns (66.442%)  route 1.339ns (33.558%))
  Logic Levels:           9  (LUT3=1 LUT4=1 RAMB36E2=7)
  Clock Path Skew:        -0.069ns (DCD - SCD + CPR)
    Destination Clock Delay (DCD):    2.204ns = ( 7.537 - 5.333 ) 
    Source Clock Delay      (SCD):    2.471ns
    Clock Pessimism Removal (CPR):    0.198ns
  Clock Uncertainty:      0.112ns  ((TSJ^2 + DJ^2)^1/2) / 2 + PE
    Total System Jitter     (TSJ):    0.071ns
    Discrete Jitter          (DJ):    0.213ns
    Phase Error              (PE):    0.000ns
  Clock Net Delay (Source):      2.263ns (routing 0.960ns, distribution 1.303ns)
  Clock Net Delay (Destination): 2.036ns (routing 0.872ns, distribution 1.164ns)

    Location             Delay type                Incr(ns)  Path(ns)    Netlist Resource(s)
  -------------------------------------------------------------------    -------------------
                         (clock clk_pl_0 rise edge)
                                                      0.000     0.000 r  
    PS8_X0Y0             PS8                          0.000     0.000 r  top_i/zynq_ps/inst/PS8_i/PLCLK[0]
                         net (fo=1, routed)           0.180     0.180    top_i/zynq_ps/inst/pl_clk_unbuffered[0]
    BUFG_PS_X0Y80        BUFG_PS (Prop_BUFG_PS_I_O)
                                                      0.028     0.208 r  top_i/zynq_ps/inst/buffer_pl_clk_0.PL_CLK_0_BUFG/O
    X2Y2 (CLOCK_ROOT)    net (fo=35948, routed)       2.263     2.471    top_i/StreamingDataflowPartition_1/inst/StreamingDataflowPartition_1_MVAU_hls_7/StreamingDataflowPartition_1_MVAU_hls_7_wstrm/inst/core/mem/ap_clk
    RAMB36_X2Y39         RAMB36E2                                     r  top_i/StreamingDataflowPartition_1/inst/StreamingDataflowPartition_1_MVAU_hls_7/StreamingDataflowPartition_1_MVAU_hls_7_wstrm/inst/core/mem/blkStage2.Mem_reg_bram_0/CLKARDCLK
  -------------------------------------------------------------------    -------------------
    RAMB36_X2Y39         RAMB36E2 (Prop_RAMB36E2_RAMB36_CLKARDCLK_CASDOUTA[1])
                                                      1.143     3.614 r  top_i/StreamingDataflowPartition_1/inst/StreamingDataflowPartition_1_MVAU_hls_7/StreamingDataflowPartition_1_MVAU_hls_7_wstrm/inst/core/mem/blkStage2.Mem_reg_bram_0/CASDOUTA[1]
                         net (fo=1, routed)           0.036     3.650    top_i/StreamingDataflowPartition_1/inst/StreamingDataflowPartition_1_MVAU_hls_7/StreamingDataflowPartition_1_MVAU_hls_7_wstrm/inst/core/mem/blkStage2.Mem_reg_bram_0_n_37
    RAMB36_X2Y40         RAMB36E2 (Prop_RAMB36E2_RAMB36_CASDINA[1]_CASDOUTA[1])
                                                      0.210     3.860 r  top_i/StreamingDataflowPartition_1/inst/StreamingDataflowPartition_1_MVAU_hls_7/StreamingDataflowPartition_1_MVAU_hls_7_wstrm/inst/core/mem/blkStage2.Mem_reg_bram_1/CASDOUTA[1]
                         net (fo=1, routed)           0.036     3.896    top_i/StreamingDataflowPartition_1/inst/StreamingDataflowPartition_1_MVAU_hls_7/StreamingDataflowPartition_1_MVAU_hls_7_wstrm/inst/core/mem/blkStage2.Mem_reg_bram_1_n_37
    RAMB36_X2Y41         RAMB36E2 (Prop_RAMB36E2_RAMB36_CASDINA[1]_CASDOUTA[1])
                                                      0.210     4.106 r  top_i/StreamingDataflowPartition_1/inst/StreamingDataflowPartition_1_MVAU_hls_7/StreamingDataflowPartition_1_MVAU_hls_7_wstrm/inst/core/mem/blkStage2.Mem_reg_bram_2/CASDOUTA[1]
                         net (fo=1, routed)           0.036     4.142    top_i/StreamingDataflowPartition_1/inst/StreamingDataflowPartition_1_MVAU_hls_7/StreamingDataflowPartition_1_MVAU_hls_7_wstrm/inst/core/mem/blkStage2.Mem_reg_bram_2_n_37
    RAMB36_X2Y42         RAMB36E2 (Prop_RAMB36E2_RAMB36_CASDINA[1]_CASDOUTA[1])
                                                      0.210     4.352 r  top_i/StreamingDataflowPartition_1/inst/StreamingDataflowPartition_1_MVAU_hls_7/StreamingDataflowPartition_1_MVAU_hls_7_wstrm/inst/core/mem/blkStage2.Mem_reg_bram_3/CASDOUTA[1]
                         net (fo=1, routed)           0.036     4.388    top_i/StreamingDataflowPartition_1/inst/StreamingDataflowPartition_1_MVAU_hls_7/StreamingDataflowPartition_1_MVAU_hls_7_wstrm/inst/core/mem/blkStage2.Mem_reg_bram_3_n_37
    RAMB36_X2Y43         RAMB36E2 (Prop_RAMB36E2_RAMB36_CASDINA[1]_CASDOUTA[1])
                                                      0.210     4.598 r  top_i/StreamingDataflowPartition_1/inst/StreamingDataflowPartition_1_MVAU_hls_7/StreamingDataflowPartition_1_MVAU_hls_7_wstrm/inst/core/mem/blkStage2.Mem_reg_bram_4/CASDOUTA[1]
                         net (fo=1, routed)           0.036     4.634    top_i/StreamingDataflowPartition_1/inst/StreamingDataflowPartition_1_MVAU_hls_7/StreamingDataflowPartition_1_MVAU_hls_7_wstrm/inst/core/mem/blkStage2.Mem_reg_bram_4_n_37
    RAMB36_X2Y44         RAMB36E2 (Prop_RAMB36E2_RAMB36_CASDINA[1]_CASDOUTA[1])
                                                      0.210     4.844 r  top_i/StreamingDataflowPartition_1/inst/StreamingDataflowPartition_1_MVAU_hls_7/StreamingDataflowPartition_1_MVAU_hls_7_wstrm/inst/core/mem/blkStage2.Mem_reg_bram_5/CASDOUTA[1]
                         net (fo=1, routed)           0.036     4.880    top_i/StreamingDataflowPartition_1/inst/StreamingDataflowPartition_1_MVAU_hls_7/StreamingDataflowPartition_1_MVAU_hls_7_wstrm/inst/core/mem/blkStage2.Mem_reg_bram_5_n_37
    RAMB36_X2Y45         RAMB36E2 (Prop_RAMB36E2_RAMB36_CASDINA[1]_CASDOUTA[1])
                                                      0.210     5.090 r  top_i/StreamingDataflowPartition_1/inst/StreamingDataflowPartition_1_MVAU_hls_7/StreamingDataflowPartition_1_MVAU_hls_7_wstrm/inst/core/mem/blkStage2.Mem_reg_bram_6/CASDOUTA[1]
                         net (fo=1, routed)           0.036     5.126    top_i/StreamingDataflowPartition_1/inst/StreamingDataflowPartition_1_MVAU_hls_7/StreamingDataflowPartition_1_MVAU_hls_7_wstrm/inst/core/mem/blkStage2.Mem_reg_bram_6_n_37
    RAMB36_X2Y46         RAMB36E2 (Prop_RAMB36E2_RAMB36_CASDINA[1]_DOUTADOUT[1])
                                                      0.117     5.243 r  top_i/StreamingDataflowPartition_1/inst/StreamingDataflowPartition_1_MVAU_hls_7/StreamingDataflowPartition_1_MVAU_hls_7_wstrm/inst/core/mem/blkStage2.Mem_reg_bram_7/DOUTADOUT[1]
                         net (fo=1, routed)           0.781     6.024    top_i/StreamingDataflowPartition_1/inst/StreamingDataflowPartition_1_MVAU_hls_7/StreamingDataflowPartition_1_MVAU_hls_7_wstrm/inst/core/mem/blkStage2.Mem_reg_bram_7_n_101
    SLICE_X98Y230        LUT3 (Prop_D5LUT_SLICEL_I2_O)
                                                      0.096     6.120 r  top_i/StreamingDataflowPartition_1/inst/StreamingDataflowPartition_1_MVAU_hls_7/StreamingDataflowPartition_1_MVAU_hls_7_wstrm/inst/core/mem/m_axis_0_tdata[1]_INST_0/O
                         net (fo=2, routed)           0.257     6.377    top_i/StreamingDataflowPartition_1/inst/StreamingDataflowPartition_1_MVAU_hls_7/StreamingDataflowPartition_1_MVAU_hls_7/inst/regslice_both_weights_V_U/weights_V_TDATA[1]
    SLICE_X98Y220        LUT4 (Prop_D6LUT_SLICEL_I3_O)
                                                      0.036     6.413 r  top_i/StreamingDataflowPartition_1/inst/StreamingDataflowPartition_1_MVAU_hls_7/StreamingDataflowPartition_1_MVAU_hls_7/inst/regslice_both_weights_V_U/data_p1[1]_i_2__0/O
                         net (fo=1, routed)           0.049     6.462    top_i/StreamingDataflowPartition_1/inst/StreamingDataflowPartition_1_MVAU_hls_7/StreamingDataflowPartition_1_MVAU_hls_7/inst/regslice_both_weights_V_U/p_0_in[1]
    SLICE_X98Y220        FDRE                                         r  top_i/StreamingDataflowPartition_1/inst/StreamingDataflowPartition_1_MVAU_hls_7/StreamingDataflowPartition_1_MVAU_hls_7/inst/regslice_both_weights_V_U/data_p1_reg[1]/D
  -------------------------------------------------------------------    -------------------

                         (clock clk_pl_0 rise edge)
                                                      5.333     5.333 r  
    PS8_X0Y0             PS8                          0.000     5.333 r  top_i/zynq_ps/inst/PS8_i/PLCLK[0]
                         net (fo=1, routed)           0.143     5.476    top_i/zynq_ps/inst/pl_clk_unbuffered[0]
    BUFG_PS_X0Y80        BUFG_PS (Prop_BUFG_PS_I_O)
                                                      0.025     5.501 r  top_i/zynq_ps/inst/buffer_pl_clk_0.PL_CLK_0_BUFG/O
    X2Y2 (CLOCK_ROOT)    net (fo=35948, routed)       2.036     7.537    top_i/StreamingDataflowPartition_1/inst/StreamingDataflowPartition_1_MVAU_hls_7/StreamingDataflowPartition_1_MVAU_hls_7/inst/regslice_both_weights_V_U/ap_clk
    SLICE_X98Y220        FDRE                                         r  top_i/StreamingDataflowPartition_1/inst/StreamingDataflowPartition_1_MVAU_hls_7/StreamingDataflowPartition_1_MVAU_hls_7/inst/regslice_both_weights_V_U/data_p1_reg[1]/C
                         clock pessimism              0.198     7.735    
                         clock uncertainty           -0.112     7.623    
    SLICE_X98Y220        FDRE (Setup_DFF_SLICEL_C_D)
                                                      0.025     7.648    top_i/StreamingDataflowPartition_1/inst/StreamingDataflowPartition_1_MVAU_hls_7/StreamingDataflowPartition_1_MVAU_hls_7/inst/regslice_both_weights_V_U/data_p1_reg[1]
  -------------------------------------------------------------------
                         required time                          7.648    
                         arrival time                          -6.462    
  -------------------------------------------------------------------
                         slack                                  1.185    

Slack (MET) :             1.249ns  (required time - arrival time)
  Source:                 top_i/StreamingDataflowPartition_1/inst/StreamingDataflowPartition_1_MVAU_hls_7/StreamingDataflowPartition_1_MVAU_hls_7_wstrm/inst/core/mem/blkStage2.Mem_reg_bram_0/CLKARDCLK
                            (rising edge-triggered cell RAMB36E2 clocked by clk_pl_0  {rise@0.000ns fall@2.667ns period=5.333ns})
  Destination:            top_i/StreamingDataflowPartition_1/inst/StreamingDataflowPartition_1_MVAU_hls_7/StreamingDataflowPartition_1_MVAU_hls_7/inst/regslice_both_weights_V_U/data_p1_reg[0]/D
                            (rising edge-triggered cell FDRE clocked by clk_pl_0  {rise@0.000ns fall@2.667ns period=5.333ns})
  Path Group:             clk_pl_0
  Path Type:              Setup (Max at Slow Process Corner)
  Requirement:            5.333ns  (clk_pl_0 rise@5.333ns - clk_pl_0 rise@0.000ns)
  Data Path Delay:        3.927ns  (logic 2.714ns (69.104%)  route 1.213ns (30.896%))
  Logic Levels:           9  (LUT3=1 LUT4=1 RAMB36E2=7)
  Clock Path Skew:        -0.069ns (DCD - SCD + CPR)
    Destination Clock Delay (DCD):    2.204ns = ( 7.537 - 5.333 ) 
    Source Clock Delay      (SCD):    2.471ns
    Clock Pessimism Removal (CPR):    0.198ns
  Clock Uncertainty:      0.112ns  ((TSJ^2 + DJ^2)^1/2) / 2 + PE
    Total System Jitter     (TSJ):    0.071ns
    Discrete Jitter          (DJ):    0.213ns
    Phase Error              (PE):    0.000ns
  Clock Net Delay (Source):      2.263ns (routing 0.960ns, distribution 1.303ns)
  Clock Net Delay (Destination): 2.036ns (routing 0.872ns, distribution 1.164ns)

    Location             Delay type                Incr(ns)  Path(ns)    Netlist Resource(s)
  -------------------------------------------------------------------    -------------------
                         (clock clk_pl_0 rise edge)
                                                      0.000     0.000 r  
    PS8_X0Y0             PS8                          0.000     0.000 r  top_i/zynq_ps/inst/PS8_i/PLCLK[0]
                         net (fo=1, routed)           0.180     0.180    top_i/zynq_ps/inst/pl_clk_unbuffered[0]
    BUFG_PS_X0Y80        BUFG_PS (Prop_BUFG_PS_I_O)
                                                      0.028     0.208 r  top_i/zynq_ps/inst/buffer_pl_clk_0.PL_CLK_0_BUFG/O
    X2Y2 (CLOCK_ROOT)    net (fo=35948, routed)       2.263     2.471    top_i/StreamingDataflowPartition_1/inst/StreamingDataflowPartition_1_MVAU_hls_7/StreamingDataflowPartition_1_MVAU_hls_7_wstrm/inst/core/mem/ap_clk
    RAMB36_X2Y39         RAMB36E2                                     r  top_i/StreamingDataflowPartition_1/inst/StreamingDataflowPartition_1_MVAU_hls_7/StreamingDataflowPartition_1_MVAU_hls_7_wstrm/inst/core/mem/blkStage2.Mem_reg_bram_0/CLKARDCLK
  -------------------------------------------------------------------    -------------------
    RAMB36_X2Y39         RAMB36E2 (Prop_RAMB36E2_RAMB36_CLKARDCLK_CASDOUTA[0])
                                                      1.156     3.627 r  top_i/StreamingDataflowPartition_1/inst/StreamingDataflowPartition_1_MVAU_hls_7/StreamingDataflowPartition_1_MVAU_hls_7_wstrm/inst/core/mem/blkStage2.Mem_reg_bram_0/CASDOUTA[0]
                         net (fo=1, routed)           0.032     3.659    top_i/StreamingDataflowPartition_1/inst/StreamingDataflowPartition_1_MVAU_hls_7/StreamingDataflowPartition_1_MVAU_hls_7_wstrm/inst/core/mem/blkStage2.Mem_reg_bram_0_n_38
    RAMB36_X2Y40         RAMB36E2 (Prop_RAMB36E2_RAMB36_CASDINA[0]_CASDOUTA[0])
                                                      0.210     3.869 r  top_i/StreamingDataflowPartition_1/inst/StreamingDataflowPartition_1_MVAU_hls_7/StreamingDataflowPartition_1_MVAU_hls_7_wstrm/inst/core/mem/blkStage2.Mem_reg_bram_1/CASDOUTA[0]
                         net (fo=1, routed)           0.032     3.901    top_i/StreamingDataflowPartition_1/inst/StreamingDataflowPartition_1_MVAU_hls_7/StreamingDataflowPartition_1_MVAU_hls_7_wstrm/inst/core/mem/blkStage2.Mem_reg_bram_1_n_38
    RAMB36_X2Y41         RAMB36E2 (Prop_RAMB36E2_RAMB36_CASDINA[0]_CASDOUTA[0])
                                                      0.210     4.111 r  top_i/StreamingDataflowPartition_1/inst/StreamingDataflowPartition_1_MVAU_hls_7/StreamingDataflowPartition_1_MVAU_hls_7_wstrm/inst/core/mem/blkStage2.Mem_reg_bram_2/CASDOUTA[0]
                         net (fo=1, routed)           0.032     4.143    top_i/StreamingDataflowPartition_1/inst/StreamingDataflowPartition_1_MVAU_hls_7/StreamingDataflowPartition_1_MVAU_hls_7_wstrm/inst/core/mem/blkStage2.Mem_reg_bram_2_n_38
    RAMB36_X2Y42         RAMB36E2 (Prop_RAMB36E2_RAMB36_CASDINA[0]_CASDOUTA[0])
                                                      0.210     4.353 r  top_i/StreamingDataflowPartition_1/inst/StreamingDataflowPartition_1_MVAU_hls_7/StreamingDataflowPartition_1_MVAU_hls_7_wstrm/inst/core/mem/blkStage2.Mem_reg_bram_3/CASDOUTA[0]
                         net (fo=1, routed)           0.032     4.385    top_i/StreamingDataflowPartition_1/inst/StreamingDataflowPartition_1_MVAU_hls_7/StreamingDataflowPartition_1_MVAU_hls_7_wstrm/inst/core/mem/blkStage2.Mem_reg_bram_3_n_38
    RAMB36_X2Y43         RAMB36E2 (Prop_RAMB36E2_RAMB36_CASDINA[0]_CASDOUTA[0])
                                                      0.210     4.595 r  top_i/StreamingDataflowPartition_1/inst/StreamingDataflowPartition_1_MVAU_hls_7/StreamingDataflowPartition_1_MVAU_hls_7_wstrm/inst/core/mem/blkStage2.Mem_reg_bram_4/CASDOUTA[0]
                         net (fo=1, routed)           0.032     4.627    top_i/StreamingDataflowPartition_1/inst/StreamingDataflowPartition_1_MVAU_hls_7/StreamingDataflowPartition_1_MVAU_hls_7_wstrm/inst/core/mem/blkStage2.Mem_reg_bram_4_n_38
    RAMB36_X2Y44         RAMB36E2 (Prop_RAMB36E2_RAMB36_CASDINA[0]_CASDOUTA[0])
                                                      0.210     4.837 r  top_i/StreamingDataflowPartition_1/inst/StreamingDataflowPartition_1_MVAU_hls_7/StreamingDataflowPartition_1_MVAU_hls_7_wstrm/inst/core/mem/blkStage2.Mem_reg_bram_5/CASDOUTA[0]
                         net (fo=1, routed)           0.032     4.869    top_i/StreamingDataflowPartition_1/inst/StreamingDataflowPartition_1_MVAU_hls_7/StreamingDataflowPartition_1_MVAU_hls_7_wstrm/inst/core/mem/blkStage2.Mem_reg_bram_5_n_38
    RAMB36_X2Y45         RAMB36E2 (Prop_RAMB36E2_RAMB36_CASDINA[0]_CASDOUTA[0])
                                                      0.210     5.079 r  top_i/StreamingDataflowPartition_1/inst/StreamingDataflowPartition_1_MVAU_hls_7/StreamingDataflowPartition_1_MVAU_hls_7_wstrm/inst/core/mem/blkStage2.Mem_reg_bram_6/CASDOUTA[0]
                         net (fo=1, routed)           0.032     5.111    top_i/StreamingDataflowPartition_1/inst/StreamingDataflowPartition_1_MVAU_hls_7/StreamingDataflowPartition_1_MVAU_hls_7_wstrm/inst/core/mem/blkStage2.Mem_reg_bram_6_n_38
    RAMB36_X2Y46         RAMB36E2 (Prop_RAMB36E2_RAMB36_CASDINA[0]_DOUTADOUT[0])
                                                      0.117     5.228 r  top_i/StreamingDataflowPartition_1/inst/StreamingDataflowPartition_1_MVAU_hls_7/StreamingDataflowPartition_1_MVAU_hls_7_wstrm/inst/core/mem/blkStage2.Mem_reg_bram_7/DOUTADOUT[0]
                         net (fo=1, routed)           0.667     5.895    top_i/StreamingDataflowPartition_1/inst/StreamingDataflowPartition_1_MVAU_hls_7/StreamingDataflowPartition_1_MVAU_hls_7_wstrm/inst/core/mem/blkStage2.Mem_reg_bram_7_n_102
    SLICE_X98Y230        LUT3 (Prop_D6LUT_SLICEL_I2_O)
                                                      0.146     6.041 r  top_i/StreamingDataflowPartition_1/inst/StreamingDataflowPartition_1_MVAU_hls_7/StreamingDataflowPartition_1_MVAU_hls_7_wstrm/inst/core/mem/m_axis_0_tdata[0]_INST_0/O
                         net (fo=2, routed)           0.272     6.313    top_i/StreamingDataflowPartition_1/inst/StreamingDataflowPartition_1_MVAU_hls_7/StreamingDataflowPartition_1_MVAU_hls_7/inst/regslice_both_weights_V_U/weights_V_TDATA[0]
    SLICE_X98Y220        LUT4 (Prop_C6LUT_SLICEL_I3_O)
                                                      0.035     6.348 r  top_i/StreamingDataflowPartition_1/inst/StreamingDataflowPartition_1_MVAU_hls_7/StreamingDataflowPartition_1_MVAU_hls_7/inst/regslice_both_weights_V_U/data_p1[0]_i_1__1/O
                         net (fo=1, routed)           0.050     6.398    top_i/StreamingDataflowPartition_1/inst/StreamingDataflowPartition_1_MVAU_hls_7/StreamingDataflowPartition_1_MVAU_hls_7/inst/regslice_both_weights_V_U/p_0_in[0]
    SLICE_X98Y220        FDRE                                         r  top_i/StreamingDataflowPartition_1/inst/StreamingDataflowPartition_1_MVAU_hls_7/StreamingDataflowPartition_1_MVAU_hls_7/inst/regslice_both_weights_V_U/data_p1_reg[0]/D
  -------------------------------------------------------------------    -------------------

                         (clock clk_pl_0 rise edge)
                                                      5.333     5.333 r  
    PS8_X0Y0             PS8                          0.000     5.333 r  top_i/zynq_ps/inst/PS8_i/PLCLK[0]
                         net (fo=1, routed)           0.143     5.476    top_i/zynq_ps/inst/pl_clk_unbuffered[0]
    BUFG_PS_X0Y80        BUFG_PS (Prop_BUFG_PS_I_O)
                                                      0.025     5.501 r  top_i/zynq_ps/inst/buffer_pl_clk_0.PL_CLK_0_BUFG/O
    X2Y2 (CLOCK_ROOT)    net (fo=35948, routed)       2.036     7.537    top_i/StreamingDataflowPartition_1/inst/StreamingDataflowPartition_1_MVAU_hls_7/StreamingDataflowPartition_1_MVAU_hls_7/inst/regslice_both_weights_V_U/ap_clk
    SLICE_X98Y220        FDRE                                         r  top_i/StreamingDataflowPartition_1/inst/StreamingDataflowPartition_1_MVAU_hls_7/StreamingDataflowPartition_1_MVAU_hls_7/inst/regslice_both_weights_V_U/data_p1_reg[0]/C
                         clock pessimism              0.198     7.735    
                         clock uncertainty           -0.112     7.623    
    SLICE_X98Y220        FDRE (Setup_CFF_SLICEL_C_D)
                                                      0.025     7.648    top_i/StreamingDataflowPartition_1/inst/StreamingDataflowPartition_1_MVAU_hls_7/StreamingDataflowPartition_1_MVAU_hls_7/inst/regslice_both_weights_V_U/data_p1_reg[0]
  -------------------------------------------------------------------
                         required time                          7.648    
                         arrival time                          -6.398    
  -------------------------------------------------------------------
                         slack                                  1.249    

Slack (MET) :             1.276ns  (required time - arrival time)
  Source:                 top_i/rst_zynq_ps_187M/U0/ACTIVE_LOW_PR_OUT_DFF[0].FDRE_PER_N_replica/C
                            (rising edge-triggered cell FDRE clocked by clk_pl_0  {rise@0.000ns fall@2.667ns period=5.333ns})
  Destination:            top_i/odma0/inst/StreamingDataflowPartition_2_IODMA_hls_0/inst/gmem_m_axi_U/bus_write/fifo_resp/full_n_reg/D
                            (rising edge-triggered cell FDRE clocked by clk_pl_0  {rise@0.000ns fall@2.667ns period=5.333ns})
  Path Group:             clk_pl_0
  Path Type:              Setup (Max at Slow Process Corner)
  Requirement:            5.333ns  (clk_pl_0 rise@5.333ns - clk_pl_0 rise@0.000ns)
  Data Path Delay:        3.786ns  (logic 0.128ns (3.381%)  route 3.658ns (96.619%))
  Logic Levels:           1  (LUT5=1)
  Clock Path Skew:        -0.184ns (DCD - SCD + CPR)
    Destination Clock Delay (DCD):    2.231ns = ( 7.564 - 5.333 ) 
    Source Clock Delay      (SCD):    2.543ns
    Clock Pessimism Removal (CPR):    0.128ns
  Clock Uncertainty:      0.112ns  ((TSJ^2 + DJ^2)^1/2) / 2 + PE
    Total System Jitter     (TSJ):    0.071ns
    Discrete Jitter          (DJ):    0.213ns
    Phase Error              (PE):    0.000ns
  Clock Net Delay (Source):      2.335ns (routing 0.960ns, distribution 1.375ns)
  Clock Net Delay (Destination): 2.063ns (routing 0.872ns, distribution 1.191ns)

    Location             Delay type                Incr(ns)  Path(ns)    Netlist Resource(s)
  -------------------------------------------------------------------    -------------------
                         (clock clk_pl_0 rise edge)
                                                      0.000     0.000 r  
    PS8_X0Y0             PS8                          0.000     0.000 r  top_i/zynq_ps/inst/PS8_i/PLCLK[0]
                         net (fo=1, routed)           0.180     0.180    top_i/zynq_ps/inst/pl_clk_unbuffered[0]
    BUFG_PS_X0Y80        BUFG_PS (Prop_BUFG_PS_I_O)
                                                      0.028     0.208 r  top_i/zynq_ps/inst/buffer_pl_clk_0.PL_CLK_0_BUFG/O
    X2Y2 (CLOCK_ROOT)    net (fo=35948, routed)       2.335     2.543    top_i/rst_zynq_ps_187M/U0/slowest_sync_clk
    SLICE_X56Y196        FDRE                                         r  top_i/rst_zynq_ps_187M/U0/ACTIVE_LOW_PR_OUT_DFF[0].FDRE_PER_N_replica/C
  -------------------------------------------------------------------    -------------------
    SLICE_X56Y196        FDRE (Prop_AFF_SLICEM_C_Q)
                                                      0.077     2.620 f  top_i/rst_zynq_ps_187M/U0/ACTIVE_LOW_PR_OUT_DFF[0].FDRE_PER_N_replica/Q
                         net (fo=531, routed)         3.586     6.206    top_i/odma0/inst/StreamingDataflowPartition_2_IODMA_hls_0/inst/gmem_m_axi_U/bus_write/fifo_resp/U_fifo_srl/peripheral_aresetn[0]_bufg_place_replica
    SLICE_X64Y57         LUT5 (Prop_D6LUT_SLICEM_I1_O)
                                                      0.051     6.257 r  top_i/odma0/inst/StreamingDataflowPartition_2_IODMA_hls_0/inst/gmem_m_axi_U/bus_write/fifo_resp/U_fifo_srl/full_n_i_1__7/O
                         net (fo=1, routed)           0.072     6.329    top_i/odma0/inst/StreamingDataflowPartition_2_IODMA_hls_0/inst/gmem_m_axi_U/bus_write/fifo_resp/U_fifo_srl_n_9
    SLICE_X64Y57         FDRE                                         r  top_i/odma0/inst/StreamingDataflowPartition_2_IODMA_hls_0/inst/gmem_m_axi_U/bus_write/fifo_resp/full_n_reg/D
  -------------------------------------------------------------------    -------------------

                         (clock clk_pl_0 rise edge)
                                                      5.333     5.333 r  
    PS8_X0Y0             PS8                          0.000     5.333 r  top_i/zynq_ps/inst/PS8_i/PLCLK[0]
                         net (fo=1, routed)           0.143     5.476    top_i/zynq_ps/inst/pl_clk_unbuffered[0]
    BUFG_PS_X0Y80        BUFG_PS (Prop_BUFG_PS_I_O)
                                                      0.025     5.501 r  top_i/zynq_ps/inst/buffer_pl_clk_0.PL_CLK_0_BUFG/O
    X2Y2 (CLOCK_ROOT)    net (fo=35948, routed)       2.063     7.564    top_i/odma0/inst/StreamingDataflowPartition_2_IODMA_hls_0/inst/gmem_m_axi_U/bus_write/fifo_resp/ap_clk
    SLICE_X64Y57         FDRE                                         r  top_i/odma0/inst/StreamingDataflowPartition_2_IODMA_hls_0/inst/gmem_m_axi_U/bus_write/fifo_resp/full_n_reg/C
                         clock pessimism              0.128     7.692    
                         clock uncertainty           -0.112     7.580    
    SLICE_X64Y57         FDRE (Setup_DFF_SLICEM_C_D)
                                                      0.025     7.605    top_i/odma0/inst/StreamingDataflowPartition_2_IODMA_hls_0/inst/gmem_m_axi_U/bus_write/fifo_resp/full_n_reg
  -------------------------------------------------------------------
                         required time                          7.605    
                         arrival time                          -6.329    
  -------------------------------------------------------------------
                         slack                                  1.276    





Min Delay Paths
--------------------------------------------------------------------------------------
Slack (MET) :             0.010ns  (arrival time - required time)
  Source:                 top_i/StreamingDataflowPartition_1/inst/StreamingDataflowPartition_1_MVAU_hls_3/StreamingDataflowPartition_1_MVAU_hls_3/inst/regslice_both_weights_V_U/data_p1_reg[36]/C
                            (rising edge-triggered cell FDRE clocked by clk_pl_0  {rise@0.000ns fall@2.667ns period=5.333ns})
  Destination:            top_i/StreamingDataflowPartition_1/inst/StreamingDataflowPartition_1_MVAU_hls_3/StreamingDataflowPartition_1_MVAU_hls_3/inst/grp_Matrix_Vector_Activate_Stream_Batch_fu_30/local_temp_18_reg_1638_reg[0]/D
                            (rising edge-triggered cell FDRE clocked by clk_pl_0  {rise@0.000ns fall@2.667ns period=5.333ns})
  Path Group:             clk_pl_0
  Path Type:              Hold (Min at Slow Process Corner)
  Requirement:            0.000ns  (clk_pl_0 rise@0.000ns - clk_pl_0 rise@0.000ns)
  Data Path Delay:        0.131ns  (logic 0.059ns (45.038%)  route 0.072ns (54.962%))
  Logic Levels:           0  
  Clock Path Skew:        0.059ns (DCD - SCD - CPR)
    Destination Clock Delay (DCD):    2.420ns
    Source Clock Delay      (SCD):    2.119ns
    Clock Pessimism Removal (CPR):    0.242ns
  Clock Net Delay (Source):      1.951ns (routing 0.872ns, distribution 1.079ns)
  Clock Net Delay (Destination): 2.212ns (routing 0.960ns, distribution 1.252ns)

    Location             Delay type                Incr(ns)  Path(ns)    Netlist Resource(s)
  -------------------------------------------------------------------    -------------------
                         (clock clk_pl_0 rise edge)
                                                      0.000     0.000 r  
    PS8_X0Y0             PS8                          0.000     0.000 r  top_i/zynq_ps/inst/PS8_i/PLCLK[0]
                         net (fo=1, routed)           0.143     0.143    top_i/zynq_ps/inst/pl_clk_unbuffered[0]
    BUFG_PS_X0Y80        BUFG_PS (Prop_BUFG_PS_I_O)
                                                      0.025     0.168 r  top_i/zynq_ps/inst/buffer_pl_clk_0.PL_CLK_0_BUFG/O
    X2Y2 (CLOCK_ROOT)    net (fo=35948, routed)       1.951     2.119    top_i/StreamingDataflowPartition_1/inst/StreamingDataflowPartition_1_MVAU_hls_3/StreamingDataflowPartition_1_MVAU_hls_3/inst/regslice_both_weights_V_U/ap_clk
    SLICE_X69Y187        FDRE                                         r  top_i/StreamingDataflowPartition_1/inst/StreamingDataflowPartition_1_MVAU_hls_3/StreamingDataflowPartition_1_MVAU_hls_3/inst/regslice_both_weights_V_U/data_p1_reg[36]/C
  -------------------------------------------------------------------    -------------------
    SLICE_X69Y187        FDRE (Prop_DFF_SLICEL_C_Q)
                                                      0.059     2.178 r  top_i/StreamingDataflowPartition_1/inst/StreamingDataflowPartition_1_MVAU_hls_3/StreamingDataflowPartition_1_MVAU_hls_3/inst/regslice_both_weights_V_U/data_p1_reg[36]/Q
                         net (fo=1, routed)           0.072     2.250    top_i/StreamingDataflowPartition_1/inst/StreamingDataflowPartition_1_MVAU_hls_3/StreamingDataflowPartition_1_MVAU_hls_3/inst/grp_Matrix_Vector_Activate_Stream_Batch_fu_30/local_temp_23_reg_1663_reg[1]_0[36]
    SLICE_X69Y186        FDRE                                         r  top_i/StreamingDataflowPartition_1/inst/StreamingDataflowPartition_1_MVAU_hls_3/StreamingDataflowPartition_1_MVAU_hls_3/inst/grp_Matrix_Vector_Activate_Stream_Batch_fu_30/local_temp_18_reg_1638_reg[0]/D
  -------------------------------------------------------------------    -------------------

                         (clock clk_pl_0 rise edge)
                                                      0.000     0.000 r  
    PS8_X0Y0             PS8                          0.000     0.000 r  top_i/zynq_ps/inst/PS8_i/PLCLK[0]
                         net (fo=1, routed)           0.180     0.180    top_i/zynq_ps/inst/pl_clk_unbuffered[0]
    BUFG_PS_X0Y80        BUFG_PS (Prop_BUFG_PS_I_O)
                                                      0.028     0.208 r  top_i/zynq_ps/inst/buffer_pl_clk_0.PL_CLK_0_BUFG/O
    X2Y2 (CLOCK_ROOT)    net (fo=35948, routed)       2.212     2.420    top_i/StreamingDataflowPartition_1/inst/StreamingDataflowPartition_1_MVAU_hls_3/StreamingDataflowPartition_1_MVAU_hls_3/inst/grp_Matrix_Vector_Activate_Stream_Batch_fu_30/ap_clk
    SLICE_X69Y186        FDRE                                         r  top_i/StreamingDataflowPartition_1/inst/StreamingDataflowPartition_1_MVAU_hls_3/StreamingDataflowPartition_1_MVAU_hls_3/inst/grp_Matrix_Vector_Activate_Stream_Batch_fu_30/local_temp_18_reg_1638_reg[0]/C
                         clock pessimism             -0.242     2.178    
    SLICE_X69Y186        FDRE (Hold_HFF2_SLICEL_C_D)
                                                      0.062     2.240    top_i/StreamingDataflowPartition_1/inst/StreamingDataflowPartition_1_MVAU_hls_3/StreamingDataflowPartition_1_MVAU_hls_3/inst/grp_Matrix_Vector_Activate_Stream_Batch_fu_30/local_temp_18_reg_1638_reg[0]
  -------------------------------------------------------------------
                         required time                         -2.240    
                         arrival time                           2.250    
  -------------------------------------------------------------------
                         slack                                  0.010    

Slack (MET) :             0.010ns  (arrival time - required time)
  Source:                 top_i/StreamingDataflowPartition_1/inst/StreamingDataflowPartition_1_FMPadding_rtl_2/inst/impl/padding/B_reg[dat][47]/C
                            (rising edge-triggered cell FDRE clocked by clk_pl_0  {rise@0.000ns fall@2.667ns period=5.333ns})
  Destination:            top_i/StreamingDataflowPartition_1/inst/StreamingDataflowPartition_1_StreamingFIFO_rtl_27/inst/impl/srl_reg[0][47]/D
                            (rising edge-triggered cell FDRE clocked by clk_pl_0  {rise@0.000ns fall@2.667ns period=5.333ns})
  Path Group:             clk_pl_0
  Path Type:              Hold (Min at Slow Process Corner)
  Requirement:            0.000ns  (clk_pl_0 rise@0.000ns - clk_pl_0 rise@0.000ns)
  Data Path Delay:        0.130ns  (logic 0.061ns (46.862%)  route 0.069ns (53.138%))
  Logic Levels:           0  
  Clock Path Skew:        0.058ns (DCD - SCD - CPR)
    Destination Clock Delay (DCD):    2.521ns
    Source Clock Delay      (SCD):    2.208ns
    Clock Pessimism Removal (CPR):    0.255ns
  Clock Net Delay (Source):      2.040ns (routing 0.872ns, distribution 1.168ns)
  Clock Net Delay (Destination): 2.313ns (routing 0.960ns, distribution 1.353ns)

    Location             Delay type                Incr(ns)  Path(ns)    Netlist Resource(s)
  -------------------------------------------------------------------    -------------------
                         (clock clk_pl_0 rise edge)
                                                      0.000     0.000 r  
    PS8_X0Y0             PS8                          0.000     0.000 r  top_i/zynq_ps/inst/PS8_i/PLCLK[0]
                         net (fo=1, routed)           0.143     0.143    top_i/zynq_ps/inst/pl_clk_unbuffered[0]
    BUFG_PS_X0Y80        BUFG_PS (Prop_BUFG_PS_I_O)
                                                      0.025     0.168 r  top_i/zynq_ps/inst/buffer_pl_clk_0.PL_CLK_0_BUFG/O
    X2Y2 (CLOCK_ROOT)    net (fo=35948, routed)       2.040     2.208    top_i/StreamingDataflowPartition_1/inst/StreamingDataflowPartition_1_FMPadding_rtl_2/inst/impl/padding/ap_clk
    SLICE_X90Y247        FDRE                                         r  top_i/StreamingDataflowPartition_1/inst/StreamingDataflowPartition_1_FMPadding_rtl_2/inst/impl/padding/B_reg[dat][47]/C
  -------------------------------------------------------------------    -------------------
    SLICE_X90Y247        FDRE (Prop_DFF2_SLICEL_C_Q)
                                                      0.061     2.269 r  top_i/StreamingDataflowPartition_1/inst/StreamingDataflowPartition_1_FMPadding_rtl_2/inst/impl/padding/B_reg[dat][47]/Q
                         net (fo=2, routed)           0.069     2.338    top_i/StreamingDataflowPartition_1/inst/StreamingDataflowPartition_1_StreamingFIFO_rtl_27/inst/impl/srl_reg[0][127]_0[47]
    SLICE_X90Y249        FDRE                                         r  top_i/StreamingDataflowPartition_1/inst/StreamingDataflowPartition_1_StreamingFIFO_rtl_27/inst/impl/srl_reg[0][47]/D
  -------------------------------------------------------------------    -------------------

                         (clock clk_pl_0 rise edge)
                                                      0.000     0.000 r  
    PS8_X0Y0             PS8                          0.000     0.000 r  top_i/zynq_ps/inst/PS8_i/PLCLK[0]
                         net (fo=1, routed)           0.180     0.180    top_i/zynq_ps/inst/pl_clk_unbuffered[0]
    BUFG_PS_X0Y80        BUFG_PS (Prop_BUFG_PS_I_O)
                                                      0.028     0.208 r  top_i/zynq_ps/inst/buffer_pl_clk_0.PL_CLK_0_BUFG/O
    X2Y2 (CLOCK_ROOT)    net (fo=35948, routed)       2.313     2.521    top_i/StreamingDataflowPartition_1/inst/StreamingDataflowPartition_1_StreamingFIFO_rtl_27/inst/impl/ap_clk
    SLICE_X90Y249        FDRE                                         r  top_i/StreamingDataflowPartition_1/inst/StreamingDataflowPartition_1_StreamingFIFO_rtl_27/inst/impl/srl_reg[0][47]/C
                         clock pessimism             -0.255     2.266    
    SLICE_X90Y249        FDRE (Hold_HFF2_SLICEL_C_D)
                                                      0.062     2.328    top_i/StreamingDataflowPartition_1/inst/StreamingDataflowPartition_1_StreamingFIFO_rtl_27/inst/impl/srl_reg[0][47]
  -------------------------------------------------------------------
                         required time                         -2.328    
                         arrival time                           2.338    
  -------------------------------------------------------------------
                         slack                                  0.010    

Slack (MET) :             0.010ns  (arrival time - required time)
  Source:                 top_i/StreamingDataflowPartition_1/inst/StreamingDataflowPartition_1_StreamingFIFO_rtl_26/inst/impl/srlo_reg[25]/C
                            (rising edge-triggered cell FDRE clocked by clk_pl_0  {rise@0.000ns fall@2.667ns period=5.333ns})
  Destination:            top_i/StreamingDataflowPartition_1/inst/StreamingDataflowPartition_1_FMPadding_rtl_2/inst/impl/padding/A_reg[dat][25]/D
                            (rising edge-triggered cell FDRE clocked by clk_pl_0  {rise@0.000ns fall@2.667ns period=5.333ns})
  Path Group:             clk_pl_0
  Path Type:              Hold (Min at Slow Process Corner)
  Requirement:            0.000ns  (clk_pl_0 rise@0.000ns - clk_pl_0 rise@0.000ns)
  Data Path Delay:        0.173ns  (logic 0.058ns (33.526%)  route 0.115ns (66.474%))
  Logic Levels:           0  
  Clock Path Skew:        0.101ns (DCD - SCD - CPR)
    Destination Clock Delay (DCD):    2.520ns
    Source Clock Delay      (SCD):    2.213ns
    Clock Pessimism Removal (CPR):    0.206ns
  Clock Net Delay (Source):      2.045ns (routing 0.872ns, distribution 1.173ns)
  Clock Net Delay (Destination): 2.312ns (routing 0.960ns, distribution 1.352ns)

    Location             Delay type                Incr(ns)  Path(ns)    Netlist Resource(s)
  -------------------------------------------------------------------    -------------------
                         (clock clk_pl_0 rise edge)
                                                      0.000     0.000 r  
    PS8_X0Y0             PS8                          0.000     0.000 r  top_i/zynq_ps/inst/PS8_i/PLCLK[0]
                         net (fo=1, routed)           0.143     0.143    top_i/zynq_ps/inst/pl_clk_unbuffered[0]
    BUFG_PS_X0Y80        BUFG_PS (Prop_BUFG_PS_I_O)
                                                      0.025     0.168 r  top_i/zynq_ps/inst/buffer_pl_clk_0.PL_CLK_0_BUFG/O
    X2Y2 (CLOCK_ROOT)    net (fo=35948, routed)       2.045     2.213    top_i/StreamingDataflowPartition_1/inst/StreamingDataflowPartition_1_StreamingFIFO_rtl_26/inst/impl/ap_clk
    SLICE_X93Y255        FDRE                                         r  top_i/StreamingDataflowPartition_1/inst/StreamingDataflowPartition_1_StreamingFIFO_rtl_26/inst/impl/srlo_reg[25]/C
  -------------------------------------------------------------------    -------------------
    SLICE_X93Y255        FDRE (Prop_CFF_SLICEM_C_Q)
                                                      0.058     2.271 r  top_i/StreamingDataflowPartition_1/inst/StreamingDataflowPartition_1_StreamingFIFO_rtl_26/inst/impl/srlo_reg[25]/Q
                         net (fo=2, routed)           0.115     2.386    top_i/StreamingDataflowPartition_1/inst/StreamingDataflowPartition_1_FMPadding_rtl_2/inst/impl/padding/Q[25]
    SLICE_X92Y254        FDRE                                         r  top_i/StreamingDataflowPartition_1/inst/StreamingDataflowPartition_1_FMPadding_rtl_2/inst/impl/padding/A_reg[dat][25]/D
  -------------------------------------------------------------------    -------------------

                         (clock clk_pl_0 rise edge)
                                                      0.000     0.000 r  
    PS8_X0Y0             PS8                          0.000     0.000 r  top_i/zynq_ps/inst/PS8_i/PLCLK[0]
                         net (fo=1, routed)           0.180     0.180    top_i/zynq_ps/inst/pl_clk_unbuffered[0]
    BUFG_PS_X0Y80        BUFG_PS (Prop_BUFG_PS_I_O)
                                                      0.028     0.208 r  top_i/zynq_ps/inst/buffer_pl_clk_0.PL_CLK_0_BUFG/O
    X2Y2 (CLOCK_ROOT)    net (fo=35948, routed)       2.312     2.520    top_i/StreamingDataflowPartition_1/inst/StreamingDataflowPartition_1_FMPadding_rtl_2/inst/impl/padding/ap_clk
    SLICE_X92Y254        FDRE                                         r  top_i/StreamingDataflowPartition_1/inst/StreamingDataflowPartition_1_FMPadding_rtl_2/inst/impl/padding/A_reg[dat][25]/C
                         clock pessimism             -0.206     2.314    
    SLICE_X92Y254        FDRE (Hold_EFF2_SLICEL_C_D)
                                                      0.062     2.376    top_i/StreamingDataflowPartition_1/inst/StreamingDataflowPartition_1_FMPadding_rtl_2/inst/impl/padding/A_reg[dat][25]
  -------------------------------------------------------------------
                         required time                         -2.376    
                         arrival time                           2.386    
  -------------------------------------------------------------------
                         slack                                  0.010    

Slack (MET) :             0.010ns  (arrival time - required time)
  Source:                 top_i/StreamingDataflowPartition_1/inst/StreamingDataflowPartition_1_MVAU_hls_1/StreamingDataflowPartition_1_MVAU_hls_1/inst/grp_Matrix_Vector_Activate_Stream_Batch_fu_30/local_temp_41_reg_5182_pp0_iter2_reg_reg[0]/C
                            (rising edge-triggered cell FDRE clocked by clk_pl_0  {rise@0.000ns fall@2.667ns period=5.333ns})
  Destination:            top_i/StreamingDataflowPartition_1/inst/StreamingDataflowPartition_1_MVAU_hls_1/StreamingDataflowPartition_1_MVAU_hls_1/inst/grp_Matrix_Vector_Activate_Stream_Batch_fu_30/mac_muladd_2s_2ns_4s_5_4_1_U68/MVAU_hls_1_mac_muladd_2s_2ns_4s_5_4_1_DSP48_0_U/p_reg_reg[0]/D
                            (rising edge-triggered cell FDRE clocked by clk_pl_0  {rise@0.000ns fall@2.667ns period=5.333ns})
  Path Group:             clk_pl_0
  Path Type:              Hold (Min at Slow Process Corner)
  Requirement:            0.000ns  (clk_pl_0 rise@0.000ns - clk_pl_0 rise@0.000ns)
  Data Path Delay:        0.166ns  (logic 0.084ns (50.519%)  route 0.082ns (49.481%))
  Logic Levels:           1  (LUT3=1)
  Clock Path Skew:        0.096ns (DCD - SCD - CPR)
    Destination Clock Delay (DCD):    2.435ns
    Source Clock Delay      (SCD):    2.140ns
    Clock Pessimism Removal (CPR):    0.199ns
  Clock Net Delay (Source):      1.972ns (routing 0.872ns, distribution 1.100ns)
  Clock Net Delay (Destination): 2.227ns (routing 0.960ns, distribution 1.267ns)

    Location             Delay type                Incr(ns)  Path(ns)    Netlist Resource(s)
  -------------------------------------------------------------------    -------------------
                         (clock clk_pl_0 rise edge)
                                                      0.000     0.000 r  
    PS8_X0Y0             PS8                          0.000     0.000 r  top_i/zynq_ps/inst/PS8_i/PLCLK[0]
                         net (fo=1, routed)           0.143     0.143    top_i/zynq_ps/inst/pl_clk_unbuffered[0]
    BUFG_PS_X0Y80        BUFG_PS (Prop_BUFG_PS_I_O)
                                                      0.025     0.168 r  top_i/zynq_ps/inst/buffer_pl_clk_0.PL_CLK_0_BUFG/O
    X2Y2 (CLOCK_ROOT)    net (fo=35948, routed)       1.972     2.140    top_i/StreamingDataflowPartition_1/inst/StreamingDataflowPartition_1_MVAU_hls_1/StreamingDataflowPartition_1_MVAU_hls_1/inst/grp_Matrix_Vector_Activate_Stream_Batch_fu_30/ap_clk
    SLICE_X66Y297        FDRE                                         r  top_i/StreamingDataflowPartition_1/inst/StreamingDataflowPartition_1_MVAU_hls_1/StreamingDataflowPartition_1_MVAU_hls_1/inst/grp_Matrix_Vector_Activate_Stream_Batch_fu_30/local_temp_41_reg_5182_pp0_iter2_reg_reg[0]/C
  -------------------------------------------------------------------    -------------------
    SLICE_X66Y297        FDRE (Prop_DFF2_SLICEL_C_Q)
                                                      0.061     2.201 r  top_i/StreamingDataflowPartition_1/inst/StreamingDataflowPartition_1_MVAU_hls_1/StreamingDataflowPartition_1_MVAU_hls_1/inst/grp_Matrix_Vector_Activate_Stream_Batch_fu_30/local_temp_41_reg_5182_pp0_iter2_reg_reg[0]/Q
                         net (fo=5, routed)           0.058     2.259    top_i/StreamingDataflowPartition_1/inst/StreamingDataflowPartition_1_MVAU_hls_1/StreamingDataflowPartition_1_MVAU_hls_1/inst/grp_Matrix_Vector_Activate_Stream_Batch_fu_30/mac_muladd_2s_2ns_4s_5_4_1_U68/MVAU_hls_1_mac_muladd_2s_2ns_4s_5_4_1_DSP48_0_U/p_reg_reg[4]_1[0]
    SLICE_X68Y297        LUT3 (Prop_H6LUT_SLICEL_I2_O)
                                                      0.023     2.282 r  top_i/StreamingDataflowPartition_1/inst/StreamingDataflowPartition_1_MVAU_hls_1/StreamingDataflowPartition_1_MVAU_hls_1/inst/grp_Matrix_Vector_Activate_Stream_Batch_fu_30/mac_muladd_2s_2ns_4s_5_4_1_U68/MVAU_hls_1_mac_muladd_2s_2ns_4s_5_4_1_DSP48_0_U/p_reg[0]_i_1__33/O
                         net (fo=1, routed)           0.024     2.306    top_i/StreamingDataflowPartition_1/inst/StreamingDataflowPartition_1_MVAU_hls_1/StreamingDataflowPartition_1_MVAU_hls_1/inst/grp_Matrix_Vector_Activate_Stream_Batch_fu_30/mac_muladd_2s_2ns_4s_5_4_1_U68/MVAU_hls_1_mac_muladd_2s_2ns_4s_5_4_1_DSP48_0_U/p_reg[0]_i_1__33_n_3
    SLICE_X68Y297        FDRE                                         r  top_i/StreamingDataflowPartition_1/inst/StreamingDataflowPartition_1_MVAU_hls_1/StreamingDataflowPartition_1_MVAU_hls_1/inst/grp_Matrix_Vector_Activate_Stream_Batch_fu_30/mac_muladd_2s_2ns_4s_5_4_1_U68/MVAU_hls_1_mac_muladd_2s_2ns_4s_5_4_1_DSP48_0_U/p_reg_reg[0]/D
  -------------------------------------------------------------------    -------------------

                         (clock clk_pl_0 rise edge)
                                                      0.000     0.000 r  
    PS8_X0Y0             PS8                          0.000     0.000 r  top_i/zynq_ps/inst/PS8_i/PLCLK[0]
                         net (fo=1, routed)           0.180     0.180    top_i/zynq_ps/inst/pl_clk_unbuffered[0]
    BUFG_PS_X0Y80        BUFG_PS (Prop_BUFG_PS_I_O)
                                                      0.028     0.208 r  top_i/zynq_ps/inst/buffer_pl_clk_0.PL_CLK_0_BUFG/O
    X2Y2 (CLOCK_ROOT)    net (fo=35948, routed)       2.227     2.435    top_i/StreamingDataflowPartition_1/inst/StreamingDataflowPartition_1_MVAU_hls_1/StreamingDataflowPartition_1_MVAU_hls_1/inst/grp_Matrix_Vector_Activate_Stream_Batch_fu_30/mac_muladd_2s_2ns_4s_5_4_1_U68/MVAU_hls_1_mac_muladd_2s_2ns_4s_5_4_1_DSP48_0_U/ap_clk
    SLICE_X68Y297        FDRE                                         r  top_i/StreamingDataflowPartition_1/inst/StreamingDataflowPartition_1_MVAU_hls_1/StreamingDataflowPartition_1_MVAU_hls_1/inst/grp_Matrix_Vector_Activate_Stream_Batch_fu_30/mac_muladd_2s_2ns_4s_5_4_1_U68/MVAU_hls_1_mac_muladd_2s_2ns_4s_5_4_1_DSP48_0_U/p_reg_reg[0]/C
                         clock pessimism             -0.199     2.236    
    SLICE_X68Y297        FDRE (Hold_HFF_SLICEL_C_D)
                                                      0.060     2.296    top_i/StreamingDataflowPartition_1/inst/StreamingDataflowPartition_1_MVAU_hls_1/StreamingDataflowPartition_1_MVAU_hls_1/inst/grp_Matrix_Vector_Activate_Stream_Batch_fu_30/mac_muladd_2s_2ns_4s_5_4_1_U68/MVAU_hls_1_mac_muladd_2s_2ns_4s_5_4_1_DSP48_0_U/p_reg_reg[0]
  -------------------------------------------------------------------
                         required time                         -2.296    
                         arrival time                           2.306    
  -------------------------------------------------------------------
                         slack                                  0.010    

Slack (MET) :             0.010ns  (arrival time - required time)
  Source:                 top_i/StreamingDataflowPartition_1/inst/StreamingDataflowPartition_1_MVAU_hls_0/StreamingDataflowPartition_1_MVAU_hls_0/inst/regslice_both_in0_V_U/data_p1_reg[39]/C
                            (rising edge-triggered cell FDRE clocked by clk_pl_0  {rise@0.000ns fall@2.667ns period=5.333ns})
  Destination:            top_i/StreamingDataflowPartition_1/inst/StreamingDataflowPartition_1_MVAU_hls_0/StreamingDataflowPartition_1_MVAU_hls_0/inst/grp_Matrix_Vector_Activate_Stream_Batch_fu_30/arrayidx3_0_0_0_load16_fu_94_reg[39]/D
                            (rising edge-triggered cell FDRE clocked by clk_pl_0  {rise@0.000ns fall@2.667ns period=5.333ns})
  Path Group:             clk_pl_0
  Path Type:              Hold (Min at Slow Process Corner)
  Requirement:            0.000ns  (clk_pl_0 rise@0.000ns - clk_pl_0 rise@0.000ns)
  Data Path Delay:        0.179ns  (logic 0.058ns (32.402%)  route 0.121ns (67.598%))
  Logic Levels:           0  
  Clock Path Skew:        0.107ns (DCD - SCD - CPR)
    Destination Clock Delay (DCD):    2.522ns
    Source Clock Delay      (SCD):    2.219ns
    Clock Pessimism Removal (CPR):    0.197ns
  Clock Net Delay (Source):      2.051ns (routing 0.872ns, distribution 1.179ns)
  Clock Net Delay (Destination): 2.314ns (routing 0.960ns, distribution 1.354ns)

    Location             Delay type                Incr(ns)  Path(ns)    Netlist Resource(s)
  -------------------------------------------------------------------    -------------------
                         (clock clk_pl_0 rise edge)
                                                      0.000     0.000 r  
    PS8_X0Y0             PS8                          0.000     0.000 r  top_i/zynq_ps/inst/PS8_i/PLCLK[0]
                         net (fo=1, routed)           0.143     0.143    top_i/zynq_ps/inst/pl_clk_unbuffered[0]
    BUFG_PS_X0Y80        BUFG_PS (Prop_BUFG_PS_I_O)
                                                      0.025     0.168 r  top_i/zynq_ps/inst/buffer_pl_clk_0.PL_CLK_0_BUFG/O
    X2Y2 (CLOCK_ROOT)    net (fo=35948, routed)       2.051     2.219    top_i/StreamingDataflowPartition_1/inst/StreamingDataflowPartition_1_MVAU_hls_0/StreamingDataflowPartition_1_MVAU_hls_0/inst/regslice_both_in0_V_U/ap_clk
    SLICE_X53Y166        FDRE                                         r  top_i/StreamingDataflowPartition_1/inst/StreamingDataflowPartition_1_MVAU_hls_0/StreamingDataflowPartition_1_MVAU_hls_0/inst/regslice_both_in0_V_U/data_p1_reg[39]/C
  -------------------------------------------------------------------    -------------------
    SLICE_X53Y166        FDRE (Prop_BFF_SLICEM_C_Q)
                                                      0.058     2.277 r  top_i/StreamingDataflowPartition_1/inst/StreamingDataflowPartition_1_MVAU_hls_0/StreamingDataflowPartition_1_MVAU_hls_0/inst/regslice_both_in0_V_U/data_p1_reg[39]/Q
                         net (fo=1, routed)           0.121     2.398    top_i/StreamingDataflowPartition_1/inst/StreamingDataflowPartition_1_MVAU_hls_0/StreamingDataflowPartition_1_MVAU_hls_0/inst/grp_Matrix_Vector_Activate_Stream_Batch_fu_30/arrayidx3_0_0_0_load16_fu_94_reg[47]_0[39]
    SLICE_X54Y165        FDRE                                         r  top_i/StreamingDataflowPartition_1/inst/StreamingDataflowPartition_1_MVAU_hls_0/StreamingDataflowPartition_1_MVAU_hls_0/inst/grp_Matrix_Vector_Activate_Stream_Batch_fu_30/arrayidx3_0_0_0_load16_fu_94_reg[39]/D
  -------------------------------------------------------------------    -------------------

                         (clock clk_pl_0 rise edge)
                                                      0.000     0.000 r  
    PS8_X0Y0             PS8                          0.000     0.000 r  top_i/zynq_ps/inst/PS8_i/PLCLK[0]
                         net (fo=1, routed)           0.180     0.180    top_i/zynq_ps/inst/pl_clk_unbuffered[0]
    BUFG_PS_X0Y80        BUFG_PS (Prop_BUFG_PS_I_O)
                                                      0.028     0.208 r  top_i/zynq_ps/inst/buffer_pl_clk_0.PL_CLK_0_BUFG/O
    X2Y2 (CLOCK_ROOT)    net (fo=35948, routed)       2.314     2.522    top_i/StreamingDataflowPartition_1/inst/StreamingDataflowPartition_1_MVAU_hls_0/StreamingDataflowPartition_1_MVAU_hls_0/inst/grp_Matrix_Vector_Activate_Stream_Batch_fu_30/ap_clk
    SLICE_X54Y165        FDRE                                         r  top_i/StreamingDataflowPartition_1/inst/StreamingDataflowPartition_1_MVAU_hls_0/StreamingDataflowPartition_1_MVAU_hls_0/inst/grp_Matrix_Vector_Activate_Stream_Batch_fu_30/arrayidx3_0_0_0_load16_fu_94_reg[39]/C
                         clock pessimism             -0.197     2.325    
    SLICE_X54Y165        FDRE (Hold_FFF2_SLICEM_C_D)
                                                      0.062     2.387    top_i/StreamingDataflowPartition_1/inst/StreamingDataflowPartition_1_MVAU_hls_0/StreamingDataflowPartition_1_MVAU_hls_0/inst/grp_Matrix_Vector_Activate_Stream_Batch_fu_30/arrayidx3_0_0_0_load16_fu_94_reg[39]
  -------------------------------------------------------------------
                         required time                         -2.387    
                         arrival time                           2.398    
  -------------------------------------------------------------------
                         slack                                  0.010    

Slack (MET) :             0.010ns  (arrival time - required time)
  Source:                 top_i/odma0/inst/StreamingDataflowPartition_2_IODMA_hls_0/inst/gmem_m_axi_U/bus_write/wreq_throttle/data_fifo/U_fifo_srl/dout_reg[28]/C
                            (rising edge-triggered cell FDRE clocked by clk_pl_0  {rise@0.000ns fall@2.667ns period=5.333ns})
  Destination:            top_i/smartconnect_0/inst/s01_entry_pipeline/s01_mmu/inst/w_sreg/skid_buffer_reg[1053]/D
                            (rising edge-triggered cell FDRE clocked by clk_pl_0  {rise@0.000ns fall@2.667ns period=5.333ns})
  Path Group:             clk_pl_0
  Path Type:              Hold (Min at Slow Process Corner)
  Requirement:            0.000ns  (clk_pl_0 rise@0.000ns - clk_pl_0 rise@0.000ns)
  Data Path Delay:        0.180ns  (logic 0.060ns (33.306%)  route 0.120ns (66.694%))
  Logic Levels:           0  
  Clock Path Skew:        0.108ns (DCD - SCD - CPR)
    Destination Clock Delay (DCD):    2.560ns
    Source Clock Delay      (SCD):    2.246ns
    Clock Pessimism Removal (CPR):    0.207ns
  Clock Net Delay (Source):      2.078ns (routing 0.872ns, distribution 1.206ns)
  Clock Net Delay (Destination): 2.352ns (routing 0.960ns, distribution 1.392ns)

    Location             Delay type                Incr(ns)  Path(ns)    Netlist Resource(s)
  -------------------------------------------------------------------    -------------------
                         (clock clk_pl_0 rise edge)
                                                      0.000     0.000 r  
    PS8_X0Y0             PS8                          0.000     0.000 r  top_i/zynq_ps/inst/PS8_i/PLCLK[0]
                         net (fo=1, routed)           0.143     0.143    top_i/zynq_ps/inst/pl_clk_unbuffered[0]
    BUFG_PS_X0Y80        BUFG_PS (Prop_BUFG_PS_I_O)
                                                      0.025     0.168 r  top_i/zynq_ps/inst/buffer_pl_clk_0.PL_CLK_0_BUFG/O
    X2Y2 (CLOCK_ROOT)    net (fo=35948, routed)       2.078     2.246    top_i/odma0/inst/StreamingDataflowPartition_2_IODMA_hls_0/inst/gmem_m_axi_U/bus_write/wreq_throttle/data_fifo/U_fifo_srl/ap_clk
    SLICE_X61Y55         FDRE                                         r  top_i/odma0/inst/StreamingDataflowPartition_2_IODMA_hls_0/inst/gmem_m_axi_U/bus_write/wreq_throttle/data_fifo/U_fifo_srl/dout_reg[28]/C
  -------------------------------------------------------------------    -------------------
    SLICE_X61Y55         FDRE (Prop_EFF2_SLICEM_C_Q)
                                                      0.060     2.306 r  top_i/odma0/inst/StreamingDataflowPartition_2_IODMA_hls_0/inst/gmem_m_axi_U/bus_write/wreq_throttle/data_fifo/U_fifo_srl/dout_reg[28]/Q
                         net (fo=2, routed)           0.120     2.426    top_i/smartconnect_0/inst/s01_entry_pipeline/s01_mmu/inst/w_sreg/skid_buffer_reg[2052]_0[29]
    SLICE_X59Y57         FDRE                                         r  top_i/smartconnect_0/inst/s01_entry_pipeline/s01_mmu/inst/w_sreg/skid_buffer_reg[1053]/D
  -------------------------------------------------------------------    -------------------

                         (clock clk_pl_0 rise edge)
                                                      0.000     0.000 r  
    PS8_X0Y0             PS8                          0.000     0.000 r  top_i/zynq_ps/inst/PS8_i/PLCLK[0]
                         net (fo=1, routed)           0.180     0.180    top_i/zynq_ps/inst/pl_clk_unbuffered[0]
    BUFG_PS_X0Y80        BUFG_PS (Prop_BUFG_PS_I_O)
                                                      0.028     0.208 r  top_i/zynq_ps/inst/buffer_pl_clk_0.PL_CLK_0_BUFG/O
    X2Y2 (CLOCK_ROOT)    net (fo=35948, routed)       2.352     2.560    top_i/smartconnect_0/inst/s01_entry_pipeline/s01_mmu/inst/w_sreg/aclk
    SLICE_X59Y57         FDRE                                         r  top_i/smartconnect_0/inst/s01_entry_pipeline/s01_mmu/inst/w_sreg/skid_buffer_reg[1053]/C
                         clock pessimism             -0.207     2.353    
    SLICE_X59Y57         FDRE (Hold_BFF2_SLICEL_C_D)
                                                      0.062     2.415    top_i/smartconnect_0/inst/s01_entry_pipeline/s01_mmu/inst/w_sreg/skid_buffer_reg[1053]
  -------------------------------------------------------------------
                         required time                         -2.415    
                         arrival time                           2.426    
  -------------------------------------------------------------------
                         slack                                  0.010    

Slack (MET) :             0.011ns  (arrival time - required time)
  Source:                 top_i/StreamingDataflowPartition_1/inst/StreamingDataflowPartition_1_MVAU_hls_1/StreamingDataflowPartition_1_MVAU_hls_1/inst/grp_Matrix_Vector_Activate_Stream_Batch_fu_30/mac_muladd_2s_2ns_4s_5_4_1_U82/MVAU_hls_1_mac_muladd_2s_2ns_4s_5_4_1_DSP48_0_U/p_reg_reg[2]/C
                            (rising edge-triggered cell FDRE clocked by clk_pl_0  {rise@0.000ns fall@2.667ns period=5.333ns})
  Destination:            top_i/StreamingDataflowPartition_1/inst/StreamingDataflowPartition_1_MVAU_hls_1/StreamingDataflowPartition_1_MVAU_hls_1/inst/grp_Matrix_Vector_Activate_Stream_Batch_fu_30/add_ln169_69_reg_6429_reg[2]/D
                            (rising edge-triggered cell FDRE clocked by clk_pl_0  {rise@0.000ns fall@2.667ns period=5.333ns})
  Path Group:             clk_pl_0
  Path Type:              Hold (Min at Slow Process Corner)
  Requirement:            0.000ns  (clk_pl_0 rise@0.000ns - clk_pl_0 rise@0.000ns)
  Data Path Delay:        0.166ns  (logic 0.080ns (48.103%)  route 0.086ns (51.897%))
  Logic Levels:           1  (LUT6=1)
  Clock Path Skew:        0.096ns (DCD - SCD - CPR)
    Destination Clock Delay (DCD):    2.420ns
    Source Clock Delay      (SCD):    2.125ns
    Clock Pessimism Removal (CPR):    0.200ns
  Clock Net Delay (Source):      1.957ns (routing 0.872ns, distribution 1.085ns)
  Clock Net Delay (Destination): 2.212ns (routing 0.960ns, distribution 1.252ns)

    Location             Delay type                Incr(ns)  Path(ns)    Netlist Resource(s)
  -------------------------------------------------------------------    -------------------
                         (clock clk_pl_0 rise edge)
                                                      0.000     0.000 r  
    PS8_X0Y0             PS8                          0.000     0.000 r  top_i/zynq_ps/inst/PS8_i/PLCLK[0]
                         net (fo=1, routed)           0.143     0.143    top_i/zynq_ps/inst/pl_clk_unbuffered[0]
    BUFG_PS_X0Y80        BUFG_PS (Prop_BUFG_PS_I_O)
                                                      0.025     0.168 r  top_i/zynq_ps/inst/buffer_pl_clk_0.PL_CLK_0_BUFG/O
    X2Y2 (CLOCK_ROOT)    net (fo=35948, routed)       1.957     2.125    top_i/StreamingDataflowPartition_1/inst/StreamingDataflowPartition_1_MVAU_hls_1/StreamingDataflowPartition_1_MVAU_hls_1/inst/grp_Matrix_Vector_Activate_Stream_Batch_fu_30/mac_muladd_2s_2ns_4s_5_4_1_U82/MVAU_hls_1_mac_muladd_2s_2ns_4s_5_4_1_DSP48_0_U/ap_clk
    SLICE_X73Y287        FDRE                                         r  top_i/StreamingDataflowPartition_1/inst/StreamingDataflowPartition_1_MVAU_hls_1/StreamingDataflowPartition_1_MVAU_hls_1/inst/grp_Matrix_Vector_Activate_Stream_Batch_fu_30/mac_muladd_2s_2ns_4s_5_4_1_U82/MVAU_hls_1_mac_muladd_2s_2ns_4s_5_4_1_DSP48_0_U/p_reg_reg[2]/C
  -------------------------------------------------------------------    -------------------
    SLICE_X73Y287        FDRE (Prop_CFF_SLICEM_C_Q)
                                                      0.058     2.183 r  top_i/StreamingDataflowPartition_1/inst/StreamingDataflowPartition_1_MVAU_hls_1/StreamingDataflowPartition_1_MVAU_hls_1/inst/grp_Matrix_Vector_Activate_Stream_Batch_fu_30/mac_muladd_2s_2ns_4s_5_4_1_U82/MVAU_hls_1_mac_muladd_2s_2ns_4s_5_4_1_DSP48_0_U/p_reg_reg[2]/Q
                         net (fo=2, routed)           0.064     2.247    top_i/StreamingDataflowPartition_1/inst/StreamingDataflowPartition_1_MVAU_hls_1/StreamingDataflowPartition_1_MVAU_hls_1/inst/grp_Matrix_Vector_Activate_Stream_Batch_fu_30/mac_muladd_2s_2ns_4s_5_4_1_U82_n_7
    SLICE_X72Y286        LUT6 (Prop_G6LUT_SLICEL_I5_O)
                                                      0.022     2.269 r  top_i/StreamingDataflowPartition_1/inst/StreamingDataflowPartition_1_MVAU_hls_1/StreamingDataflowPartition_1_MVAU_hls_1/inst/grp_Matrix_Vector_Activate_Stream_Batch_fu_30/add_ln169_69_reg_6429[2]_i_1/O
                         net (fo=1, routed)           0.022     2.291    top_i/StreamingDataflowPartition_1/inst/StreamingDataflowPartition_1_MVAU_hls_1/StreamingDataflowPartition_1_MVAU_hls_1/inst/grp_Matrix_Vector_Activate_Stream_Batch_fu_30/add_ln169_69_fu_3377_p2[2]
    SLICE_X72Y286        FDRE                                         r  top_i/StreamingDataflowPartition_1/inst/StreamingDataflowPartition_1_MVAU_hls_1/StreamingDataflowPartition_1_MVAU_hls_1/inst/grp_Matrix_Vector_Activate_Stream_Batch_fu_30/add_ln169_69_reg_6429_reg[2]/D
  -------------------------------------------------------------------    -------------------

                         (clock clk_pl_0 rise edge)
                                                      0.000     0.000 r  
    PS8_X0Y0             PS8                          0.000     0.000 r  top_i/zynq_ps/inst/PS8_i/PLCLK[0]
                         net (fo=1, routed)           0.180     0.180    top_i/zynq_ps/inst/pl_clk_unbuffered[0]
    BUFG_PS_X0Y80        BUFG_PS (Prop_BUFG_PS_I_O)
                                                      0.028     0.208 r  top_i/zynq_ps/inst/buffer_pl_clk_0.PL_CLK_0_BUFG/O
    X2Y2 (CLOCK_ROOT)    net (fo=35948, routed)       2.212     2.420    top_i/StreamingDataflowPartition_1/inst/StreamingDataflowPartition_1_MVAU_hls_1/StreamingDataflowPartition_1_MVAU_hls_1/inst/grp_Matrix_Vector_Activate_Stream_Batch_fu_30/ap_clk
    SLICE_X72Y286        FDRE                                         r  top_i/StreamingDataflowPartition_1/inst/StreamingDataflowPartition_1_MVAU_hls_1/StreamingDataflowPartition_1_MVAU_hls_1/inst/grp_Matrix_Vector_Activate_Stream_Batch_fu_30/add_ln169_69_reg_6429_reg[2]/C
                         clock pessimism             -0.200     2.221    
    SLICE_X72Y286        FDRE (Hold_GFF_SLICEL_C_D)
                                                      0.060     2.281    top_i/StreamingDataflowPartition_1/inst/StreamingDataflowPartition_1_MVAU_hls_1/StreamingDataflowPartition_1_MVAU_hls_1/inst/grp_Matrix_Vector_Activate_Stream_Batch_fu_30/add_ln169_69_reg_6429_reg[2]
  -------------------------------------------------------------------
                         required time                         -2.281    
                         arrival time                           2.291    
  -------------------------------------------------------------------
                         slack                                  0.011    

Slack (MET) :             0.011ns  (arrival time - required time)
  Source:                 top_i/StreamingDataflowPartition_1/inst/StreamingDataflowPartition_1_MVAU_hls_3/StreamingDataflowPartition_1_MVAU_hls_3/inst/grp_Matrix_Vector_Activate_Stream_Batch_fu_30/ap_CS_iter4_fsm_reg[1]/C
                            (rising edge-triggered cell FDRE clocked by clk_pl_0  {rise@0.000ns fall@2.667ns period=5.333ns})
  Destination:            top_i/StreamingDataflowPartition_1/inst/StreamingDataflowPartition_1_MVAU_hls_3/StreamingDataflowPartition_1_MVAU_hls_3/inst/grp_Matrix_Vector_Activate_Stream_Batch_fu_30/ap_CS_iter5_fsm_reg[1]/D
                            (rising edge-triggered cell FDRE clocked by clk_pl_0  {rise@0.000ns fall@2.667ns period=5.333ns})
  Path Group:             clk_pl_0
  Path Type:              Hold (Min at Slow Process Corner)
  Requirement:            0.000ns  (clk_pl_0 rise@0.000ns - clk_pl_0 rise@0.000ns)
  Data Path Delay:        0.125ns  (logic 0.058ns (46.374%)  route 0.067ns (53.626%))
  Logic Levels:           0  
  Clock Path Skew:        0.052ns (DCD - SCD - CPR)
    Destination Clock Delay (DCD):    2.419ns
    Source Clock Delay      (SCD):    2.125ns
    Clock Pessimism Removal (CPR):    0.242ns
  Clock Net Delay (Source):      1.957ns (routing 0.872ns, distribution 1.085ns)
  Clock Net Delay (Destination): 2.211ns (routing 0.960ns, distribution 1.251ns)

    Location             Delay type                Incr(ns)  Path(ns)    Netlist Resource(s)
  -------------------------------------------------------------------    -------------------
                         (clock clk_pl_0 rise edge)
                                                      0.000     0.000 r  
    PS8_X0Y0             PS8                          0.000     0.000 r  top_i/zynq_ps/inst/PS8_i/PLCLK[0]
                         net (fo=1, routed)           0.143     0.143    top_i/zynq_ps/inst/pl_clk_unbuffered[0]
    BUFG_PS_X0Y80        BUFG_PS (Prop_BUFG_PS_I_O)
                                                      0.025     0.168 r  top_i/zynq_ps/inst/buffer_pl_clk_0.PL_CLK_0_BUFG/O
    X2Y2 (CLOCK_ROOT)    net (fo=35948, routed)       1.957     2.125    top_i/StreamingDataflowPartition_1/inst/StreamingDataflowPartition_1_MVAU_hls_3/StreamingDataflowPartition_1_MVAU_hls_3/inst/grp_Matrix_Vector_Activate_Stream_Batch_fu_30/ap_clk
    SLICE_X68Y193        FDRE                                         r  top_i/StreamingDataflowPartition_1/inst/StreamingDataflowPartition_1_MVAU_hls_3/StreamingDataflowPartition_1_MVAU_hls_3/inst/grp_Matrix_Vector_Activate_Stream_Batch_fu_30/ap_CS_iter4_fsm_reg[1]/C
  -------------------------------------------------------------------    -------------------
    SLICE_X68Y193        FDRE (Prop_FFF_SLICEL_C_Q)
                                                      0.058     2.183 r  top_i/StreamingDataflowPartition_1/inst/StreamingDataflowPartition_1_MVAU_hls_3/StreamingDataflowPartition_1_MVAU_hls_3/inst/grp_Matrix_Vector_Activate_Stream_Batch_fu_30/ap_CS_iter4_fsm_reg[1]/Q
                         net (fo=4, routed)           0.067     2.250    top_i/StreamingDataflowPartition_1/inst/StreamingDataflowPartition_1_MVAU_hls_3/StreamingDataflowPartition_1_MVAU_hls_3/inst/grp_Matrix_Vector_Activate_Stream_Batch_fu_30/ap_CS_iter4_fsm_state5
    SLICE_X68Y192        FDRE                                         r  top_i/StreamingDataflowPartition_1/inst/StreamingDataflowPartition_1_MVAU_hls_3/StreamingDataflowPartition_1_MVAU_hls_3/inst/grp_Matrix_Vector_Activate_Stream_Batch_fu_30/ap_CS_iter5_fsm_reg[1]/D
  -------------------------------------------------------------------    -------------------

                         (clock clk_pl_0 rise edge)
                                                      0.000     0.000 r  
    PS8_X0Y0             PS8                          0.000     0.000 r  top_i/zynq_ps/inst/PS8_i/PLCLK[0]
                         net (fo=1, routed)           0.180     0.180    top_i/zynq_ps/inst/pl_clk_unbuffered[0]
    BUFG_PS_X0Y80        BUFG_PS (Prop_BUFG_PS_I_O)
                                                      0.028     0.208 r  top_i/zynq_ps/inst/buffer_pl_clk_0.PL_CLK_0_BUFG/O
    X2Y2 (CLOCK_ROOT)    net (fo=35948, routed)       2.211     2.419    top_i/StreamingDataflowPartition_1/inst/StreamingDataflowPartition_1_MVAU_hls_3/StreamingDataflowPartition_1_MVAU_hls_3/inst/grp_Matrix_Vector_Activate_Stream_Batch_fu_30/ap_clk
    SLICE_X68Y192        FDRE                                         r  top_i/StreamingDataflowPartition_1/inst/StreamingDataflowPartition_1_MVAU_hls_3/StreamingDataflowPartition_1_MVAU_hls_3/inst/grp_Matrix_Vector_Activate_Stream_Batch_fu_30/ap_CS_iter5_fsm_reg[1]/C
                         clock pessimism             -0.242     2.177    
    SLICE_X68Y192        FDRE (Hold_DFF2_SLICEL_C_D)
                                                      0.062     2.239    top_i/StreamingDataflowPartition_1/inst/StreamingDataflowPartition_1_MVAU_hls_3/StreamingDataflowPartition_1_MVAU_hls_3/inst/grp_Matrix_Vector_Activate_Stream_Batch_fu_30/ap_CS_iter5_fsm_reg[1]
  -------------------------------------------------------------------
                         required time                         -2.239    
                         arrival time                           2.250    
  -------------------------------------------------------------------
                         slack                                  0.011    

Slack (MET) :             0.011ns  (arrival time - required time)
  Source:                 top_i/StreamingDataflowPartition_1/inst/StreamingDataflowPartition_1_StreamingDataWidthConverter_rtl_16/inst/impl/core/genUp.ADat_reg[62][1]/C
                            (rising edge-triggered cell FDRE clocked by clk_pl_0  {rise@0.000ns fall@2.667ns period=5.333ns})
  Destination:            top_i/StreamingDataflowPartition_1/inst/StreamingDataflowPartition_1_StreamingDataWidthConverter_rtl_16/inst/impl/core/genUp.ADat_reg[61][1]/D
                            (rising edge-triggered cell FDRE clocked by clk_pl_0  {rise@0.000ns fall@2.667ns period=5.333ns})
  Path Group:             clk_pl_0
  Path Type:              Hold (Min at Slow Process Corner)
  Requirement:            0.000ns  (clk_pl_0 rise@0.000ns - clk_pl_0 rise@0.000ns)
  Data Path Delay:        0.161ns  (logic 0.059ns (36.615%)  route 0.102ns (63.385%))
  Logic Levels:           0  
  Clock Path Skew:        0.088ns (DCD - SCD - CPR)
    Destination Clock Delay (DCD):    2.452ns
    Source Clock Delay      (SCD):    2.168ns
    Clock Pessimism Removal (CPR):    0.196ns
  Clock Net Delay (Source):      2.000ns (routing 0.872ns, distribution 1.128ns)
  Clock Net Delay (Destination): 2.244ns (routing 0.960ns, distribution 1.284ns)

    Location             Delay type                Incr(ns)  Path(ns)    Netlist Resource(s)
  -------------------------------------------------------------------    -------------------
                         (clock clk_pl_0 rise edge)
                                                      0.000     0.000 r  
    PS8_X0Y0             PS8                          0.000     0.000 r  top_i/zynq_ps/inst/PS8_i/PLCLK[0]
                         net (fo=1, routed)           0.143     0.143    top_i/zynq_ps/inst/pl_clk_unbuffered[0]
    BUFG_PS_X0Y80        BUFG_PS (Prop_BUFG_PS_I_O)
                                                      0.025     0.168 r  top_i/zynq_ps/inst/buffer_pl_clk_0.PL_CLK_0_BUFG/O
    X2Y2 (CLOCK_ROOT)    net (fo=35948, routed)       2.000     2.168    top_i/StreamingDataflowPartition_1/inst/StreamingDataflowPartition_1_StreamingDataWidthConverter_rtl_16/inst/impl/core/ap_clk
    SLICE_X97Y179        FDRE                                         r  top_i/StreamingDataflowPartition_1/inst/StreamingDataflowPartition_1_StreamingDataWidthConverter_rtl_16/inst/impl/core/genUp.ADat_reg[62][1]/C
  -------------------------------------------------------------------    -------------------
    SLICE_X97Y179        FDRE (Prop_EFF_SLICEL_C_Q)
                                                      0.059     2.227 r  top_i/StreamingDataflowPartition_1/inst/StreamingDataflowPartition_1_StreamingDataWidthConverter_rtl_16/inst/impl/core/genUp.ADat_reg[62][1]/Q
                         net (fo=3, routed)           0.102     2.329    top_i/StreamingDataflowPartition_1/inst/StreamingDataflowPartition_1_StreamingDataWidthConverter_rtl_16/inst/impl/core/D[125]
    SLICE_X98Y179        FDRE                                         r  top_i/StreamingDataflowPartition_1/inst/StreamingDataflowPartition_1_StreamingDataWidthConverter_rtl_16/inst/impl/core/genUp.ADat_reg[61][1]/D
  -------------------------------------------------------------------    -------------------

                         (clock clk_pl_0 rise edge)
                                                      0.000     0.000 r  
    PS8_X0Y0             PS8                          0.000     0.000 r  top_i/zynq_ps/inst/PS8_i/PLCLK[0]
                         net (fo=1, routed)           0.180     0.180    top_i/zynq_ps/inst/pl_clk_unbuffered[0]
    BUFG_PS_X0Y80        BUFG_PS (Prop_BUFG_PS_I_O)
                                                      0.028     0.208 r  top_i/zynq_ps/inst/buffer_pl_clk_0.PL_CLK_0_BUFG/O
    X2Y2 (CLOCK_ROOT)    net (fo=35948, routed)       2.244     2.452    top_i/StreamingDataflowPartition_1/inst/StreamingDataflowPartition_1_StreamingDataWidthConverter_rtl_16/inst/impl/core/ap_clk
    SLICE_X98Y179        FDRE                                         r  top_i/StreamingDataflowPartition_1/inst/StreamingDataflowPartition_1_StreamingDataWidthConverter_rtl_16/inst/impl/core/genUp.ADat_reg[61][1]/C
                         clock pessimism             -0.196     2.256    
    SLICE_X98Y179        FDRE (Hold_FFF2_SLICEL_C_D)
                                                      0.062     2.318    top_i/StreamingDataflowPartition_1/inst/StreamingDataflowPartition_1_StreamingDataWidthConverter_rtl_16/inst/impl/core/genUp.ADat_reg[61][1]
  -------------------------------------------------------------------
                         required time                         -2.318    
                         arrival time                           2.329    
  -------------------------------------------------------------------
                         slack                                  0.011    

Slack (MET) :             0.011ns  (arrival time - required time)
  Source:                 top_i/smartconnect_0/inst/s01_entry_pipeline/s01_si_converter/inst/gen_normal.splitter_inst/gen_no_wsplitter.gen_endpoint_woffset.gen_wbypass_offset_fifo.wbypass_offset_fifo/gen_pipelined.state_reg[1]/C
                            (rising edge-triggered cell FDRE clocked by clk_pl_0  {rise@0.000ns fall@2.667ns period=5.333ns})
  Destination:            top_i/smartconnect_0/inst/s01_entry_pipeline/s01_si_converter/inst/gen_normal.splitter_inst/gen_no_wsplitter.gen_endpoint_woffset.gen_wbypass_offset_fifo.wbypass_offset_fifo/gen_pipelined.state_reg[0]/D
                            (rising edge-triggered cell FDRE clocked by clk_pl_0  {rise@0.000ns fall@2.667ns period=5.333ns})
  Path Group:             clk_pl_0
  Path Type:              Hold (Min at Slow Process Corner)
  Requirement:            0.000ns  (clk_pl_0 rise@0.000ns - clk_pl_0 rise@0.000ns)
  Data Path Delay:        0.177ns  (logic 0.080ns (45.229%)  route 0.097ns (54.771%))
  Logic Levels:           1  (LUT6=1)
  Clock Path Skew:        0.106ns (DCD - SCD - CPR)
    Destination Clock Delay (DCD):    2.550ns
    Source Clock Delay      (SCD):    2.242ns
    Clock Pessimism Removal (CPR):    0.203ns
  Clock Net Delay (Source):      2.074ns (routing 0.872ns, distribution 1.202ns)
  Clock Net Delay (Destination): 2.342ns (routing 0.960ns, distribution 1.382ns)

    Location             Delay type                Incr(ns)  Path(ns)    Netlist Resource(s)
  -------------------------------------------------------------------    -------------------
                         (clock clk_pl_0 rise edge)
                                                      0.000     0.000 r  
    PS8_X0Y0             PS8                          0.000     0.000 r  top_i/zynq_ps/inst/PS8_i/PLCLK[0]
                         net (fo=1, routed)           0.143     0.143    top_i/zynq_ps/inst/pl_clk_unbuffered[0]
    BUFG_PS_X0Y80        BUFG_PS (Prop_BUFG_PS_I_O)
                                                      0.025     0.168 r  top_i/zynq_ps/inst/buffer_pl_clk_0.PL_CLK_0_BUFG/O
    X2Y2 (CLOCK_ROOT)    net (fo=35948, routed)       2.074     2.242    top_i/smartconnect_0/inst/s01_entry_pipeline/s01_si_converter/inst/gen_normal.splitter_inst/gen_no_wsplitter.gen_endpoint_woffset.gen_wbypass_offset_fifo.wbypass_offset_fifo/aclk
    SLICE_X56Y64         FDRE                                         r  top_i/smartconnect_0/inst/s01_entry_pipeline/s01_si_converter/inst/gen_normal.splitter_inst/gen_no_wsplitter.gen_endpoint_woffset.gen_wbypass_offset_fifo.wbypass_offset_fifo/gen_pipelined.state_reg[1]/C
  -------------------------------------------------------------------    -------------------
    SLICE_X56Y64         FDRE (Prop_CFF_SLICEM_C_Q)
                                                      0.058     2.300 r  top_i/smartconnect_0/inst/s01_entry_pipeline/s01_si_converter/inst/gen_normal.splitter_inst/gen_no_wsplitter.gen_endpoint_woffset.gen_wbypass_offset_fifo.wbypass_offset_fifo/gen_pipelined.state_reg[1]/Q
                         net (fo=24, routed)          0.073     2.373    top_i/smartconnect_0/inst/s01_entry_pipeline/s01_si_converter/inst/gen_normal.splitter_inst/gen_no_wsplitter.gen_endpoint_woffset.gen_wbypass_offset_fifo.wbypass_offset_fifo/Q[0]
    SLICE_X55Y64         LUT6 (Prop_C6LUT_SLICEL_I1_O)
                                                      0.022     2.395 r  top_i/smartconnect_0/inst/s01_entry_pipeline/s01_si_converter/inst/gen_normal.splitter_inst/gen_no_wsplitter.gen_endpoint_woffset.gen_wbypass_offset_fifo.wbypass_offset_fifo/gen_pipelined.state[0]_i_1__3/O
                         net (fo=1, routed)           0.024     2.419    top_i/smartconnect_0/inst/s01_entry_pipeline/s01_si_converter/inst/gen_normal.splitter_inst/gen_no_wsplitter.gen_endpoint_woffset.gen_wbypass_offset_fifo.wbypass_offset_fifo/gen_pipelined.state[0]_i_1__3_n_0
    SLICE_X55Y64         FDRE                                         r  top_i/smartconnect_0/inst/s01_entry_pipeline/s01_si_converter/inst/gen_normal.splitter_inst/gen_no_wsplitter.gen_endpoint_woffset.gen_wbypass_offset_fifo.wbypass_offset_fifo/gen_pipelined.state_reg[0]/D
  -------------------------------------------------------------------    -------------------

                         (clock clk_pl_0 rise edge)
                                                      0.000     0.000 r  
    PS8_X0Y0             PS8                          0.000     0.000 r  top_i/zynq_ps/inst/PS8_i/PLCLK[0]
                         net (fo=1, routed)           0.180     0.180    top_i/zynq_ps/inst/pl_clk_unbuffered[0]
    BUFG_PS_X0Y80        BUFG_PS (Prop_BUFG_PS_I_O)
                                                      0.028     0.208 r  top_i/zynq_ps/inst/buffer_pl_clk_0.PL_CLK_0_BUFG/O
    X2Y2 (CLOCK_ROOT)    net (fo=35948, routed)       2.342     2.550    top_i/smartconnect_0/inst/s01_entry_pipeline/s01_si_converter/inst/gen_normal.splitter_inst/gen_no_wsplitter.gen_endpoint_woffset.gen_wbypass_offset_fifo.wbypass_offset_fifo/aclk
    SLICE_X55Y64         FDRE                                         r  top_i/smartconnect_0/inst/s01_entry_pipeline/s01_si_converter/inst/gen_normal.splitter_inst/gen_no_wsplitter.gen_endpoint_woffset.gen_wbypass_offset_fifo.wbypass_offset_fifo/gen_pipelined.state_reg[0]/C
                         clock pessimism             -0.203     2.347    
    SLICE_X55Y64         FDRE (Hold_CFF_SLICEL_C_D)
                                                      0.060     2.407    top_i/smartconnect_0/inst/s01_entry_pipeline/s01_si_converter/inst/gen_normal.splitter_inst/gen_no_wsplitter.gen_endpoint_woffset.gen_wbypass_offset_fifo.wbypass_offset_fifo/gen_pipelined.state_reg[0]
  -------------------------------------------------------------------
                         required time                         -2.407    
                         arrival time                           2.419    
  -------------------------------------------------------------------
                         slack                                  0.011    





Pulse Width Checks
--------------------------------------------------------------------------------------
Clock Name:         clk_pl_0
Waveform(ns):       { 0.000 2.667 }
Period(ns):         5.333
Sources:            { top_i/zynq_ps/inst/PS8_i/PLCLK[0] }

Check Type        Corner  Lib Pin             Reference Pin  Required(ns)  Actual(ns)  Slack(ns)  Location      Pin
Min Period        n/a     PS8/MAXIGP0ACLK     n/a            3.000         5.333       2.333      PS8_X0Y0      top_i/zynq_ps/inst/PS8_i/MAXIGP0ACLK
Min Period        n/a     PS8/SAXIGP2RCLK     n/a            3.000         5.333       2.333      PS8_X0Y0      top_i/zynq_ps/inst/PS8_i/SAXIGP2RCLK
Min Period        n/a     PS8/SAXIGP2WCLK     n/a            3.000         5.333       2.333      PS8_X0Y0      top_i/zynq_ps/inst/PS8_i/SAXIGP2WCLK
Min Period        n/a     RAMB36E2/CLKARDCLK  n/a            1.569         5.333       3.764      RAMB36_X2Y60  top_i/StreamingDataflowPartition_1/inst/StreamingDataflowPartition_1_MVAU_hls_1/StreamingDataflowPartition_1_MVAU_hls_1_wstrm/inst/core/mem/blkStage2.Mem_reg_0/CLKARDCLK
Min Period        n/a     RAMB36E2/CLKBWRCLK  n/a            1.569         5.333       3.764      RAMB36_X2Y60  top_i/StreamingDataflowPartition_1/inst/StreamingDataflowPartition_1_MVAU_hls_1/StreamingDataflowPartition_1_MVAU_hls_1_wstrm/inst/core/mem/blkStage2.Mem_reg_0/CLKBWRCLK
Min Period        n/a     RAMB36E2/CLKARDCLK  n/a            1.569         5.333       3.764      RAMB36_X2Y58  top_i/StreamingDataflowPartition_1/inst/StreamingDataflowPartition_1_MVAU_hls_1/StreamingDataflowPartition_1_MVAU_hls_1_wstrm/inst/core/mem/blkStage2.Mem_reg_1/CLKARDCLK
Min Period        n/a     RAMB36E2/CLKBWRCLK  n/a            1.569         5.333       3.764      RAMB36_X2Y58  top_i/StreamingDataflowPartition_1/inst/StreamingDataflowPartition_1_MVAU_hls_1/StreamingDataflowPartition_1_MVAU_hls_1_wstrm/inst/core/mem/blkStage2.Mem_reg_1/CLKBWRCLK
Min Period        n/a     RAMB36E2/CLKARDCLK  n/a            1.569         5.333       3.764      RAMB36_X2Y57  top_i/StreamingDataflowPartition_1/inst/StreamingDataflowPartition_1_MVAU_hls_1/StreamingDataflowPartition_1_MVAU_hls_1_wstrm/inst/core/mem/blkStage2.Mem_reg_2/CLKARDCLK
Min Period        n/a     RAMB36E2/CLKBWRCLK  n/a            1.569         5.333       3.764      RAMB36_X2Y57  top_i/StreamingDataflowPartition_1/inst/StreamingDataflowPartition_1_MVAU_hls_1/StreamingDataflowPartition_1_MVAU_hls_1_wstrm/inst/core/mem/blkStage2.Mem_reg_2/CLKBWRCLK
Min Period        n/a     RAMB36E2/CLKARDCLK  n/a            1.569         5.333       3.764      RAMB36_X2Y55  top_i/StreamingDataflowPartition_1/inst/StreamingDataflowPartition_1_MVAU_hls_1/StreamingDataflowPartition_1_MVAU_hls_1_wstrm/inst/core/mem/blkStage2.Mem_reg_3/CLKARDCLK
Low Pulse Width   Slow    PS8/MAXIGP0ACLK     n/a            1.500         2.667       1.167      PS8_X0Y0      top_i/zynq_ps/inst/PS8_i/MAXIGP0ACLK
Low Pulse Width   Fast    PS8/MAXIGP0ACLK     n/a            1.500         2.667       1.167      PS8_X0Y0      top_i/zynq_ps/inst/PS8_i/MAXIGP0ACLK
Low Pulse Width   Slow    PS8/SAXIGP2RCLK     n/a            1.500         2.667       1.167      PS8_X0Y0      top_i/zynq_ps/inst/PS8_i/SAXIGP2RCLK
Low Pulse Width   Fast    PS8/SAXIGP2RCLK     n/a            1.500         2.667       1.167      PS8_X0Y0      top_i/zynq_ps/inst/PS8_i/SAXIGP2RCLK
Low Pulse Width   Slow    PS8/SAXIGP2WCLK     n/a            1.500         2.667       1.167      PS8_X0Y0      top_i/zynq_ps/inst/PS8_i/SAXIGP2WCLK
Low Pulse Width   Fast    PS8/SAXIGP2WCLK     n/a            1.500         2.667       1.167      PS8_X0Y0      top_i/zynq_ps/inst/PS8_i/SAXIGP2WCLK
Low Pulse Width   Slow    RAMB36E2/CLKARDCLK  n/a            0.542         2.666       2.124      RAMB36_X2Y60  top_i/StreamingDataflowPartition_1/inst/StreamingDataflowPartition_1_MVAU_hls_1/StreamingDataflowPartition_1_MVAU_hls_1_wstrm/inst/core/mem/blkStage2.Mem_reg_0/CLKARDCLK
Low Pulse Width   Fast    RAMB36E2/CLKARDCLK  n/a            0.542         2.667       2.125      RAMB36_X2Y60  top_i/StreamingDataflowPartition_1/inst/StreamingDataflowPartition_1_MVAU_hls_1/StreamingDataflowPartition_1_MVAU_hls_1_wstrm/inst/core/mem/blkStage2.Mem_reg_0/CLKARDCLK
Low Pulse Width   Slow    RAMB36E2/CLKBWRCLK  n/a            0.542         2.666       2.124      RAMB36_X2Y60  top_i/StreamingDataflowPartition_1/inst/StreamingDataflowPartition_1_MVAU_hls_1/StreamingDataflowPartition_1_MVAU_hls_1_wstrm/inst/core/mem/blkStage2.Mem_reg_0/CLKBWRCLK
Low Pulse Width   Fast    RAMB36E2/CLKBWRCLK  n/a            0.542         2.667       2.125      RAMB36_X2Y60  top_i/StreamingDataflowPartition_1/inst/StreamingDataflowPartition_1_MVAU_hls_1/StreamingDataflowPartition_1_MVAU_hls_1_wstrm/inst/core/mem/blkStage2.Mem_reg_0/CLKBWRCLK
High Pulse Width  Slow    PS8/MAXIGP0ACLK     n/a            1.500         2.667       1.167      PS8_X0Y0      top_i/zynq_ps/inst/PS8_i/MAXIGP0ACLK
High Pulse Width  Fast    PS8/MAXIGP0ACLK     n/a            1.500         2.666       1.166      PS8_X0Y0      top_i/zynq_ps/inst/PS8_i/MAXIGP0ACLK
High Pulse Width  Slow    PS8/SAXIGP2RCLK     n/a            1.500         2.666       1.166      PS8_X0Y0      top_i/zynq_ps/inst/PS8_i/SAXIGP2RCLK
High Pulse Width  Fast    PS8/SAXIGP2RCLK     n/a            1.500         2.666       1.166      PS8_X0Y0      top_i/zynq_ps/inst/PS8_i/SAXIGP2RCLK
High Pulse Width  Slow    PS8/SAXIGP2WCLK     n/a            1.500         2.666       1.166      PS8_X0Y0      top_i/zynq_ps/inst/PS8_i/SAXIGP2WCLK
High Pulse Width  Fast    PS8/SAXIGP2WCLK     n/a            1.500         2.666       1.166      PS8_X0Y0      top_i/zynq_ps/inst/PS8_i/SAXIGP2WCLK
High Pulse Width  Slow    RAMB36E2/CLKARDCLK  n/a            0.542         2.667       2.125      RAMB36_X2Y60  top_i/StreamingDataflowPartition_1/inst/StreamingDataflowPartition_1_MVAU_hls_1/StreamingDataflowPartition_1_MVAU_hls_1_wstrm/inst/core/mem/blkStage2.Mem_reg_0/CLKARDCLK
High Pulse Width  Fast    RAMB36E2/CLKARDCLK  n/a            0.542         2.666       2.124      RAMB36_X2Y60  top_i/StreamingDataflowPartition_1/inst/StreamingDataflowPartition_1_MVAU_hls_1/StreamingDataflowPartition_1_MVAU_hls_1_wstrm/inst/core/mem/blkStage2.Mem_reg_0/CLKARDCLK
High Pulse Width  Slow    RAMB36E2/CLKBWRCLK  n/a            0.542         2.667       2.125      RAMB36_X2Y60  top_i/StreamingDataflowPartition_1/inst/StreamingDataflowPartition_1_MVAU_hls_1/StreamingDataflowPartition_1_MVAU_hls_1_wstrm/inst/core/mem/blkStage2.Mem_reg_0/CLKBWRCLK
High Pulse Width  Fast    RAMB36E2/CLKBWRCLK  n/a            0.542         2.666       2.124      RAMB36_X2Y60  top_i/StreamingDataflowPartition_1/inst/StreamingDataflowPartition_1_MVAU_hls_1/StreamingDataflowPartition_1_MVAU_hls_1_wstrm/inst/core/mem/blkStage2.Mem_reg_0/CLKBWRCLK



---------------------------------------------------------------------------------------------------
Path Group:  **async_default**
From Clock:  clk_pl_0
  To Clock:  clk_pl_0

Setup :            0  Failing Endpoints,  Worst Slack        3.801ns,  Total Violation        0.000ns
Hold  :            0  Failing Endpoints,  Worst Slack        0.138ns,  Total Violation        0.000ns
---------------------------------------------------------------------------------------------------


Max Delay Paths
--------------------------------------------------------------------------------------
Slack (MET) :             3.801ns  (required time - arrival time)
  Source:                 top_i/axi_interconnect_0/s00_couplers/auto_ds/inst/gen_downsizer.gen_simple_downsizer.axi_downsizer_inst/USE_WRITE.write_addr_inst/USE_B_CHANNEL.cmd_b_queue/inst/fifo_gen_inst/inst_fifo_gen/gconvfifo.rf/grf.rf/rstblk/ngwrdrst.grst.g7serrst.gnsckt_wrst.rst_wr_reg2_inst/arststages_ff_reg[1]/C
                            (rising edge-triggered cell FDPE clocked by clk_pl_0  {rise@0.000ns fall@2.667ns period=5.333ns})
  Destination:            top_i/axi_interconnect_0/s00_couplers/auto_ds/inst/gen_downsizer.gen_simple_downsizer.axi_downsizer_inst/USE_WRITE.write_addr_inst/USE_B_CHANNEL.cmd_b_queue/inst/fifo_gen_inst/inst_fifo_gen/gconvfifo.rf/grf.rf/gntv_or_sync_fifo.gl0.rd/rpntr/gc0.count_reg[1]/CLR
                            (recovery check against rising-edge clock clk_pl_0  {rise@0.000ns fall@2.667ns period=5.333ns})
  Path Group:             **async_default**
  Path Type:              Recovery (Max at Slow Process Corner)
  Requirement:            5.333ns  (clk_pl_0 rise@5.333ns - clk_pl_0 rise@0.000ns)
  Data Path Delay:        1.190ns  (logic 0.227ns (19.074%)  route 0.963ns (80.926%))
  Logic Levels:           1  (LUT3=1)
  Clock Path Skew:        -0.164ns (DCD - SCD + CPR)
    Destination Clock Delay (DCD):    2.227ns = ( 7.560 - 5.333 ) 
    Source Clock Delay      (SCD):    2.523ns
    Clock Pessimism Removal (CPR):    0.132ns
  Clock Uncertainty:      0.112ns  ((TSJ^2 + DJ^2)^1/2) / 2 + PE
    Total System Jitter     (TSJ):    0.071ns
    Discrete Jitter          (DJ):    0.213ns
    Phase Error              (PE):    0.000ns
  Clock Net Delay (Source):      2.315ns (routing 0.960ns, distribution 1.355ns)
  Clock Net Delay (Destination): 2.059ns (routing 0.872ns, distribution 1.187ns)

    Location             Delay type                Incr(ns)  Path(ns)    Netlist Resource(s)
  -------------------------------------------------------------------    -------------------
                         (clock clk_pl_0 rise edge)
                                                      0.000     0.000 r  
    PS8_X0Y0             PS8                          0.000     0.000 r  top_i/zynq_ps/inst/PS8_i/PLCLK[0]
                         net (fo=1, routed)           0.180     0.180    top_i/zynq_ps/inst/pl_clk_unbuffered[0]
    BUFG_PS_X0Y80        BUFG_PS (Prop_BUFG_PS_I_O)
                                                      0.028     0.208 r  top_i/zynq_ps/inst/buffer_pl_clk_0.PL_CLK_0_BUFG/O
    X2Y2 (CLOCK_ROOT)    net (fo=35948, routed)       2.315     2.523    top_i/axi_interconnect_0/s00_couplers/auto_ds/inst/gen_downsizer.gen_simple_downsizer.axi_downsizer_inst/USE_WRITE.write_addr_inst/USE_B_CHANNEL.cmd_b_queue/inst/fifo_gen_inst/inst_fifo_gen/gconvfifo.rf/grf.rf/rstblk/ngwrdrst.grst.g7serrst.gnsckt_wrst.rst_wr_reg2_inst/dest_clk
    SLICE_X49Y118        FDPE                                         r  top_i/axi_interconnect_0/s00_couplers/auto_ds/inst/gen_downsizer.gen_simple_downsizer.axi_downsizer_inst/USE_WRITE.write_addr_inst/USE_B_CHANNEL.cmd_b_queue/inst/fifo_gen_inst/inst_fifo_gen/gconvfifo.rf/grf.rf/rstblk/ngwrdrst.grst.g7serrst.gnsckt_wrst.rst_wr_reg2_inst/arststages_ff_reg[1]/C
  -------------------------------------------------------------------    -------------------
    SLICE_X49Y118        FDPE (Prop_EFF2_SLICEM_C_Q)
                                                      0.079     2.602 f  top_i/axi_interconnect_0/s00_couplers/auto_ds/inst/gen_downsizer.gen_simple_downsizer.axi_downsizer_inst/USE_WRITE.write_addr_inst/USE_B_CHANNEL.cmd_b_queue/inst/fifo_gen_inst/inst_fifo_gen/gconvfifo.rf/grf.rf/rstblk/ngwrdrst.grst.g7serrst.gnsckt_wrst.rst_wr_reg2_inst/arststages_ff_reg[1]/Q
                         net (fo=3, routed)           0.260     2.862    top_i/axi_interconnect_0/s00_couplers/auto_ds/inst/gen_downsizer.gen_simple_downsizer.axi_downsizer_inst/USE_WRITE.write_addr_inst/USE_B_CHANNEL.cmd_b_queue/inst/fifo_gen_inst/inst_fifo_gen/gconvfifo.rf/grf.rf/rstblk/ngwrdrst.rst_wr_reg2
    SLICE_X50Y117        LUT3 (Prop_F6LUT_SLICEM_I2_O)
                                                      0.148     3.010 f  top_i/axi_interconnect_0/s00_couplers/auto_ds/inst/gen_downsizer.gen_simple_downsizer.axi_downsizer_inst/USE_WRITE.write_addr_inst/USE_B_CHANNEL.cmd_b_queue/inst/fifo_gen_inst/inst_fifo_gen/gconvfifo.rf/grf.rf/rstblk/gpregsm1.curr_fwft_state[1]_i_2/O
                         net (fo=32, routed)          0.703     3.713    top_i/axi_interconnect_0/s00_couplers/auto_ds/inst/gen_downsizer.gen_simple_downsizer.axi_downsizer_inst/USE_WRITE.write_addr_inst/USE_B_CHANNEL.cmd_b_queue/inst/fifo_gen_inst/inst_fifo_gen/gconvfifo.rf/grf.rf/gntv_or_sync_fifo.gl0.rd/rpntr/gc0.count_d1_reg[4]_1
    SLICE_X53Y121        FDCE                                         f  top_i/axi_interconnect_0/s00_couplers/auto_ds/inst/gen_downsizer.gen_simple_downsizer.axi_downsizer_inst/USE_WRITE.write_addr_inst/USE_B_CHANNEL.cmd_b_queue/inst/fifo_gen_inst/inst_fifo_gen/gconvfifo.rf/grf.rf/gntv_or_sync_fifo.gl0.rd/rpntr/gc0.count_reg[1]/CLR
  -------------------------------------------------------------------    -------------------

                         (clock clk_pl_0 rise edge)
                                                      5.333     5.333 r  
    PS8_X0Y0             PS8                          0.000     5.333 r  top_i/zynq_ps/inst/PS8_i/PLCLK[0]
                         net (fo=1, routed)           0.143     5.476    top_i/zynq_ps/inst/pl_clk_unbuffered[0]
    BUFG_PS_X0Y80        BUFG_PS (Prop_BUFG_PS_I_O)
                                                      0.025     5.501 r  top_i/zynq_ps/inst/buffer_pl_clk_0.PL_CLK_0_BUFG/O
    X2Y2 (CLOCK_ROOT)    net (fo=35948, routed)       2.059     7.560    top_i/axi_interconnect_0/s00_couplers/auto_ds/inst/gen_downsizer.gen_simple_downsizer.axi_downsizer_inst/USE_WRITE.write_addr_inst/USE_B_CHANNEL.cmd_b_queue/inst/fifo_gen_inst/inst_fifo_gen/gconvfifo.rf/grf.rf/gntv_or_sync_fifo.gl0.rd/rpntr/clk
    SLICE_X53Y121        FDCE                                         r  top_i/axi_interconnect_0/s00_couplers/auto_ds/inst/gen_downsizer.gen_simple_downsizer.axi_downsizer_inst/USE_WRITE.write_addr_inst/USE_B_CHANNEL.cmd_b_queue/inst/fifo_gen_inst/inst_fifo_gen/gconvfifo.rf/grf.rf/gntv_or_sync_fifo.gl0.rd/rpntr/gc0.count_reg[1]/C
                         clock pessimism              0.132     7.692    
                         clock uncertainty           -0.112     7.580    
    SLICE_X53Y121        FDCE (Recov_DFF_SLICEM_C_CLR)
                                                     -0.066     7.514    top_i/axi_interconnect_0/s00_couplers/auto_ds/inst/gen_downsizer.gen_simple_downsizer.axi_downsizer_inst/USE_WRITE.write_addr_inst/USE_B_CHANNEL.cmd_b_queue/inst/fifo_gen_inst/inst_fifo_gen/gconvfifo.rf/grf.rf/gntv_or_sync_fifo.gl0.rd/rpntr/gc0.count_reg[1]
  -------------------------------------------------------------------
                         required time                          7.514    
                         arrival time                          -3.713    
  -------------------------------------------------------------------
                         slack                                  3.801    

Slack (MET) :             3.801ns  (required time - arrival time)
  Source:                 top_i/axi_interconnect_0/s00_couplers/auto_ds/inst/gen_downsizer.gen_simple_downsizer.axi_downsizer_inst/USE_WRITE.write_addr_inst/USE_B_CHANNEL.cmd_b_queue/inst/fifo_gen_inst/inst_fifo_gen/gconvfifo.rf/grf.rf/rstblk/ngwrdrst.grst.g7serrst.gnsckt_wrst.rst_wr_reg2_inst/arststages_ff_reg[1]/C
                            (rising edge-triggered cell FDPE clocked by clk_pl_0  {rise@0.000ns fall@2.667ns period=5.333ns})
  Destination:            top_i/axi_interconnect_0/s00_couplers/auto_ds/inst/gen_downsizer.gen_simple_downsizer.axi_downsizer_inst/USE_WRITE.write_addr_inst/USE_B_CHANNEL.cmd_b_queue/inst/fifo_gen_inst/inst_fifo_gen/gconvfifo.rf/grf.rf/gntv_or_sync_fifo.gl0.rd/rpntr/gc0.count_reg[2]/CLR
                            (recovery check against rising-edge clock clk_pl_0  {rise@0.000ns fall@2.667ns period=5.333ns})
  Path Group:             **async_default**
  Path Type:              Recovery (Max at Slow Process Corner)
  Requirement:            5.333ns  (clk_pl_0 rise@5.333ns - clk_pl_0 rise@0.000ns)
  Data Path Delay:        1.190ns  (logic 0.227ns (19.074%)  route 0.963ns (80.926%))
  Logic Levels:           1  (LUT3=1)
  Clock Path Skew:        -0.164ns (DCD - SCD + CPR)
    Destination Clock Delay (DCD):    2.227ns = ( 7.560 - 5.333 ) 
    Source Clock Delay      (SCD):    2.523ns
    Clock Pessimism Removal (CPR):    0.132ns
  Clock Uncertainty:      0.112ns  ((TSJ^2 + DJ^2)^1/2) / 2 + PE
    Total System Jitter     (TSJ):    0.071ns
    Discrete Jitter          (DJ):    0.213ns
    Phase Error              (PE):    0.000ns
  Clock Net Delay (Source):      2.315ns (routing 0.960ns, distribution 1.355ns)
  Clock Net Delay (Destination): 2.059ns (routing 0.872ns, distribution 1.187ns)

    Location             Delay type                Incr(ns)  Path(ns)    Netlist Resource(s)
  -------------------------------------------------------------------    -------------------
                         (clock clk_pl_0 rise edge)
                                                      0.000     0.000 r  
    PS8_X0Y0             PS8                          0.000     0.000 r  top_i/zynq_ps/inst/PS8_i/PLCLK[0]
                         net (fo=1, routed)           0.180     0.180    top_i/zynq_ps/inst/pl_clk_unbuffered[0]
    BUFG_PS_X0Y80        BUFG_PS (Prop_BUFG_PS_I_O)
                                                      0.028     0.208 r  top_i/zynq_ps/inst/buffer_pl_clk_0.PL_CLK_0_BUFG/O
    X2Y2 (CLOCK_ROOT)    net (fo=35948, routed)       2.315     2.523    top_i/axi_interconnect_0/s00_couplers/auto_ds/inst/gen_downsizer.gen_simple_downsizer.axi_downsizer_inst/USE_WRITE.write_addr_inst/USE_B_CHANNEL.cmd_b_queue/inst/fifo_gen_inst/inst_fifo_gen/gconvfifo.rf/grf.rf/rstblk/ngwrdrst.grst.g7serrst.gnsckt_wrst.rst_wr_reg2_inst/dest_clk
    SLICE_X49Y118        FDPE                                         r  top_i/axi_interconnect_0/s00_couplers/auto_ds/inst/gen_downsizer.gen_simple_downsizer.axi_downsizer_inst/USE_WRITE.write_addr_inst/USE_B_CHANNEL.cmd_b_queue/inst/fifo_gen_inst/inst_fifo_gen/gconvfifo.rf/grf.rf/rstblk/ngwrdrst.grst.g7serrst.gnsckt_wrst.rst_wr_reg2_inst/arststages_ff_reg[1]/C
  -------------------------------------------------------------------    -------------------
    SLICE_X49Y118        FDPE (Prop_EFF2_SLICEM_C_Q)
                                                      0.079     2.602 f  top_i/axi_interconnect_0/s00_couplers/auto_ds/inst/gen_downsizer.gen_simple_downsizer.axi_downsizer_inst/USE_WRITE.write_addr_inst/USE_B_CHANNEL.cmd_b_queue/inst/fifo_gen_inst/inst_fifo_gen/gconvfifo.rf/grf.rf/rstblk/ngwrdrst.grst.g7serrst.gnsckt_wrst.rst_wr_reg2_inst/arststages_ff_reg[1]/Q
                         net (fo=3, routed)           0.260     2.862    top_i/axi_interconnect_0/s00_couplers/auto_ds/inst/gen_downsizer.gen_simple_downsizer.axi_downsizer_inst/USE_WRITE.write_addr_inst/USE_B_CHANNEL.cmd_b_queue/inst/fifo_gen_inst/inst_fifo_gen/gconvfifo.rf/grf.rf/rstblk/ngwrdrst.rst_wr_reg2
    SLICE_X50Y117        LUT3 (Prop_F6LUT_SLICEM_I2_O)
                                                      0.148     3.010 f  top_i/axi_interconnect_0/s00_couplers/auto_ds/inst/gen_downsizer.gen_simple_downsizer.axi_downsizer_inst/USE_WRITE.write_addr_inst/USE_B_CHANNEL.cmd_b_queue/inst/fifo_gen_inst/inst_fifo_gen/gconvfifo.rf/grf.rf/rstblk/gpregsm1.curr_fwft_state[1]_i_2/O
                         net (fo=32, routed)          0.703     3.713    top_i/axi_interconnect_0/s00_couplers/auto_ds/inst/gen_downsizer.gen_simple_downsizer.axi_downsizer_inst/USE_WRITE.write_addr_inst/USE_B_CHANNEL.cmd_b_queue/inst/fifo_gen_inst/inst_fifo_gen/gconvfifo.rf/grf.rf/gntv_or_sync_fifo.gl0.rd/rpntr/gc0.count_d1_reg[4]_1
    SLICE_X53Y121        FDCE                                         f  top_i/axi_interconnect_0/s00_couplers/auto_ds/inst/gen_downsizer.gen_simple_downsizer.axi_downsizer_inst/USE_WRITE.write_addr_inst/USE_B_CHANNEL.cmd_b_queue/inst/fifo_gen_inst/inst_fifo_gen/gconvfifo.rf/grf.rf/gntv_or_sync_fifo.gl0.rd/rpntr/gc0.count_reg[2]/CLR
  -------------------------------------------------------------------    -------------------

                         (clock clk_pl_0 rise edge)
                                                      5.333     5.333 r  
    PS8_X0Y0             PS8                          0.000     5.333 r  top_i/zynq_ps/inst/PS8_i/PLCLK[0]
                         net (fo=1, routed)           0.143     5.476    top_i/zynq_ps/inst/pl_clk_unbuffered[0]
    BUFG_PS_X0Y80        BUFG_PS (Prop_BUFG_PS_I_O)
                                                      0.025     5.501 r  top_i/zynq_ps/inst/buffer_pl_clk_0.PL_CLK_0_BUFG/O
    X2Y2 (CLOCK_ROOT)    net (fo=35948, routed)       2.059     7.560    top_i/axi_interconnect_0/s00_couplers/auto_ds/inst/gen_downsizer.gen_simple_downsizer.axi_downsizer_inst/USE_WRITE.write_addr_inst/USE_B_CHANNEL.cmd_b_queue/inst/fifo_gen_inst/inst_fifo_gen/gconvfifo.rf/grf.rf/gntv_or_sync_fifo.gl0.rd/rpntr/clk
    SLICE_X53Y121        FDCE                                         r  top_i/axi_interconnect_0/s00_couplers/auto_ds/inst/gen_downsizer.gen_simple_downsizer.axi_downsizer_inst/USE_WRITE.write_addr_inst/USE_B_CHANNEL.cmd_b_queue/inst/fifo_gen_inst/inst_fifo_gen/gconvfifo.rf/grf.rf/gntv_or_sync_fifo.gl0.rd/rpntr/gc0.count_reg[2]/C
                         clock pessimism              0.132     7.692    
                         clock uncertainty           -0.112     7.580    
    SLICE_X53Y121        FDCE (Recov_DFF2_SLICEM_C_CLR)
                                                     -0.066     7.514    top_i/axi_interconnect_0/s00_couplers/auto_ds/inst/gen_downsizer.gen_simple_downsizer.axi_downsizer_inst/USE_WRITE.write_addr_inst/USE_B_CHANNEL.cmd_b_queue/inst/fifo_gen_inst/inst_fifo_gen/gconvfifo.rf/grf.rf/gntv_or_sync_fifo.gl0.rd/rpntr/gc0.count_reg[2]
  -------------------------------------------------------------------
                         required time                          7.514    
                         arrival time                          -3.713    
  -------------------------------------------------------------------
                         slack                                  3.801    

Slack (MET) :             3.843ns  (required time - arrival time)
  Source:                 top_i/axi_interconnect_0/s00_couplers/auto_ds/inst/gen_downsizer.gen_simple_downsizer.axi_downsizer_inst/USE_WRITE.write_addr_inst/USE_B_CHANNEL.cmd_b_queue/inst/fifo_gen_inst/inst_fifo_gen/gconvfifo.rf/grf.rf/rstblk/ngwrdrst.grst.g7serrst.gnsckt_wrst.rst_wr_reg2_inst/arststages_ff_reg[1]/C
                            (rising edge-triggered cell FDPE clocked by clk_pl_0  {rise@0.000ns fall@2.667ns period=5.333ns})
  Destination:            top_i/axi_interconnect_0/s00_couplers/auto_ds/inst/gen_downsizer.gen_simple_downsizer.axi_downsizer_inst/USE_WRITE.write_addr_inst/USE_B_CHANNEL.cmd_b_queue/inst/fifo_gen_inst/inst_fifo_gen/gconvfifo.rf/grf.rf/gntv_or_sync_fifo.gl0.wr/wpntr/gcc0.gc0.count_reg[0]/PRE
                            (recovery check against rising-edge clock clk_pl_0  {rise@0.000ns fall@2.667ns period=5.333ns})
  Path Group:             **async_default**
  Path Type:              Recovery (Max at Slow Process Corner)
  Requirement:            5.333ns  (clk_pl_0 rise@5.333ns - clk_pl_0 rise@0.000ns)
  Data Path Delay:        1.145ns  (logic 0.227ns (19.831%)  route 0.918ns (80.169%))
  Logic Levels:           1  (LUT3=1)
  Clock Path Skew:        -0.167ns (DCD - SCD + CPR)
    Destination Clock Delay (DCD):    2.224ns = ( 7.557 - 5.333 ) 
    Source Clock Delay      (SCD):    2.523ns
    Clock Pessimism Removal (CPR):    0.132ns
  Clock Uncertainty:      0.112ns  ((TSJ^2 + DJ^2)^1/2) / 2 + PE
    Total System Jitter     (TSJ):    0.071ns
    Discrete Jitter          (DJ):    0.213ns
    Phase Error              (PE):    0.000ns
  Clock Net Delay (Source):      2.315ns (routing 0.960ns, distribution 1.355ns)
  Clock Net Delay (Destination): 2.056ns (routing 0.872ns, distribution 1.184ns)

    Location             Delay type                Incr(ns)  Path(ns)    Netlist Resource(s)
  -------------------------------------------------------------------    -------------------
                         (clock clk_pl_0 rise edge)
                                                      0.000     0.000 r  
    PS8_X0Y0             PS8                          0.000     0.000 r  top_i/zynq_ps/inst/PS8_i/PLCLK[0]
                         net (fo=1, routed)           0.180     0.180    top_i/zynq_ps/inst/pl_clk_unbuffered[0]
    BUFG_PS_X0Y80        BUFG_PS (Prop_BUFG_PS_I_O)
                                                      0.028     0.208 r  top_i/zynq_ps/inst/buffer_pl_clk_0.PL_CLK_0_BUFG/O
    X2Y2 (CLOCK_ROOT)    net (fo=35948, routed)       2.315     2.523    top_i/axi_interconnect_0/s00_couplers/auto_ds/inst/gen_downsizer.gen_simple_downsizer.axi_downsizer_inst/USE_WRITE.write_addr_inst/USE_B_CHANNEL.cmd_b_queue/inst/fifo_gen_inst/inst_fifo_gen/gconvfifo.rf/grf.rf/rstblk/ngwrdrst.grst.g7serrst.gnsckt_wrst.rst_wr_reg2_inst/dest_clk
    SLICE_X49Y118        FDPE                                         r  top_i/axi_interconnect_0/s00_couplers/auto_ds/inst/gen_downsizer.gen_simple_downsizer.axi_downsizer_inst/USE_WRITE.write_addr_inst/USE_B_CHANNEL.cmd_b_queue/inst/fifo_gen_inst/inst_fifo_gen/gconvfifo.rf/grf.rf/rstblk/ngwrdrst.grst.g7serrst.gnsckt_wrst.rst_wr_reg2_inst/arststages_ff_reg[1]/C
  -------------------------------------------------------------------    -------------------
    SLICE_X49Y118        FDPE (Prop_EFF2_SLICEM_C_Q)
                                                      0.079     2.602 f  top_i/axi_interconnect_0/s00_couplers/auto_ds/inst/gen_downsizer.gen_simple_downsizer.axi_downsizer_inst/USE_WRITE.write_addr_inst/USE_B_CHANNEL.cmd_b_queue/inst/fifo_gen_inst/inst_fifo_gen/gconvfifo.rf/grf.rf/rstblk/ngwrdrst.grst.g7serrst.gnsckt_wrst.rst_wr_reg2_inst/arststages_ff_reg[1]/Q
                         net (fo=3, routed)           0.260     2.862    top_i/axi_interconnect_0/s00_couplers/auto_ds/inst/gen_downsizer.gen_simple_downsizer.axi_downsizer_inst/USE_WRITE.write_addr_inst/USE_B_CHANNEL.cmd_b_queue/inst/fifo_gen_inst/inst_fifo_gen/gconvfifo.rf/grf.rf/rstblk/ngwrdrst.rst_wr_reg2
    SLICE_X50Y117        LUT3 (Prop_F6LUT_SLICEM_I2_O)
                                                      0.148     3.010 f  top_i/axi_interconnect_0/s00_couplers/auto_ds/inst/gen_downsizer.gen_simple_downsizer.axi_downsizer_inst/USE_WRITE.write_addr_inst/USE_B_CHANNEL.cmd_b_queue/inst/fifo_gen_inst/inst_fifo_gen/gconvfifo.rf/grf.rf/rstblk/gpregsm1.curr_fwft_state[1]_i_2/O
                         net (fo=32, routed)          0.658     3.668    top_i/axi_interconnect_0/s00_couplers/auto_ds/inst/gen_downsizer.gen_simple_downsizer.axi_downsizer_inst/USE_WRITE.write_addr_inst/USE_B_CHANNEL.cmd_b_queue/inst/fifo_gen_inst/inst_fifo_gen/gconvfifo.rf/grf.rf/gntv_or_sync_fifo.gl0.wr/wpntr/AR[0]
    SLICE_X52Y122        FDPE                                         f  top_i/axi_interconnect_0/s00_couplers/auto_ds/inst/gen_downsizer.gen_simple_downsizer.axi_downsizer_inst/USE_WRITE.write_addr_inst/USE_B_CHANNEL.cmd_b_queue/inst/fifo_gen_inst/inst_fifo_gen/gconvfifo.rf/grf.rf/gntv_or_sync_fifo.gl0.wr/wpntr/gcc0.gc0.count_reg[0]/PRE
  -------------------------------------------------------------------    -------------------

                         (clock clk_pl_0 rise edge)
                                                      5.333     5.333 r  
    PS8_X0Y0             PS8                          0.000     5.333 r  top_i/zynq_ps/inst/PS8_i/PLCLK[0]
                         net (fo=1, routed)           0.143     5.476    top_i/zynq_ps/inst/pl_clk_unbuffered[0]
    BUFG_PS_X0Y80        BUFG_PS (Prop_BUFG_PS_I_O)
                                                      0.025     5.501 r  top_i/zynq_ps/inst/buffer_pl_clk_0.PL_CLK_0_BUFG/O
    X2Y2 (CLOCK_ROOT)    net (fo=35948, routed)       2.056     7.557    top_i/axi_interconnect_0/s00_couplers/auto_ds/inst/gen_downsizer.gen_simple_downsizer.axi_downsizer_inst/USE_WRITE.write_addr_inst/USE_B_CHANNEL.cmd_b_queue/inst/fifo_gen_inst/inst_fifo_gen/gconvfifo.rf/grf.rf/gntv_or_sync_fifo.gl0.wr/wpntr/clk
    SLICE_X52Y122        FDPE                                         r  top_i/axi_interconnect_0/s00_couplers/auto_ds/inst/gen_downsizer.gen_simple_downsizer.axi_downsizer_inst/USE_WRITE.write_addr_inst/USE_B_CHANNEL.cmd_b_queue/inst/fifo_gen_inst/inst_fifo_gen/gconvfifo.rf/grf.rf/gntv_or_sync_fifo.gl0.wr/wpntr/gcc0.gc0.count_reg[0]/C
                         clock pessimism              0.132     7.689    
                         clock uncertainty           -0.112     7.577    
    SLICE_X52Y122        FDPE (Recov_BFF2_SLICEL_C_PRE)
                                                     -0.066     7.511    top_i/axi_interconnect_0/s00_couplers/auto_ds/inst/gen_downsizer.gen_simple_downsizer.axi_downsizer_inst/USE_WRITE.write_addr_inst/USE_B_CHANNEL.cmd_b_queue/inst/fifo_gen_inst/inst_fifo_gen/gconvfifo.rf/grf.rf/gntv_or_sync_fifo.gl0.wr/wpntr/gcc0.gc0.count_reg[0]
  -------------------------------------------------------------------
                         required time                          7.511    
                         arrival time                          -3.668    
  -------------------------------------------------------------------
                         slack                                  3.843    

Slack (MET) :             3.843ns  (required time - arrival time)
  Source:                 top_i/axi_interconnect_0/s00_couplers/auto_ds/inst/gen_downsizer.gen_simple_downsizer.axi_downsizer_inst/USE_WRITE.write_addr_inst/USE_B_CHANNEL.cmd_b_queue/inst/fifo_gen_inst/inst_fifo_gen/gconvfifo.rf/grf.rf/rstblk/ngwrdrst.grst.g7serrst.gnsckt_wrst.rst_wr_reg2_inst/arststages_ff_reg[1]/C
                            (rising edge-triggered cell FDPE clocked by clk_pl_0  {rise@0.000ns fall@2.667ns period=5.333ns})
  Destination:            top_i/axi_interconnect_0/s00_couplers/auto_ds/inst/gen_downsizer.gen_simple_downsizer.axi_downsizer_inst/USE_WRITE.write_addr_inst/USE_B_CHANNEL.cmd_b_queue/inst/fifo_gen_inst/inst_fifo_gen/gconvfifo.rf/grf.rf/gntv_or_sync_fifo.gl0.wr/wpntr/gcc0.gc0.count_reg[2]/CLR
                            (recovery check against rising-edge clock clk_pl_0  {rise@0.000ns fall@2.667ns period=5.333ns})
  Path Group:             **async_default**
  Path Type:              Recovery (Max at Slow Process Corner)
  Requirement:            5.333ns  (clk_pl_0 rise@5.333ns - clk_pl_0 rise@0.000ns)
  Data Path Delay:        1.145ns  (logic 0.227ns (19.831%)  route 0.918ns (80.169%))
  Logic Levels:           1  (LUT3=1)
  Clock Path Skew:        -0.167ns (DCD - SCD + CPR)
    Destination Clock Delay (DCD):    2.224ns = ( 7.557 - 5.333 ) 
    Source Clock Delay      (SCD):    2.523ns
    Clock Pessimism Removal (CPR):    0.132ns
  Clock Uncertainty:      0.112ns  ((TSJ^2 + DJ^2)^1/2) / 2 + PE
    Total System Jitter     (TSJ):    0.071ns
    Discrete Jitter          (DJ):    0.213ns
    Phase Error              (PE):    0.000ns
  Clock Net Delay (Source):      2.315ns (routing 0.960ns, distribution 1.355ns)
  Clock Net Delay (Destination): 2.056ns (routing 0.872ns, distribution 1.184ns)

    Location             Delay type                Incr(ns)  Path(ns)    Netlist Resource(s)
  -------------------------------------------------------------------    -------------------
                         (clock clk_pl_0 rise edge)
                                                      0.000     0.000 r  
    PS8_X0Y0             PS8                          0.000     0.000 r  top_i/zynq_ps/inst/PS8_i/PLCLK[0]
                         net (fo=1, routed)           0.180     0.180    top_i/zynq_ps/inst/pl_clk_unbuffered[0]
    BUFG_PS_X0Y80        BUFG_PS (Prop_BUFG_PS_I_O)
                                                      0.028     0.208 r  top_i/zynq_ps/inst/buffer_pl_clk_0.PL_CLK_0_BUFG/O
    X2Y2 (CLOCK_ROOT)    net (fo=35948, routed)       2.315     2.523    top_i/axi_interconnect_0/s00_couplers/auto_ds/inst/gen_downsizer.gen_simple_downsizer.axi_downsizer_inst/USE_WRITE.write_addr_inst/USE_B_CHANNEL.cmd_b_queue/inst/fifo_gen_inst/inst_fifo_gen/gconvfifo.rf/grf.rf/rstblk/ngwrdrst.grst.g7serrst.gnsckt_wrst.rst_wr_reg2_inst/dest_clk
    SLICE_X49Y118        FDPE                                         r  top_i/axi_interconnect_0/s00_couplers/auto_ds/inst/gen_downsizer.gen_simple_downsizer.axi_downsizer_inst/USE_WRITE.write_addr_inst/USE_B_CHANNEL.cmd_b_queue/inst/fifo_gen_inst/inst_fifo_gen/gconvfifo.rf/grf.rf/rstblk/ngwrdrst.grst.g7serrst.gnsckt_wrst.rst_wr_reg2_inst/arststages_ff_reg[1]/C
  -------------------------------------------------------------------    -------------------
    SLICE_X49Y118        FDPE (Prop_EFF2_SLICEM_C_Q)
                                                      0.079     2.602 f  top_i/axi_interconnect_0/s00_couplers/auto_ds/inst/gen_downsizer.gen_simple_downsizer.axi_downsizer_inst/USE_WRITE.write_addr_inst/USE_B_CHANNEL.cmd_b_queue/inst/fifo_gen_inst/inst_fifo_gen/gconvfifo.rf/grf.rf/rstblk/ngwrdrst.grst.g7serrst.gnsckt_wrst.rst_wr_reg2_inst/arststages_ff_reg[1]/Q
                         net (fo=3, routed)           0.260     2.862    top_i/axi_interconnect_0/s00_couplers/auto_ds/inst/gen_downsizer.gen_simple_downsizer.axi_downsizer_inst/USE_WRITE.write_addr_inst/USE_B_CHANNEL.cmd_b_queue/inst/fifo_gen_inst/inst_fifo_gen/gconvfifo.rf/grf.rf/rstblk/ngwrdrst.rst_wr_reg2
    SLICE_X50Y117        LUT3 (Prop_F6LUT_SLICEM_I2_O)
                                                      0.148     3.010 f  top_i/axi_interconnect_0/s00_couplers/auto_ds/inst/gen_downsizer.gen_simple_downsizer.axi_downsizer_inst/USE_WRITE.write_addr_inst/USE_B_CHANNEL.cmd_b_queue/inst/fifo_gen_inst/inst_fifo_gen/gconvfifo.rf/grf.rf/rstblk/gpregsm1.curr_fwft_state[1]_i_2/O
                         net (fo=32, routed)          0.658     3.668    top_i/axi_interconnect_0/s00_couplers/auto_ds/inst/gen_downsizer.gen_simple_downsizer.axi_downsizer_inst/USE_WRITE.write_addr_inst/USE_B_CHANNEL.cmd_b_queue/inst/fifo_gen_inst/inst_fifo_gen/gconvfifo.rf/grf.rf/gntv_or_sync_fifo.gl0.wr/wpntr/AR[0]
    SLICE_X52Y122        FDCE                                         f  top_i/axi_interconnect_0/s00_couplers/auto_ds/inst/gen_downsizer.gen_simple_downsizer.axi_downsizer_inst/USE_WRITE.write_addr_inst/USE_B_CHANNEL.cmd_b_queue/inst/fifo_gen_inst/inst_fifo_gen/gconvfifo.rf/grf.rf/gntv_or_sync_fifo.gl0.wr/wpntr/gcc0.gc0.count_reg[2]/CLR
  -------------------------------------------------------------------    -------------------

                         (clock clk_pl_0 rise edge)
                                                      5.333     5.333 r  
    PS8_X0Y0             PS8                          0.000     5.333 r  top_i/zynq_ps/inst/PS8_i/PLCLK[0]
                         net (fo=1, routed)           0.143     5.476    top_i/zynq_ps/inst/pl_clk_unbuffered[0]
    BUFG_PS_X0Y80        BUFG_PS (Prop_BUFG_PS_I_O)
                                                      0.025     5.501 r  top_i/zynq_ps/inst/buffer_pl_clk_0.PL_CLK_0_BUFG/O
    X2Y2 (CLOCK_ROOT)    net (fo=35948, routed)       2.056     7.557    top_i/axi_interconnect_0/s00_couplers/auto_ds/inst/gen_downsizer.gen_simple_downsizer.axi_downsizer_inst/USE_WRITE.write_addr_inst/USE_B_CHANNEL.cmd_b_queue/inst/fifo_gen_inst/inst_fifo_gen/gconvfifo.rf/grf.rf/gntv_or_sync_fifo.gl0.wr/wpntr/clk
    SLICE_X52Y122        FDCE                                         r  top_i/axi_interconnect_0/s00_couplers/auto_ds/inst/gen_downsizer.gen_simple_downsizer.axi_downsizer_inst/USE_WRITE.write_addr_inst/USE_B_CHANNEL.cmd_b_queue/inst/fifo_gen_inst/inst_fifo_gen/gconvfifo.rf/grf.rf/gntv_or_sync_fifo.gl0.wr/wpntr/gcc0.gc0.count_reg[2]/C
                         clock pessimism              0.132     7.689    
                         clock uncertainty           -0.112     7.577    
    SLICE_X52Y122        FDCE (Recov_AFF2_SLICEL_C_CLR)
                                                     -0.066     7.511    top_i/axi_interconnect_0/s00_couplers/auto_ds/inst/gen_downsizer.gen_simple_downsizer.axi_downsizer_inst/USE_WRITE.write_addr_inst/USE_B_CHANNEL.cmd_b_queue/inst/fifo_gen_inst/inst_fifo_gen/gconvfifo.rf/grf.rf/gntv_or_sync_fifo.gl0.wr/wpntr/gcc0.gc0.count_reg[2]
  -------------------------------------------------------------------
                         required time                          7.511    
                         arrival time                          -3.668    
  -------------------------------------------------------------------
                         slack                                  3.843    

Slack (MET) :             3.843ns  (required time - arrival time)
  Source:                 top_i/axi_interconnect_0/s00_couplers/auto_ds/inst/gen_downsizer.gen_simple_downsizer.axi_downsizer_inst/USE_WRITE.write_addr_inst/USE_B_CHANNEL.cmd_b_queue/inst/fifo_gen_inst/inst_fifo_gen/gconvfifo.rf/grf.rf/rstblk/ngwrdrst.grst.g7serrst.gnsckt_wrst.rst_wr_reg2_inst/arststages_ff_reg[1]/C
                            (rising edge-triggered cell FDPE clocked by clk_pl_0  {rise@0.000ns fall@2.667ns period=5.333ns})
  Destination:            top_i/axi_interconnect_0/s00_couplers/auto_ds/inst/gen_downsizer.gen_simple_downsizer.axi_downsizer_inst/USE_WRITE.write_addr_inst/USE_B_CHANNEL.cmd_b_queue/inst/fifo_gen_inst/inst_fifo_gen/gconvfifo.rf/grf.rf/gntv_or_sync_fifo.gl0.wr/wpntr/gcc0.gc0.count_reg[3]/CLR
                            (recovery check against rising-edge clock clk_pl_0  {rise@0.000ns fall@2.667ns period=5.333ns})
  Path Group:             **async_default**
  Path Type:              Recovery (Max at Slow Process Corner)
  Requirement:            5.333ns  (clk_pl_0 rise@5.333ns - clk_pl_0 rise@0.000ns)
  Data Path Delay:        1.145ns  (logic 0.227ns (19.831%)  route 0.918ns (80.169%))
  Logic Levels:           1  (LUT3=1)
  Clock Path Skew:        -0.167ns (DCD - SCD + CPR)
    Destination Clock Delay (DCD):    2.224ns = ( 7.557 - 5.333 ) 
    Source Clock Delay      (SCD):    2.523ns
    Clock Pessimism Removal (CPR):    0.132ns
  Clock Uncertainty:      0.112ns  ((TSJ^2 + DJ^2)^1/2) / 2 + PE
    Total System Jitter     (TSJ):    0.071ns
    Discrete Jitter          (DJ):    0.213ns
    Phase Error              (PE):    0.000ns
  Clock Net Delay (Source):      2.315ns (routing 0.960ns, distribution 1.355ns)
  Clock Net Delay (Destination): 2.056ns (routing 0.872ns, distribution 1.184ns)

    Location             Delay type                Incr(ns)  Path(ns)    Netlist Resource(s)
  -------------------------------------------------------------------    -------------------
                         (clock clk_pl_0 rise edge)
                                                      0.000     0.000 r  
    PS8_X0Y0             PS8                          0.000     0.000 r  top_i/zynq_ps/inst/PS8_i/PLCLK[0]
                         net (fo=1, routed)           0.180     0.180    top_i/zynq_ps/inst/pl_clk_unbuffered[0]
    BUFG_PS_X0Y80        BUFG_PS (Prop_BUFG_PS_I_O)
                                                      0.028     0.208 r  top_i/zynq_ps/inst/buffer_pl_clk_0.PL_CLK_0_BUFG/O
    X2Y2 (CLOCK_ROOT)    net (fo=35948, routed)       2.315     2.523    top_i/axi_interconnect_0/s00_couplers/auto_ds/inst/gen_downsizer.gen_simple_downsizer.axi_downsizer_inst/USE_WRITE.write_addr_inst/USE_B_CHANNEL.cmd_b_queue/inst/fifo_gen_inst/inst_fifo_gen/gconvfifo.rf/grf.rf/rstblk/ngwrdrst.grst.g7serrst.gnsckt_wrst.rst_wr_reg2_inst/dest_clk
    SLICE_X49Y118        FDPE                                         r  top_i/axi_interconnect_0/s00_couplers/auto_ds/inst/gen_downsizer.gen_simple_downsizer.axi_downsizer_inst/USE_WRITE.write_addr_inst/USE_B_CHANNEL.cmd_b_queue/inst/fifo_gen_inst/inst_fifo_gen/gconvfifo.rf/grf.rf/rstblk/ngwrdrst.grst.g7serrst.gnsckt_wrst.rst_wr_reg2_inst/arststages_ff_reg[1]/C
  -------------------------------------------------------------------    -------------------
    SLICE_X49Y118        FDPE (Prop_EFF2_SLICEM_C_Q)
                                                      0.079     2.602 f  top_i/axi_interconnect_0/s00_couplers/auto_ds/inst/gen_downsizer.gen_simple_downsizer.axi_downsizer_inst/USE_WRITE.write_addr_inst/USE_B_CHANNEL.cmd_b_queue/inst/fifo_gen_inst/inst_fifo_gen/gconvfifo.rf/grf.rf/rstblk/ngwrdrst.grst.g7serrst.gnsckt_wrst.rst_wr_reg2_inst/arststages_ff_reg[1]/Q
                         net (fo=3, routed)           0.260     2.862    top_i/axi_interconnect_0/s00_couplers/auto_ds/inst/gen_downsizer.gen_simple_downsizer.axi_downsizer_inst/USE_WRITE.write_addr_inst/USE_B_CHANNEL.cmd_b_queue/inst/fifo_gen_inst/inst_fifo_gen/gconvfifo.rf/grf.rf/rstblk/ngwrdrst.rst_wr_reg2
    SLICE_X50Y117        LUT3 (Prop_F6LUT_SLICEM_I2_O)
                                                      0.148     3.010 f  top_i/axi_interconnect_0/s00_couplers/auto_ds/inst/gen_downsizer.gen_simple_downsizer.axi_downsizer_inst/USE_WRITE.write_addr_inst/USE_B_CHANNEL.cmd_b_queue/inst/fifo_gen_inst/inst_fifo_gen/gconvfifo.rf/grf.rf/rstblk/gpregsm1.curr_fwft_state[1]_i_2/O
                         net (fo=32, routed)          0.658     3.668    top_i/axi_interconnect_0/s00_couplers/auto_ds/inst/gen_downsizer.gen_simple_downsizer.axi_downsizer_inst/USE_WRITE.write_addr_inst/USE_B_CHANNEL.cmd_b_queue/inst/fifo_gen_inst/inst_fifo_gen/gconvfifo.rf/grf.rf/gntv_or_sync_fifo.gl0.wr/wpntr/AR[0]
    SLICE_X52Y122        FDCE                                         f  top_i/axi_interconnect_0/s00_couplers/auto_ds/inst/gen_downsizer.gen_simple_downsizer.axi_downsizer_inst/USE_WRITE.write_addr_inst/USE_B_CHANNEL.cmd_b_queue/inst/fifo_gen_inst/inst_fifo_gen/gconvfifo.rf/grf.rf/gntv_or_sync_fifo.gl0.wr/wpntr/gcc0.gc0.count_reg[3]/CLR
  -------------------------------------------------------------------    -------------------

                         (clock clk_pl_0 rise edge)
                                                      5.333     5.333 r  
    PS8_X0Y0             PS8                          0.000     5.333 r  top_i/zynq_ps/inst/PS8_i/PLCLK[0]
                         net (fo=1, routed)           0.143     5.476    top_i/zynq_ps/inst/pl_clk_unbuffered[0]
    BUFG_PS_X0Y80        BUFG_PS (Prop_BUFG_PS_I_O)
                                                      0.025     5.501 r  top_i/zynq_ps/inst/buffer_pl_clk_0.PL_CLK_0_BUFG/O
    X2Y2 (CLOCK_ROOT)    net (fo=35948, routed)       2.056     7.557    top_i/axi_interconnect_0/s00_couplers/auto_ds/inst/gen_downsizer.gen_simple_downsizer.axi_downsizer_inst/USE_WRITE.write_addr_inst/USE_B_CHANNEL.cmd_b_queue/inst/fifo_gen_inst/inst_fifo_gen/gconvfifo.rf/grf.rf/gntv_or_sync_fifo.gl0.wr/wpntr/clk
    SLICE_X52Y122        FDCE                                         r  top_i/axi_interconnect_0/s00_couplers/auto_ds/inst/gen_downsizer.gen_simple_downsizer.axi_downsizer_inst/USE_WRITE.write_addr_inst/USE_B_CHANNEL.cmd_b_queue/inst/fifo_gen_inst/inst_fifo_gen/gconvfifo.rf/grf.rf/gntv_or_sync_fifo.gl0.wr/wpntr/gcc0.gc0.count_reg[3]/C
                         clock pessimism              0.132     7.689    
                         clock uncertainty           -0.112     7.577    
    SLICE_X52Y122        FDCE (Recov_CFF_SLICEL_C_CLR)
                                                     -0.066     7.511    top_i/axi_interconnect_0/s00_couplers/auto_ds/inst/gen_downsizer.gen_simple_downsizer.axi_downsizer_inst/USE_WRITE.write_addr_inst/USE_B_CHANNEL.cmd_b_queue/inst/fifo_gen_inst/inst_fifo_gen/gconvfifo.rf/grf.rf/gntv_or_sync_fifo.gl0.wr/wpntr/gcc0.gc0.count_reg[3]
  -------------------------------------------------------------------
                         required time                          7.511    
                         arrival time                          -3.668    
  -------------------------------------------------------------------
                         slack                                  3.843    

Slack (MET) :             3.843ns  (required time - arrival time)
  Source:                 top_i/axi_interconnect_0/s00_couplers/auto_ds/inst/gen_downsizer.gen_simple_downsizer.axi_downsizer_inst/USE_WRITE.write_addr_inst/USE_B_CHANNEL.cmd_b_queue/inst/fifo_gen_inst/inst_fifo_gen/gconvfifo.rf/grf.rf/rstblk/ngwrdrst.grst.g7serrst.gnsckt_wrst.rst_wr_reg2_inst/arststages_ff_reg[1]/C
                            (rising edge-triggered cell FDPE clocked by clk_pl_0  {rise@0.000ns fall@2.667ns period=5.333ns})
  Destination:            top_i/axi_interconnect_0/s00_couplers/auto_ds/inst/gen_downsizer.gen_simple_downsizer.axi_downsizer_inst/USE_WRITE.write_addr_inst/USE_B_CHANNEL.cmd_b_queue/inst/fifo_gen_inst/inst_fifo_gen/gconvfifo.rf/grf.rf/gntv_or_sync_fifo.gl0.wr/wpntr/gcc0.gc0.count_reg[4]/CLR
                            (recovery check against rising-edge clock clk_pl_0  {rise@0.000ns fall@2.667ns period=5.333ns})
  Path Group:             **async_default**
  Path Type:              Recovery (Max at Slow Process Corner)
  Requirement:            5.333ns  (clk_pl_0 rise@5.333ns - clk_pl_0 rise@0.000ns)
  Data Path Delay:        1.145ns  (logic 0.227ns (19.831%)  route 0.918ns (80.169%))
  Logic Levels:           1  (LUT3=1)
  Clock Path Skew:        -0.167ns (DCD - SCD + CPR)
    Destination Clock Delay (DCD):    2.224ns = ( 7.557 - 5.333 ) 
    Source Clock Delay      (SCD):    2.523ns
    Clock Pessimism Removal (CPR):    0.132ns
  Clock Uncertainty:      0.112ns  ((TSJ^2 + DJ^2)^1/2) / 2 + PE
    Total System Jitter     (TSJ):    0.071ns
    Discrete Jitter          (DJ):    0.213ns
    Phase Error              (PE):    0.000ns
  Clock Net Delay (Source):      2.315ns (routing 0.960ns, distribution 1.355ns)
  Clock Net Delay (Destination): 2.056ns (routing 0.872ns, distribution 1.184ns)

    Location             Delay type                Incr(ns)  Path(ns)    Netlist Resource(s)
  -------------------------------------------------------------------    -------------------
                         (clock clk_pl_0 rise edge)
                                                      0.000     0.000 r  
    PS8_X0Y0             PS8                          0.000     0.000 r  top_i/zynq_ps/inst/PS8_i/PLCLK[0]
                         net (fo=1, routed)           0.180     0.180    top_i/zynq_ps/inst/pl_clk_unbuffered[0]
    BUFG_PS_X0Y80        BUFG_PS (Prop_BUFG_PS_I_O)
                                                      0.028     0.208 r  top_i/zynq_ps/inst/buffer_pl_clk_0.PL_CLK_0_BUFG/O
    X2Y2 (CLOCK_ROOT)    net (fo=35948, routed)       2.315     2.523    top_i/axi_interconnect_0/s00_couplers/auto_ds/inst/gen_downsizer.gen_simple_downsizer.axi_downsizer_inst/USE_WRITE.write_addr_inst/USE_B_CHANNEL.cmd_b_queue/inst/fifo_gen_inst/inst_fifo_gen/gconvfifo.rf/grf.rf/rstblk/ngwrdrst.grst.g7serrst.gnsckt_wrst.rst_wr_reg2_inst/dest_clk
    SLICE_X49Y118        FDPE                                         r  top_i/axi_interconnect_0/s00_couplers/auto_ds/inst/gen_downsizer.gen_simple_downsizer.axi_downsizer_inst/USE_WRITE.write_addr_inst/USE_B_CHANNEL.cmd_b_queue/inst/fifo_gen_inst/inst_fifo_gen/gconvfifo.rf/grf.rf/rstblk/ngwrdrst.grst.g7serrst.gnsckt_wrst.rst_wr_reg2_inst/arststages_ff_reg[1]/C
  -------------------------------------------------------------------    -------------------
    SLICE_X49Y118        FDPE (Prop_EFF2_SLICEM_C_Q)
                                                      0.079     2.602 f  top_i/axi_interconnect_0/s00_couplers/auto_ds/inst/gen_downsizer.gen_simple_downsizer.axi_downsizer_inst/USE_WRITE.write_addr_inst/USE_B_CHANNEL.cmd_b_queue/inst/fifo_gen_inst/inst_fifo_gen/gconvfifo.rf/grf.rf/rstblk/ngwrdrst.grst.g7serrst.gnsckt_wrst.rst_wr_reg2_inst/arststages_ff_reg[1]/Q
                         net (fo=3, routed)           0.260     2.862    top_i/axi_interconnect_0/s00_couplers/auto_ds/inst/gen_downsizer.gen_simple_downsizer.axi_downsizer_inst/USE_WRITE.write_addr_inst/USE_B_CHANNEL.cmd_b_queue/inst/fifo_gen_inst/inst_fifo_gen/gconvfifo.rf/grf.rf/rstblk/ngwrdrst.rst_wr_reg2
    SLICE_X50Y117        LUT3 (Prop_F6LUT_SLICEM_I2_O)
                                                      0.148     3.010 f  top_i/axi_interconnect_0/s00_couplers/auto_ds/inst/gen_downsizer.gen_simple_downsizer.axi_downsizer_inst/USE_WRITE.write_addr_inst/USE_B_CHANNEL.cmd_b_queue/inst/fifo_gen_inst/inst_fifo_gen/gconvfifo.rf/grf.rf/rstblk/gpregsm1.curr_fwft_state[1]_i_2/O
                         net (fo=32, routed)          0.658     3.668    top_i/axi_interconnect_0/s00_couplers/auto_ds/inst/gen_downsizer.gen_simple_downsizer.axi_downsizer_inst/USE_WRITE.write_addr_inst/USE_B_CHANNEL.cmd_b_queue/inst/fifo_gen_inst/inst_fifo_gen/gconvfifo.rf/grf.rf/gntv_or_sync_fifo.gl0.wr/wpntr/AR[0]
    SLICE_X52Y122        FDCE                                         f  top_i/axi_interconnect_0/s00_couplers/auto_ds/inst/gen_downsizer.gen_simple_downsizer.axi_downsizer_inst/USE_WRITE.write_addr_inst/USE_B_CHANNEL.cmd_b_queue/inst/fifo_gen_inst/inst_fifo_gen/gconvfifo.rf/grf.rf/gntv_or_sync_fifo.gl0.wr/wpntr/gcc0.gc0.count_reg[4]/CLR
  -------------------------------------------------------------------    -------------------

                         (clock clk_pl_0 rise edge)
                                                      5.333     5.333 r  
    PS8_X0Y0             PS8                          0.000     5.333 r  top_i/zynq_ps/inst/PS8_i/PLCLK[0]
                         net (fo=1, routed)           0.143     5.476    top_i/zynq_ps/inst/pl_clk_unbuffered[0]
    BUFG_PS_X0Y80        BUFG_PS (Prop_BUFG_PS_I_O)
                                                      0.025     5.501 r  top_i/zynq_ps/inst/buffer_pl_clk_0.PL_CLK_0_BUFG/O
    X2Y2 (CLOCK_ROOT)    net (fo=35948, routed)       2.056     7.557    top_i/axi_interconnect_0/s00_couplers/auto_ds/inst/gen_downsizer.gen_simple_downsizer.axi_downsizer_inst/USE_WRITE.write_addr_inst/USE_B_CHANNEL.cmd_b_queue/inst/fifo_gen_inst/inst_fifo_gen/gconvfifo.rf/grf.rf/gntv_or_sync_fifo.gl0.wr/wpntr/clk
    SLICE_X52Y122        FDCE                                         r  top_i/axi_interconnect_0/s00_couplers/auto_ds/inst/gen_downsizer.gen_simple_downsizer.axi_downsizer_inst/USE_WRITE.write_addr_inst/USE_B_CHANNEL.cmd_b_queue/inst/fifo_gen_inst/inst_fifo_gen/gconvfifo.rf/grf.rf/gntv_or_sync_fifo.gl0.wr/wpntr/gcc0.gc0.count_reg[4]/C
                         clock pessimism              0.132     7.689    
                         clock uncertainty           -0.112     7.577    
    SLICE_X52Y122        FDCE (Recov_CFF2_SLICEL_C_CLR)
                                                     -0.066     7.511    top_i/axi_interconnect_0/s00_couplers/auto_ds/inst/gen_downsizer.gen_simple_downsizer.axi_downsizer_inst/USE_WRITE.write_addr_inst/USE_B_CHANNEL.cmd_b_queue/inst/fifo_gen_inst/inst_fifo_gen/gconvfifo.rf/grf.rf/gntv_or_sync_fifo.gl0.wr/wpntr/gcc0.gc0.count_reg[4]
  -------------------------------------------------------------------
                         required time                          7.511    
                         arrival time                          -3.668    
  -------------------------------------------------------------------
                         slack                                  3.843    

Slack (MET) :             3.846ns  (required time - arrival time)
  Source:                 top_i/axi_interconnect_0/s00_couplers/auto_ds/inst/gen_downsizer.gen_simple_downsizer.axi_downsizer_inst/USE_WRITE.write_addr_inst/USE_B_CHANNEL.cmd_b_queue/inst/fifo_gen_inst/inst_fifo_gen/gconvfifo.rf/grf.rf/rstblk/ngwrdrst.grst.g7serrst.gnsckt_wrst.rst_wr_reg2_inst/arststages_ff_reg[1]/C
                            (rising edge-triggered cell FDPE clocked by clk_pl_0  {rise@0.000ns fall@2.667ns period=5.333ns})
  Destination:            top_i/axi_interconnect_0/s00_couplers/auto_ds/inst/gen_downsizer.gen_simple_downsizer.axi_downsizer_inst/USE_WRITE.write_addr_inst/USE_B_CHANNEL.cmd_b_queue/inst/fifo_gen_inst/inst_fifo_gen/gconvfifo.rf/grf.rf/gntv_or_sync_fifo.gl0.wr/wpntr/gcc0.gc0.count_d1_reg[0]/CLR
                            (recovery check against rising-edge clock clk_pl_0  {rise@0.000ns fall@2.667ns period=5.333ns})
  Path Group:             **async_default**
  Path Type:              Recovery (Max at Slow Process Corner)
  Requirement:            5.333ns  (clk_pl_0 rise@5.333ns - clk_pl_0 rise@0.000ns)
  Data Path Delay:        1.144ns  (logic 0.227ns (19.848%)  route 0.917ns (80.152%))
  Logic Levels:           1  (LUT3=1)
  Clock Path Skew:        -0.165ns (DCD - SCD + CPR)
    Destination Clock Delay (DCD):    2.226ns = ( 7.559 - 5.333 ) 
    Source Clock Delay      (SCD):    2.523ns
    Clock Pessimism Removal (CPR):    0.132ns
  Clock Uncertainty:      0.112ns  ((TSJ^2 + DJ^2)^1/2) / 2 + PE
    Total System Jitter     (TSJ):    0.071ns
    Discrete Jitter          (DJ):    0.213ns
    Phase Error              (PE):    0.000ns
  Clock Net Delay (Source):      2.315ns (routing 0.960ns, distribution 1.355ns)
  Clock Net Delay (Destination): 2.058ns (routing 0.872ns, distribution 1.186ns)

    Location             Delay type                Incr(ns)  Path(ns)    Netlist Resource(s)
  -------------------------------------------------------------------    -------------------
                         (clock clk_pl_0 rise edge)
                                                      0.000     0.000 r  
    PS8_X0Y0             PS8                          0.000     0.000 r  top_i/zynq_ps/inst/PS8_i/PLCLK[0]
                         net (fo=1, routed)           0.180     0.180    top_i/zynq_ps/inst/pl_clk_unbuffered[0]
    BUFG_PS_X0Y80        BUFG_PS (Prop_BUFG_PS_I_O)
                                                      0.028     0.208 r  top_i/zynq_ps/inst/buffer_pl_clk_0.PL_CLK_0_BUFG/O
    X2Y2 (CLOCK_ROOT)    net (fo=35948, routed)       2.315     2.523    top_i/axi_interconnect_0/s00_couplers/auto_ds/inst/gen_downsizer.gen_simple_downsizer.axi_downsizer_inst/USE_WRITE.write_addr_inst/USE_B_CHANNEL.cmd_b_queue/inst/fifo_gen_inst/inst_fifo_gen/gconvfifo.rf/grf.rf/rstblk/ngwrdrst.grst.g7serrst.gnsckt_wrst.rst_wr_reg2_inst/dest_clk
    SLICE_X49Y118        FDPE                                         r  top_i/axi_interconnect_0/s00_couplers/auto_ds/inst/gen_downsizer.gen_simple_downsizer.axi_downsizer_inst/USE_WRITE.write_addr_inst/USE_B_CHANNEL.cmd_b_queue/inst/fifo_gen_inst/inst_fifo_gen/gconvfifo.rf/grf.rf/rstblk/ngwrdrst.grst.g7serrst.gnsckt_wrst.rst_wr_reg2_inst/arststages_ff_reg[1]/C
  -------------------------------------------------------------------    -------------------
    SLICE_X49Y118        FDPE (Prop_EFF2_SLICEM_C_Q)
                                                      0.079     2.602 f  top_i/axi_interconnect_0/s00_couplers/auto_ds/inst/gen_downsizer.gen_simple_downsizer.axi_downsizer_inst/USE_WRITE.write_addr_inst/USE_B_CHANNEL.cmd_b_queue/inst/fifo_gen_inst/inst_fifo_gen/gconvfifo.rf/grf.rf/rstblk/ngwrdrst.grst.g7serrst.gnsckt_wrst.rst_wr_reg2_inst/arststages_ff_reg[1]/Q
                         net (fo=3, routed)           0.260     2.862    top_i/axi_interconnect_0/s00_couplers/auto_ds/inst/gen_downsizer.gen_simple_downsizer.axi_downsizer_inst/USE_WRITE.write_addr_inst/USE_B_CHANNEL.cmd_b_queue/inst/fifo_gen_inst/inst_fifo_gen/gconvfifo.rf/grf.rf/rstblk/ngwrdrst.rst_wr_reg2
    SLICE_X50Y117        LUT3 (Prop_F6LUT_SLICEM_I2_O)
                                                      0.148     3.010 f  top_i/axi_interconnect_0/s00_couplers/auto_ds/inst/gen_downsizer.gen_simple_downsizer.axi_downsizer_inst/USE_WRITE.write_addr_inst/USE_B_CHANNEL.cmd_b_queue/inst/fifo_gen_inst/inst_fifo_gen/gconvfifo.rf/grf.rf/rstblk/gpregsm1.curr_fwft_state[1]_i_2/O
                         net (fo=32, routed)          0.657     3.667    top_i/axi_interconnect_0/s00_couplers/auto_ds/inst/gen_downsizer.gen_simple_downsizer.axi_downsizer_inst/USE_WRITE.write_addr_inst/USE_B_CHANNEL.cmd_b_queue/inst/fifo_gen_inst/inst_fifo_gen/gconvfifo.rf/grf.rf/gntv_or_sync_fifo.gl0.wr/wpntr/AR[0]
    SLICE_X52Y122        FDCE                                         f  top_i/axi_interconnect_0/s00_couplers/auto_ds/inst/gen_downsizer.gen_simple_downsizer.axi_downsizer_inst/USE_WRITE.write_addr_inst/USE_B_CHANNEL.cmd_b_queue/inst/fifo_gen_inst/inst_fifo_gen/gconvfifo.rf/grf.rf/gntv_or_sync_fifo.gl0.wr/wpntr/gcc0.gc0.count_d1_reg[0]/CLR
  -------------------------------------------------------------------    -------------------

                         (clock clk_pl_0 rise edge)
                                                      5.333     5.333 r  
    PS8_X0Y0             PS8                          0.000     5.333 r  top_i/zynq_ps/inst/PS8_i/PLCLK[0]
                         net (fo=1, routed)           0.143     5.476    top_i/zynq_ps/inst/pl_clk_unbuffered[0]
    BUFG_PS_X0Y80        BUFG_PS (Prop_BUFG_PS_I_O)
                                                      0.025     5.501 r  top_i/zynq_ps/inst/buffer_pl_clk_0.PL_CLK_0_BUFG/O
    X2Y2 (CLOCK_ROOT)    net (fo=35948, routed)       2.058     7.559    top_i/axi_interconnect_0/s00_couplers/auto_ds/inst/gen_downsizer.gen_simple_downsizer.axi_downsizer_inst/USE_WRITE.write_addr_inst/USE_B_CHANNEL.cmd_b_queue/inst/fifo_gen_inst/inst_fifo_gen/gconvfifo.rf/grf.rf/gntv_or_sync_fifo.gl0.wr/wpntr/clk
    SLICE_X52Y122        FDCE                                         r  top_i/axi_interconnect_0/s00_couplers/auto_ds/inst/gen_downsizer.gen_simple_downsizer.axi_downsizer_inst/USE_WRITE.write_addr_inst/USE_B_CHANNEL.cmd_b_queue/inst/fifo_gen_inst/inst_fifo_gen/gconvfifo.rf/grf.rf/gntv_or_sync_fifo.gl0.wr/wpntr/gcc0.gc0.count_d1_reg[0]/C
                         clock pessimism              0.132     7.691    
                         clock uncertainty           -0.112     7.579    
    SLICE_X52Y122        FDCE (Recov_EFF_SLICEL_C_CLR)
                                                     -0.066     7.513    top_i/axi_interconnect_0/s00_couplers/auto_ds/inst/gen_downsizer.gen_simple_downsizer.axi_downsizer_inst/USE_WRITE.write_addr_inst/USE_B_CHANNEL.cmd_b_queue/inst/fifo_gen_inst/inst_fifo_gen/gconvfifo.rf/grf.rf/gntv_or_sync_fifo.gl0.wr/wpntr/gcc0.gc0.count_d1_reg[0]
  -------------------------------------------------------------------
                         required time                          7.513    
                         arrival time                          -3.667    
  -------------------------------------------------------------------
                         slack                                  3.846    

Slack (MET) :             3.846ns  (required time - arrival time)
  Source:                 top_i/axi_interconnect_0/s00_couplers/auto_ds/inst/gen_downsizer.gen_simple_downsizer.axi_downsizer_inst/USE_WRITE.write_addr_inst/USE_B_CHANNEL.cmd_b_queue/inst/fifo_gen_inst/inst_fifo_gen/gconvfifo.rf/grf.rf/rstblk/ngwrdrst.grst.g7serrst.gnsckt_wrst.rst_wr_reg2_inst/arststages_ff_reg[1]/C
                            (rising edge-triggered cell FDPE clocked by clk_pl_0  {rise@0.000ns fall@2.667ns period=5.333ns})
  Destination:            top_i/axi_interconnect_0/s00_couplers/auto_ds/inst/gen_downsizer.gen_simple_downsizer.axi_downsizer_inst/USE_WRITE.write_addr_inst/USE_B_CHANNEL.cmd_b_queue/inst/fifo_gen_inst/inst_fifo_gen/gconvfifo.rf/grf.rf/gntv_or_sync_fifo.gl0.wr/wpntr/gcc0.gc0.count_d1_reg[1]/CLR
                            (recovery check against rising-edge clock clk_pl_0  {rise@0.000ns fall@2.667ns period=5.333ns})
  Path Group:             **async_default**
  Path Type:              Recovery (Max at Slow Process Corner)
  Requirement:            5.333ns  (clk_pl_0 rise@5.333ns - clk_pl_0 rise@0.000ns)
  Data Path Delay:        1.144ns  (logic 0.227ns (19.848%)  route 0.917ns (80.152%))
  Logic Levels:           1  (LUT3=1)
  Clock Path Skew:        -0.165ns (DCD - SCD + CPR)
    Destination Clock Delay (DCD):    2.226ns = ( 7.559 - 5.333 ) 
    Source Clock Delay      (SCD):    2.523ns
    Clock Pessimism Removal (CPR):    0.132ns
  Clock Uncertainty:      0.112ns  ((TSJ^2 + DJ^2)^1/2) / 2 + PE
    Total System Jitter     (TSJ):    0.071ns
    Discrete Jitter          (DJ):    0.213ns
    Phase Error              (PE):    0.000ns
  Clock Net Delay (Source):      2.315ns (routing 0.960ns, distribution 1.355ns)
  Clock Net Delay (Destination): 2.058ns (routing 0.872ns, distribution 1.186ns)

    Location             Delay type                Incr(ns)  Path(ns)    Netlist Resource(s)
  -------------------------------------------------------------------    -------------------
                         (clock clk_pl_0 rise edge)
                                                      0.000     0.000 r  
    PS8_X0Y0             PS8                          0.000     0.000 r  top_i/zynq_ps/inst/PS8_i/PLCLK[0]
                         net (fo=1, routed)           0.180     0.180    top_i/zynq_ps/inst/pl_clk_unbuffered[0]
    BUFG_PS_X0Y80        BUFG_PS (Prop_BUFG_PS_I_O)
                                                      0.028     0.208 r  top_i/zynq_ps/inst/buffer_pl_clk_0.PL_CLK_0_BUFG/O
    X2Y2 (CLOCK_ROOT)    net (fo=35948, routed)       2.315     2.523    top_i/axi_interconnect_0/s00_couplers/auto_ds/inst/gen_downsizer.gen_simple_downsizer.axi_downsizer_inst/USE_WRITE.write_addr_inst/USE_B_CHANNEL.cmd_b_queue/inst/fifo_gen_inst/inst_fifo_gen/gconvfifo.rf/grf.rf/rstblk/ngwrdrst.grst.g7serrst.gnsckt_wrst.rst_wr_reg2_inst/dest_clk
    SLICE_X49Y118        FDPE                                         r  top_i/axi_interconnect_0/s00_couplers/auto_ds/inst/gen_downsizer.gen_simple_downsizer.axi_downsizer_inst/USE_WRITE.write_addr_inst/USE_B_CHANNEL.cmd_b_queue/inst/fifo_gen_inst/inst_fifo_gen/gconvfifo.rf/grf.rf/rstblk/ngwrdrst.grst.g7serrst.gnsckt_wrst.rst_wr_reg2_inst/arststages_ff_reg[1]/C
  -------------------------------------------------------------------    -------------------
    SLICE_X49Y118        FDPE (Prop_EFF2_SLICEM_C_Q)
                                                      0.079     2.602 f  top_i/axi_interconnect_0/s00_couplers/auto_ds/inst/gen_downsizer.gen_simple_downsizer.axi_downsizer_inst/USE_WRITE.write_addr_inst/USE_B_CHANNEL.cmd_b_queue/inst/fifo_gen_inst/inst_fifo_gen/gconvfifo.rf/grf.rf/rstblk/ngwrdrst.grst.g7serrst.gnsckt_wrst.rst_wr_reg2_inst/arststages_ff_reg[1]/Q
                         net (fo=3, routed)           0.260     2.862    top_i/axi_interconnect_0/s00_couplers/auto_ds/inst/gen_downsizer.gen_simple_downsizer.axi_downsizer_inst/USE_WRITE.write_addr_inst/USE_B_CHANNEL.cmd_b_queue/inst/fifo_gen_inst/inst_fifo_gen/gconvfifo.rf/grf.rf/rstblk/ngwrdrst.rst_wr_reg2
    SLICE_X50Y117        LUT3 (Prop_F6LUT_SLICEM_I2_O)
                                                      0.148     3.010 f  top_i/axi_interconnect_0/s00_couplers/auto_ds/inst/gen_downsizer.gen_simple_downsizer.axi_downsizer_inst/USE_WRITE.write_addr_inst/USE_B_CHANNEL.cmd_b_queue/inst/fifo_gen_inst/inst_fifo_gen/gconvfifo.rf/grf.rf/rstblk/gpregsm1.curr_fwft_state[1]_i_2/O
                         net (fo=32, routed)          0.657     3.667    top_i/axi_interconnect_0/s00_couplers/auto_ds/inst/gen_downsizer.gen_simple_downsizer.axi_downsizer_inst/USE_WRITE.write_addr_inst/USE_B_CHANNEL.cmd_b_queue/inst/fifo_gen_inst/inst_fifo_gen/gconvfifo.rf/grf.rf/gntv_or_sync_fifo.gl0.wr/wpntr/AR[0]
    SLICE_X52Y122        FDCE                                         f  top_i/axi_interconnect_0/s00_couplers/auto_ds/inst/gen_downsizer.gen_simple_downsizer.axi_downsizer_inst/USE_WRITE.write_addr_inst/USE_B_CHANNEL.cmd_b_queue/inst/fifo_gen_inst/inst_fifo_gen/gconvfifo.rf/grf.rf/gntv_or_sync_fifo.gl0.wr/wpntr/gcc0.gc0.count_d1_reg[1]/CLR
  -------------------------------------------------------------------    -------------------

                         (clock clk_pl_0 rise edge)
                                                      5.333     5.333 r  
    PS8_X0Y0             PS8                          0.000     5.333 r  top_i/zynq_ps/inst/PS8_i/PLCLK[0]
                         net (fo=1, routed)           0.143     5.476    top_i/zynq_ps/inst/pl_clk_unbuffered[0]
    BUFG_PS_X0Y80        BUFG_PS (Prop_BUFG_PS_I_O)
                                                      0.025     5.501 r  top_i/zynq_ps/inst/buffer_pl_clk_0.PL_CLK_0_BUFG/O
    X2Y2 (CLOCK_ROOT)    net (fo=35948, routed)       2.058     7.559    top_i/axi_interconnect_0/s00_couplers/auto_ds/inst/gen_downsizer.gen_simple_downsizer.axi_downsizer_inst/USE_WRITE.write_addr_inst/USE_B_CHANNEL.cmd_b_queue/inst/fifo_gen_inst/inst_fifo_gen/gconvfifo.rf/grf.rf/gntv_or_sync_fifo.gl0.wr/wpntr/clk
    SLICE_X52Y122        FDCE                                         r  top_i/axi_interconnect_0/s00_couplers/auto_ds/inst/gen_downsizer.gen_simple_downsizer.axi_downsizer_inst/USE_WRITE.write_addr_inst/USE_B_CHANNEL.cmd_b_queue/inst/fifo_gen_inst/inst_fifo_gen/gconvfifo.rf/grf.rf/gntv_or_sync_fifo.gl0.wr/wpntr/gcc0.gc0.count_d1_reg[1]/C
                         clock pessimism              0.132     7.691    
                         clock uncertainty           -0.112     7.579    
    SLICE_X52Y122        FDCE (Recov_EFF2_SLICEL_C_CLR)
                                                     -0.066     7.513    top_i/axi_interconnect_0/s00_couplers/auto_ds/inst/gen_downsizer.gen_simple_downsizer.axi_downsizer_inst/USE_WRITE.write_addr_inst/USE_B_CHANNEL.cmd_b_queue/inst/fifo_gen_inst/inst_fifo_gen/gconvfifo.rf/grf.rf/gntv_or_sync_fifo.gl0.wr/wpntr/gcc0.gc0.count_d1_reg[1]
  -------------------------------------------------------------------
                         required time                          7.513    
                         arrival time                          -3.667    
  -------------------------------------------------------------------
                         slack                                  3.846    

Slack (MET) :             3.846ns  (required time - arrival time)
  Source:                 top_i/axi_interconnect_0/s00_couplers/auto_ds/inst/gen_downsizer.gen_simple_downsizer.axi_downsizer_inst/USE_WRITE.write_addr_inst/USE_B_CHANNEL.cmd_b_queue/inst/fifo_gen_inst/inst_fifo_gen/gconvfifo.rf/grf.rf/rstblk/ngwrdrst.grst.g7serrst.gnsckt_wrst.rst_wr_reg2_inst/arststages_ff_reg[1]/C
                            (rising edge-triggered cell FDPE clocked by clk_pl_0  {rise@0.000ns fall@2.667ns period=5.333ns})
  Destination:            top_i/axi_interconnect_0/s00_couplers/auto_ds/inst/gen_downsizer.gen_simple_downsizer.axi_downsizer_inst/USE_WRITE.write_addr_inst/USE_B_CHANNEL.cmd_b_queue/inst/fifo_gen_inst/inst_fifo_gen/gconvfifo.rf/grf.rf/gntv_or_sync_fifo.gl0.wr/wpntr/gcc0.gc0.count_d1_reg[2]/CLR
                            (recovery check against rising-edge clock clk_pl_0  {rise@0.000ns fall@2.667ns period=5.333ns})
  Path Group:             **async_default**
  Path Type:              Recovery (Max at Slow Process Corner)
  Requirement:            5.333ns  (clk_pl_0 rise@5.333ns - clk_pl_0 rise@0.000ns)
  Data Path Delay:        1.144ns  (logic 0.227ns (19.848%)  route 0.917ns (80.152%))
  Logic Levels:           1  (LUT3=1)
  Clock Path Skew:        -0.165ns (DCD - SCD + CPR)
    Destination Clock Delay (DCD):    2.226ns = ( 7.559 - 5.333 ) 
    Source Clock Delay      (SCD):    2.523ns
    Clock Pessimism Removal (CPR):    0.132ns
  Clock Uncertainty:      0.112ns  ((TSJ^2 + DJ^2)^1/2) / 2 + PE
    Total System Jitter     (TSJ):    0.071ns
    Discrete Jitter          (DJ):    0.213ns
    Phase Error              (PE):    0.000ns
  Clock Net Delay (Source):      2.315ns (routing 0.960ns, distribution 1.355ns)
  Clock Net Delay (Destination): 2.058ns (routing 0.872ns, distribution 1.186ns)

    Location             Delay type                Incr(ns)  Path(ns)    Netlist Resource(s)
  -------------------------------------------------------------------    -------------------
                         (clock clk_pl_0 rise edge)
                                                      0.000     0.000 r  
    PS8_X0Y0             PS8                          0.000     0.000 r  top_i/zynq_ps/inst/PS8_i/PLCLK[0]
                         net (fo=1, routed)           0.180     0.180    top_i/zynq_ps/inst/pl_clk_unbuffered[0]
    BUFG_PS_X0Y80        BUFG_PS (Prop_BUFG_PS_I_O)
                                                      0.028     0.208 r  top_i/zynq_ps/inst/buffer_pl_clk_0.PL_CLK_0_BUFG/O
    X2Y2 (CLOCK_ROOT)    net (fo=35948, routed)       2.315     2.523    top_i/axi_interconnect_0/s00_couplers/auto_ds/inst/gen_downsizer.gen_simple_downsizer.axi_downsizer_inst/USE_WRITE.write_addr_inst/USE_B_CHANNEL.cmd_b_queue/inst/fifo_gen_inst/inst_fifo_gen/gconvfifo.rf/grf.rf/rstblk/ngwrdrst.grst.g7serrst.gnsckt_wrst.rst_wr_reg2_inst/dest_clk
    SLICE_X49Y118        FDPE                                         r  top_i/axi_interconnect_0/s00_couplers/auto_ds/inst/gen_downsizer.gen_simple_downsizer.axi_downsizer_inst/USE_WRITE.write_addr_inst/USE_B_CHANNEL.cmd_b_queue/inst/fifo_gen_inst/inst_fifo_gen/gconvfifo.rf/grf.rf/rstblk/ngwrdrst.grst.g7serrst.gnsckt_wrst.rst_wr_reg2_inst/arststages_ff_reg[1]/C
  -------------------------------------------------------------------    -------------------
    SLICE_X49Y118        FDPE (Prop_EFF2_SLICEM_C_Q)
                                                      0.079     2.602 f  top_i/axi_interconnect_0/s00_couplers/auto_ds/inst/gen_downsizer.gen_simple_downsizer.axi_downsizer_inst/USE_WRITE.write_addr_inst/USE_B_CHANNEL.cmd_b_queue/inst/fifo_gen_inst/inst_fifo_gen/gconvfifo.rf/grf.rf/rstblk/ngwrdrst.grst.g7serrst.gnsckt_wrst.rst_wr_reg2_inst/arststages_ff_reg[1]/Q
                         net (fo=3, routed)           0.260     2.862    top_i/axi_interconnect_0/s00_couplers/auto_ds/inst/gen_downsizer.gen_simple_downsizer.axi_downsizer_inst/USE_WRITE.write_addr_inst/USE_B_CHANNEL.cmd_b_queue/inst/fifo_gen_inst/inst_fifo_gen/gconvfifo.rf/grf.rf/rstblk/ngwrdrst.rst_wr_reg2
    SLICE_X50Y117        LUT3 (Prop_F6LUT_SLICEM_I2_O)
                                                      0.148     3.010 f  top_i/axi_interconnect_0/s00_couplers/auto_ds/inst/gen_downsizer.gen_simple_downsizer.axi_downsizer_inst/USE_WRITE.write_addr_inst/USE_B_CHANNEL.cmd_b_queue/inst/fifo_gen_inst/inst_fifo_gen/gconvfifo.rf/grf.rf/rstblk/gpregsm1.curr_fwft_state[1]_i_2/O
                         net (fo=32, routed)          0.657     3.667    top_i/axi_interconnect_0/s00_couplers/auto_ds/inst/gen_downsizer.gen_simple_downsizer.axi_downsizer_inst/USE_WRITE.write_addr_inst/USE_B_CHANNEL.cmd_b_queue/inst/fifo_gen_inst/inst_fifo_gen/gconvfifo.rf/grf.rf/gntv_or_sync_fifo.gl0.wr/wpntr/AR[0]
    SLICE_X52Y122        FDCE                                         f  top_i/axi_interconnect_0/s00_couplers/auto_ds/inst/gen_downsizer.gen_simple_downsizer.axi_downsizer_inst/USE_WRITE.write_addr_inst/USE_B_CHANNEL.cmd_b_queue/inst/fifo_gen_inst/inst_fifo_gen/gconvfifo.rf/grf.rf/gntv_or_sync_fifo.gl0.wr/wpntr/gcc0.gc0.count_d1_reg[2]/CLR
  -------------------------------------------------------------------    -------------------

                         (clock clk_pl_0 rise edge)
                                                      5.333     5.333 r  
    PS8_X0Y0             PS8                          0.000     5.333 r  top_i/zynq_ps/inst/PS8_i/PLCLK[0]
                         net (fo=1, routed)           0.143     5.476    top_i/zynq_ps/inst/pl_clk_unbuffered[0]
    BUFG_PS_X0Y80        BUFG_PS (Prop_BUFG_PS_I_O)
                                                      0.025     5.501 r  top_i/zynq_ps/inst/buffer_pl_clk_0.PL_CLK_0_BUFG/O
    X2Y2 (CLOCK_ROOT)    net (fo=35948, routed)       2.058     7.559    top_i/axi_interconnect_0/s00_couplers/auto_ds/inst/gen_downsizer.gen_simple_downsizer.axi_downsizer_inst/USE_WRITE.write_addr_inst/USE_B_CHANNEL.cmd_b_queue/inst/fifo_gen_inst/inst_fifo_gen/gconvfifo.rf/grf.rf/gntv_or_sync_fifo.gl0.wr/wpntr/clk
    SLICE_X52Y122        FDCE                                         r  top_i/axi_interconnect_0/s00_couplers/auto_ds/inst/gen_downsizer.gen_simple_downsizer.axi_downsizer_inst/USE_WRITE.write_addr_inst/USE_B_CHANNEL.cmd_b_queue/inst/fifo_gen_inst/inst_fifo_gen/gconvfifo.rf/grf.rf/gntv_or_sync_fifo.gl0.wr/wpntr/gcc0.gc0.count_d1_reg[2]/C
                         clock pessimism              0.132     7.691    
                         clock uncertainty           -0.112     7.579    
    SLICE_X52Y122        FDCE (Recov_FFF_SLICEL_C_CLR)
                                                     -0.066     7.513    top_i/axi_interconnect_0/s00_couplers/auto_ds/inst/gen_downsizer.gen_simple_downsizer.axi_downsizer_inst/USE_WRITE.write_addr_inst/USE_B_CHANNEL.cmd_b_queue/inst/fifo_gen_inst/inst_fifo_gen/gconvfifo.rf/grf.rf/gntv_or_sync_fifo.gl0.wr/wpntr/gcc0.gc0.count_d1_reg[2]
  -------------------------------------------------------------------
                         required time                          7.513    
                         arrival time                          -3.667    
  -------------------------------------------------------------------
                         slack                                  3.846    

Slack (MET) :             3.846ns  (required time - arrival time)
  Source:                 top_i/axi_interconnect_0/s00_couplers/auto_ds/inst/gen_downsizer.gen_simple_downsizer.axi_downsizer_inst/USE_WRITE.write_addr_inst/USE_B_CHANNEL.cmd_b_queue/inst/fifo_gen_inst/inst_fifo_gen/gconvfifo.rf/grf.rf/rstblk/ngwrdrst.grst.g7serrst.gnsckt_wrst.rst_wr_reg2_inst/arststages_ff_reg[1]/C
                            (rising edge-triggered cell FDPE clocked by clk_pl_0  {rise@0.000ns fall@2.667ns period=5.333ns})
  Destination:            top_i/axi_interconnect_0/s00_couplers/auto_ds/inst/gen_downsizer.gen_simple_downsizer.axi_downsizer_inst/USE_WRITE.write_addr_inst/USE_B_CHANNEL.cmd_b_queue/inst/fifo_gen_inst/inst_fifo_gen/gconvfifo.rf/grf.rf/gntv_or_sync_fifo.gl0.wr/wpntr/gcc0.gc0.count_d1_reg[3]/CLR
                            (recovery check against rising-edge clock clk_pl_0  {rise@0.000ns fall@2.667ns period=5.333ns})
  Path Group:             **async_default**
  Path Type:              Recovery (Max at Slow Process Corner)
  Requirement:            5.333ns  (clk_pl_0 rise@5.333ns - clk_pl_0 rise@0.000ns)
  Data Path Delay:        1.144ns  (logic 0.227ns (19.848%)  route 0.917ns (80.152%))
  Logic Levels:           1  (LUT3=1)
  Clock Path Skew:        -0.165ns (DCD - SCD + CPR)
    Destination Clock Delay (DCD):    2.226ns = ( 7.559 - 5.333 ) 
    Source Clock Delay      (SCD):    2.523ns
    Clock Pessimism Removal (CPR):    0.132ns
  Clock Uncertainty:      0.112ns  ((TSJ^2 + DJ^2)^1/2) / 2 + PE
    Total System Jitter     (TSJ):    0.071ns
    Discrete Jitter          (DJ):    0.213ns
    Phase Error              (PE):    0.000ns
  Clock Net Delay (Source):      2.315ns (routing 0.960ns, distribution 1.355ns)
  Clock Net Delay (Destination): 2.058ns (routing 0.872ns, distribution 1.186ns)

    Location             Delay type                Incr(ns)  Path(ns)    Netlist Resource(s)
  -------------------------------------------------------------------    -------------------
                         (clock clk_pl_0 rise edge)
                                                      0.000     0.000 r  
    PS8_X0Y0             PS8                          0.000     0.000 r  top_i/zynq_ps/inst/PS8_i/PLCLK[0]
                         net (fo=1, routed)           0.180     0.180    top_i/zynq_ps/inst/pl_clk_unbuffered[0]
    BUFG_PS_X0Y80        BUFG_PS (Prop_BUFG_PS_I_O)
                                                      0.028     0.208 r  top_i/zynq_ps/inst/buffer_pl_clk_0.PL_CLK_0_BUFG/O
    X2Y2 (CLOCK_ROOT)    net (fo=35948, routed)       2.315     2.523    top_i/axi_interconnect_0/s00_couplers/auto_ds/inst/gen_downsizer.gen_simple_downsizer.axi_downsizer_inst/USE_WRITE.write_addr_inst/USE_B_CHANNEL.cmd_b_queue/inst/fifo_gen_inst/inst_fifo_gen/gconvfifo.rf/grf.rf/rstblk/ngwrdrst.grst.g7serrst.gnsckt_wrst.rst_wr_reg2_inst/dest_clk
    SLICE_X49Y118        FDPE                                         r  top_i/axi_interconnect_0/s00_couplers/auto_ds/inst/gen_downsizer.gen_simple_downsizer.axi_downsizer_inst/USE_WRITE.write_addr_inst/USE_B_CHANNEL.cmd_b_queue/inst/fifo_gen_inst/inst_fifo_gen/gconvfifo.rf/grf.rf/rstblk/ngwrdrst.grst.g7serrst.gnsckt_wrst.rst_wr_reg2_inst/arststages_ff_reg[1]/C
  -------------------------------------------------------------------    -------------------
    SLICE_X49Y118        FDPE (Prop_EFF2_SLICEM_C_Q)
                                                      0.079     2.602 f  top_i/axi_interconnect_0/s00_couplers/auto_ds/inst/gen_downsizer.gen_simple_downsizer.axi_downsizer_inst/USE_WRITE.write_addr_inst/USE_B_CHANNEL.cmd_b_queue/inst/fifo_gen_inst/inst_fifo_gen/gconvfifo.rf/grf.rf/rstblk/ngwrdrst.grst.g7serrst.gnsckt_wrst.rst_wr_reg2_inst/arststages_ff_reg[1]/Q
                         net (fo=3, routed)           0.260     2.862    top_i/axi_interconnect_0/s00_couplers/auto_ds/inst/gen_downsizer.gen_simple_downsizer.axi_downsizer_inst/USE_WRITE.write_addr_inst/USE_B_CHANNEL.cmd_b_queue/inst/fifo_gen_inst/inst_fifo_gen/gconvfifo.rf/grf.rf/rstblk/ngwrdrst.rst_wr_reg2
    SLICE_X50Y117        LUT3 (Prop_F6LUT_SLICEM_I2_O)
                                                      0.148     3.010 f  top_i/axi_interconnect_0/s00_couplers/auto_ds/inst/gen_downsizer.gen_simple_downsizer.axi_downsizer_inst/USE_WRITE.write_addr_inst/USE_B_CHANNEL.cmd_b_queue/inst/fifo_gen_inst/inst_fifo_gen/gconvfifo.rf/grf.rf/rstblk/gpregsm1.curr_fwft_state[1]_i_2/O
                         net (fo=32, routed)          0.657     3.667    top_i/axi_interconnect_0/s00_couplers/auto_ds/inst/gen_downsizer.gen_simple_downsizer.axi_downsizer_inst/USE_WRITE.write_addr_inst/USE_B_CHANNEL.cmd_b_queue/inst/fifo_gen_inst/inst_fifo_gen/gconvfifo.rf/grf.rf/gntv_or_sync_fifo.gl0.wr/wpntr/AR[0]
    SLICE_X52Y122        FDCE                                         f  top_i/axi_interconnect_0/s00_couplers/auto_ds/inst/gen_downsizer.gen_simple_downsizer.axi_downsizer_inst/USE_WRITE.write_addr_inst/USE_B_CHANNEL.cmd_b_queue/inst/fifo_gen_inst/inst_fifo_gen/gconvfifo.rf/grf.rf/gntv_or_sync_fifo.gl0.wr/wpntr/gcc0.gc0.count_d1_reg[3]/CLR
  -------------------------------------------------------------------    -------------------

                         (clock clk_pl_0 rise edge)
                                                      5.333     5.333 r  
    PS8_X0Y0             PS8                          0.000     5.333 r  top_i/zynq_ps/inst/PS8_i/PLCLK[0]
                         net (fo=1, routed)           0.143     5.476    top_i/zynq_ps/inst/pl_clk_unbuffered[0]
    BUFG_PS_X0Y80        BUFG_PS (Prop_BUFG_PS_I_O)
                                                      0.025     5.501 r  top_i/zynq_ps/inst/buffer_pl_clk_0.PL_CLK_0_BUFG/O
    X2Y2 (CLOCK_ROOT)    net (fo=35948, routed)       2.058     7.559    top_i/axi_interconnect_0/s00_couplers/auto_ds/inst/gen_downsizer.gen_simple_downsizer.axi_downsizer_inst/USE_WRITE.write_addr_inst/USE_B_CHANNEL.cmd_b_queue/inst/fifo_gen_inst/inst_fifo_gen/gconvfifo.rf/grf.rf/gntv_or_sync_fifo.gl0.wr/wpntr/clk
    SLICE_X52Y122        FDCE                                         r  top_i/axi_interconnect_0/s00_couplers/auto_ds/inst/gen_downsizer.gen_simple_downsizer.axi_downsizer_inst/USE_WRITE.write_addr_inst/USE_B_CHANNEL.cmd_b_queue/inst/fifo_gen_inst/inst_fifo_gen/gconvfifo.rf/grf.rf/gntv_or_sync_fifo.gl0.wr/wpntr/gcc0.gc0.count_d1_reg[3]/C
                         clock pessimism              0.132     7.691    
                         clock uncertainty           -0.112     7.579    
    SLICE_X52Y122        FDCE (Recov_FFF2_SLICEL_C_CLR)
                                                     -0.066     7.513    top_i/axi_interconnect_0/s00_couplers/auto_ds/inst/gen_downsizer.gen_simple_downsizer.axi_downsizer_inst/USE_WRITE.write_addr_inst/USE_B_CHANNEL.cmd_b_queue/inst/fifo_gen_inst/inst_fifo_gen/gconvfifo.rf/grf.rf/gntv_or_sync_fifo.gl0.wr/wpntr/gcc0.gc0.count_d1_reg[3]
  -------------------------------------------------------------------
                         required time                          7.513    
                         arrival time                          -3.667    
  -------------------------------------------------------------------
                         slack                                  3.846    





Min Delay Paths
--------------------------------------------------------------------------------------
Slack (MET) :             0.138ns  (arrival time - required time)
  Source:                 top_i/axi_interconnect_0/s00_couplers/auto_ds/inst/gen_downsizer.gen_simple_downsizer.axi_downsizer_inst/USE_WRITE.write_addr_inst/cmd_queue/inst/fifo_gen_inst/inst_fifo_gen/gconvfifo.rf/grf.rf/rstblk/ngwrdrst.grst.g7serrst.gnsckt_wrst.gcc_rst.sckt_wr_rst_cc_reg[0]/C
                            (rising edge-triggered cell FDRE clocked by clk_pl_0  {rise@0.000ns fall@2.667ns period=5.333ns})
  Destination:            top_i/axi_interconnect_0/s00_couplers/auto_ds/inst/gen_downsizer.gen_simple_downsizer.axi_downsizer_inst/USE_WRITE.write_addr_inst/cmd_queue/inst/fifo_gen_inst/inst_fifo_gen/gconvfifo.rf/grf.rf/gntv_or_sync_fifo.gl0.rd/grss.rsts/ram_empty_fb_i_reg/PRE
                            (removal check against rising-edge clock clk_pl_0  {rise@0.000ns fall@2.667ns period=5.333ns})
  Path Group:             **async_default**
  Path Type:              Removal (Min at Fast Process Corner)
  Requirement:            0.000ns  (clk_pl_0 rise@0.000ns - clk_pl_0 rise@0.000ns)
  Data Path Delay:        0.182ns  (logic 0.053ns (29.095%)  route 0.129ns (70.905%))
  Logic Levels:           1  (LUT3=1)
  Clock Path Skew:        0.065ns (DCD - SCD - CPR)
    Destination Clock Delay (DCD):    1.612ns
    Source Clock Delay      (SCD):    1.405ns
    Clock Pessimism Removal (CPR):    0.143ns
  Clock Net Delay (Source):      1.266ns (routing 0.519ns, distribution 0.747ns)
  Clock Net Delay (Destination): 1.440ns (routing 0.581ns, distribution 0.859ns)

    Location             Delay type                Incr(ns)  Path(ns)    Netlist Resource(s)
  -------------------------------------------------------------------    -------------------
                         (clock clk_pl_0 rise edge)
                                                      0.000     0.000 r  
    PS8_X0Y0             PS8                          0.000     0.000 r  top_i/zynq_ps/inst/PS8_i/PLCLK[0]
                         net (fo=1, routed)           0.122     0.122    top_i/zynq_ps/inst/pl_clk_unbuffered[0]
    BUFG_PS_X0Y80        BUFG_PS (Prop_BUFG_PS_I_O)
                                                      0.017     0.139 r  top_i/zynq_ps/inst/buffer_pl_clk_0.PL_CLK_0_BUFG/O
    X2Y2 (CLOCK_ROOT)    net (fo=35948, routed)       1.266     1.405    top_i/axi_interconnect_0/s00_couplers/auto_ds/inst/gen_downsizer.gen_simple_downsizer.axi_downsizer_inst/USE_WRITE.write_addr_inst/cmd_queue/inst/fifo_gen_inst/inst_fifo_gen/gconvfifo.rf/grf.rf/rstblk/clk
    SLICE_X57Y118        FDRE                                         r  top_i/axi_interconnect_0/s00_couplers/auto_ds/inst/gen_downsizer.gen_simple_downsizer.axi_downsizer_inst/USE_WRITE.write_addr_inst/cmd_queue/inst/fifo_gen_inst/inst_fifo_gen/gconvfifo.rf/grf.rf/rstblk/ngwrdrst.grst.g7serrst.gnsckt_wrst.gcc_rst.sckt_wr_rst_cc_reg[0]/C
  -------------------------------------------------------------------    -------------------
    SLICE_X57Y118        FDRE (Prop_HFF_SLICEM_C_Q)
                                                      0.039     1.444 f  top_i/axi_interconnect_0/s00_couplers/auto_ds/inst/gen_downsizer.gen_simple_downsizer.axi_downsizer_inst/USE_WRITE.write_addr_inst/cmd_queue/inst/fifo_gen_inst/inst_fifo_gen/gconvfifo.rf/grf.rf/rstblk/ngwrdrst.grst.g7serrst.gnsckt_wrst.gcc_rst.sckt_wr_rst_cc_reg[0]/Q
                         net (fo=3, routed)           0.028     1.472    top_i/axi_interconnect_0/s00_couplers/auto_ds/inst/gen_downsizer.gen_simple_downsizer.axi_downsizer_inst/USE_WRITE.write_addr_inst/cmd_queue/inst/fifo_gen_inst/inst_fifo_gen/gconvfifo.rf/grf.rf/rstblk/ngwrdrst.grst.g7serrst.gnsckt_wrst.gcc_rst.sckt_wr_rst_cc[0]
    SLICE_X57Y118        LUT3 (Prop_G6LUT_SLICEM_I1_O)
                                                      0.014     1.486 f  top_i/axi_interconnect_0/s00_couplers/auto_ds/inst/gen_downsizer.gen_simple_downsizer.axi_downsizer_inst/USE_WRITE.write_addr_inst/cmd_queue/inst/fifo_gen_inst/inst_fifo_gen/gconvfifo.rf/grf.rf/rstblk/gpregsm1.curr_fwft_state[1]_i_2/O
                         net (fo=32, routed)          0.101     1.587    top_i/axi_interconnect_0/s00_couplers/auto_ds/inst/gen_downsizer.gen_simple_downsizer.axi_downsizer_inst/USE_WRITE.write_addr_inst/cmd_queue/inst/fifo_gen_inst/inst_fifo_gen/gconvfifo.rf/grf.rf/gntv_or_sync_fifo.gl0.rd/grss.rsts/ram_empty_i_reg_1
    SLICE_X55Y118        FDPE                                         f  top_i/axi_interconnect_0/s00_couplers/auto_ds/inst/gen_downsizer.gen_simple_downsizer.axi_downsizer_inst/USE_WRITE.write_addr_inst/cmd_queue/inst/fifo_gen_inst/inst_fifo_gen/gconvfifo.rf/grf.rf/gntv_or_sync_fifo.gl0.rd/grss.rsts/ram_empty_fb_i_reg/PRE
  -------------------------------------------------------------------    -------------------

                         (clock clk_pl_0 rise edge)
                                                      0.000     0.000 r  
    PS8_X0Y0             PS8                          0.000     0.000 r  top_i/zynq_ps/inst/PS8_i/PLCLK[0]
                         net (fo=1, routed)           0.154     0.154    top_i/zynq_ps/inst/pl_clk_unbuffered[0]
    BUFG_PS_X0Y80        BUFG_PS (Prop_BUFG_PS_I_O)
                                                      0.018     0.172 r  top_i/zynq_ps/inst/buffer_pl_clk_0.PL_CLK_0_BUFG/O
    X2Y2 (CLOCK_ROOT)    net (fo=35948, routed)       1.440     1.612    top_i/axi_interconnect_0/s00_couplers/auto_ds/inst/gen_downsizer.gen_simple_downsizer.axi_downsizer_inst/USE_WRITE.write_addr_inst/cmd_queue/inst/fifo_gen_inst/inst_fifo_gen/gconvfifo.rf/grf.rf/gntv_or_sync_fifo.gl0.rd/grss.rsts/clk
    SLICE_X55Y118        FDPE                                         r  top_i/axi_interconnect_0/s00_couplers/auto_ds/inst/gen_downsizer.gen_simple_downsizer.axi_downsizer_inst/USE_WRITE.write_addr_inst/cmd_queue/inst/fifo_gen_inst/inst_fifo_gen/gconvfifo.rf/grf.rf/gntv_or_sync_fifo.gl0.rd/grss.rsts/ram_empty_fb_i_reg/C
                         clock pessimism             -0.143     1.469    
    SLICE_X55Y118        FDPE (Remov_HFF2_SLICEL_C_PRE)
                                                     -0.020     1.449    top_i/axi_interconnect_0/s00_couplers/auto_ds/inst/gen_downsizer.gen_simple_downsizer.axi_downsizer_inst/USE_WRITE.write_addr_inst/cmd_queue/inst/fifo_gen_inst/inst_fifo_gen/gconvfifo.rf/grf.rf/gntv_or_sync_fifo.gl0.rd/grss.rsts/ram_empty_fb_i_reg
  -------------------------------------------------------------------
                         required time                         -1.449    
                         arrival time                           1.587    
  -------------------------------------------------------------------
                         slack                                  0.138    

Slack (MET) :             0.138ns  (arrival time - required time)
  Source:                 top_i/axi_interconnect_0/s00_couplers/auto_ds/inst/gen_downsizer.gen_simple_downsizer.axi_downsizer_inst/USE_WRITE.write_addr_inst/cmd_queue/inst/fifo_gen_inst/inst_fifo_gen/gconvfifo.rf/grf.rf/rstblk/ngwrdrst.grst.g7serrst.gnsckt_wrst.gcc_rst.sckt_wr_rst_cc_reg[0]/C
                            (rising edge-triggered cell FDRE clocked by clk_pl_0  {rise@0.000ns fall@2.667ns period=5.333ns})
  Destination:            top_i/axi_interconnect_0/s00_couplers/auto_ds/inst/gen_downsizer.gen_simple_downsizer.axi_downsizer_inst/USE_WRITE.write_addr_inst/cmd_queue/inst/fifo_gen_inst/inst_fifo_gen/gconvfifo.rf/grf.rf/gntv_or_sync_fifo.gl0.rd/grss.rsts/ram_empty_i_reg/PRE
                            (removal check against rising-edge clock clk_pl_0  {rise@0.000ns fall@2.667ns period=5.333ns})
  Path Group:             **async_default**
  Path Type:              Removal (Min at Fast Process Corner)
  Requirement:            0.000ns  (clk_pl_0 rise@0.000ns - clk_pl_0 rise@0.000ns)
  Data Path Delay:        0.182ns  (logic 0.053ns (29.095%)  route 0.129ns (70.905%))
  Logic Levels:           1  (LUT3=1)
  Clock Path Skew:        0.065ns (DCD - SCD - CPR)
    Destination Clock Delay (DCD):    1.612ns
    Source Clock Delay      (SCD):    1.405ns
    Clock Pessimism Removal (CPR):    0.143ns
  Clock Net Delay (Source):      1.266ns (routing 0.519ns, distribution 0.747ns)
  Clock Net Delay (Destination): 1.440ns (routing 0.581ns, distribution 0.859ns)

    Location             Delay type                Incr(ns)  Path(ns)    Netlist Resource(s)
  -------------------------------------------------------------------    -------------------
                         (clock clk_pl_0 rise edge)
                                                      0.000     0.000 r  
    PS8_X0Y0             PS8                          0.000     0.000 r  top_i/zynq_ps/inst/PS8_i/PLCLK[0]
                         net (fo=1, routed)           0.122     0.122    top_i/zynq_ps/inst/pl_clk_unbuffered[0]
    BUFG_PS_X0Y80        BUFG_PS (Prop_BUFG_PS_I_O)
                                                      0.017     0.139 r  top_i/zynq_ps/inst/buffer_pl_clk_0.PL_CLK_0_BUFG/O
    X2Y2 (CLOCK_ROOT)    net (fo=35948, routed)       1.266     1.405    top_i/axi_interconnect_0/s00_couplers/auto_ds/inst/gen_downsizer.gen_simple_downsizer.axi_downsizer_inst/USE_WRITE.write_addr_inst/cmd_queue/inst/fifo_gen_inst/inst_fifo_gen/gconvfifo.rf/grf.rf/rstblk/clk
    SLICE_X57Y118        FDRE                                         r  top_i/axi_interconnect_0/s00_couplers/auto_ds/inst/gen_downsizer.gen_simple_downsizer.axi_downsizer_inst/USE_WRITE.write_addr_inst/cmd_queue/inst/fifo_gen_inst/inst_fifo_gen/gconvfifo.rf/grf.rf/rstblk/ngwrdrst.grst.g7serrst.gnsckt_wrst.gcc_rst.sckt_wr_rst_cc_reg[0]/C
  -------------------------------------------------------------------    -------------------
    SLICE_X57Y118        FDRE (Prop_HFF_SLICEM_C_Q)
                                                      0.039     1.444 f  top_i/axi_interconnect_0/s00_couplers/auto_ds/inst/gen_downsizer.gen_simple_downsizer.axi_downsizer_inst/USE_WRITE.write_addr_inst/cmd_queue/inst/fifo_gen_inst/inst_fifo_gen/gconvfifo.rf/grf.rf/rstblk/ngwrdrst.grst.g7serrst.gnsckt_wrst.gcc_rst.sckt_wr_rst_cc_reg[0]/Q
                         net (fo=3, routed)           0.028     1.472    top_i/axi_interconnect_0/s00_couplers/auto_ds/inst/gen_downsizer.gen_simple_downsizer.axi_downsizer_inst/USE_WRITE.write_addr_inst/cmd_queue/inst/fifo_gen_inst/inst_fifo_gen/gconvfifo.rf/grf.rf/rstblk/ngwrdrst.grst.g7serrst.gnsckt_wrst.gcc_rst.sckt_wr_rst_cc[0]
    SLICE_X57Y118        LUT3 (Prop_G6LUT_SLICEM_I1_O)
                                                      0.014     1.486 f  top_i/axi_interconnect_0/s00_couplers/auto_ds/inst/gen_downsizer.gen_simple_downsizer.axi_downsizer_inst/USE_WRITE.write_addr_inst/cmd_queue/inst/fifo_gen_inst/inst_fifo_gen/gconvfifo.rf/grf.rf/rstblk/gpregsm1.curr_fwft_state[1]_i_2/O
                         net (fo=32, routed)          0.101     1.587    top_i/axi_interconnect_0/s00_couplers/auto_ds/inst/gen_downsizer.gen_simple_downsizer.axi_downsizer_inst/USE_WRITE.write_addr_inst/cmd_queue/inst/fifo_gen_inst/inst_fifo_gen/gconvfifo.rf/grf.rf/gntv_or_sync_fifo.gl0.rd/grss.rsts/ram_empty_i_reg_1
    SLICE_X55Y118        FDPE                                         f  top_i/axi_interconnect_0/s00_couplers/auto_ds/inst/gen_downsizer.gen_simple_downsizer.axi_downsizer_inst/USE_WRITE.write_addr_inst/cmd_queue/inst/fifo_gen_inst/inst_fifo_gen/gconvfifo.rf/grf.rf/gntv_or_sync_fifo.gl0.rd/grss.rsts/ram_empty_i_reg/PRE
  -------------------------------------------------------------------    -------------------

                         (clock clk_pl_0 rise edge)
                                                      0.000     0.000 r  
    PS8_X0Y0             PS8                          0.000     0.000 r  top_i/zynq_ps/inst/PS8_i/PLCLK[0]
                         net (fo=1, routed)           0.154     0.154    top_i/zynq_ps/inst/pl_clk_unbuffered[0]
    BUFG_PS_X0Y80        BUFG_PS (Prop_BUFG_PS_I_O)
                                                      0.018     0.172 r  top_i/zynq_ps/inst/buffer_pl_clk_0.PL_CLK_0_BUFG/O
    X2Y2 (CLOCK_ROOT)    net (fo=35948, routed)       1.440     1.612    top_i/axi_interconnect_0/s00_couplers/auto_ds/inst/gen_downsizer.gen_simple_downsizer.axi_downsizer_inst/USE_WRITE.write_addr_inst/cmd_queue/inst/fifo_gen_inst/inst_fifo_gen/gconvfifo.rf/grf.rf/gntv_or_sync_fifo.gl0.rd/grss.rsts/clk
    SLICE_X55Y118        FDPE                                         r  top_i/axi_interconnect_0/s00_couplers/auto_ds/inst/gen_downsizer.gen_simple_downsizer.axi_downsizer_inst/USE_WRITE.write_addr_inst/cmd_queue/inst/fifo_gen_inst/inst_fifo_gen/gconvfifo.rf/grf.rf/gntv_or_sync_fifo.gl0.rd/grss.rsts/ram_empty_i_reg/C
                         clock pessimism             -0.143     1.469    
    SLICE_X55Y118        FDPE (Remov_GFF2_SLICEL_C_PRE)
                                                     -0.020     1.449    top_i/axi_interconnect_0/s00_couplers/auto_ds/inst/gen_downsizer.gen_simple_downsizer.axi_downsizer_inst/USE_WRITE.write_addr_inst/cmd_queue/inst/fifo_gen_inst/inst_fifo_gen/gconvfifo.rf/grf.rf/gntv_or_sync_fifo.gl0.rd/grss.rsts/ram_empty_i_reg
  -------------------------------------------------------------------
                         required time                         -1.449    
                         arrival time                           1.587    
  -------------------------------------------------------------------
                         slack                                  0.138    

Slack (MET) :             0.138ns  (arrival time - required time)
  Source:                 top_i/axi_interconnect_0/s00_couplers/auto_ds/inst/gen_downsizer.gen_simple_downsizer.axi_downsizer_inst/USE_WRITE.write_addr_inst/cmd_queue/inst/fifo_gen_inst/inst_fifo_gen/gconvfifo.rf/grf.rf/rstblk/ngwrdrst.grst.g7serrst.gnsckt_wrst.gcc_rst.sckt_wr_rst_cc_reg[0]/C
                            (rising edge-triggered cell FDRE clocked by clk_pl_0  {rise@0.000ns fall@2.667ns period=5.333ns})
  Destination:            top_i/axi_interconnect_0/s00_couplers/auto_ds/inst/gen_downsizer.gen_simple_downsizer.axi_downsizer_inst/USE_WRITE.write_addr_inst/cmd_queue/inst/fifo_gen_inst/inst_fifo_gen/gconvfifo.rf/grf.rf/gntv_or_sync_fifo.gl0.wr/gwss.wsts/ram_full_fb_i_reg/CLR
                            (removal check against rising-edge clock clk_pl_0  {rise@0.000ns fall@2.667ns period=5.333ns})
  Path Group:             **async_default**
  Path Type:              Removal (Min at Fast Process Corner)
  Requirement:            0.000ns  (clk_pl_0 rise@0.000ns - clk_pl_0 rise@0.000ns)
  Data Path Delay:        0.182ns  (logic 0.053ns (29.095%)  route 0.129ns (70.905%))
  Logic Levels:           1  (LUT3=1)
  Clock Path Skew:        0.065ns (DCD - SCD - CPR)
    Destination Clock Delay (DCD):    1.612ns
    Source Clock Delay      (SCD):    1.405ns
    Clock Pessimism Removal (CPR):    0.143ns
  Clock Net Delay (Source):      1.266ns (routing 0.519ns, distribution 0.747ns)
  Clock Net Delay (Destination): 1.440ns (routing 0.581ns, distribution 0.859ns)

    Location             Delay type                Incr(ns)  Path(ns)    Netlist Resource(s)
  -------------------------------------------------------------------    -------------------
                         (clock clk_pl_0 rise edge)
                                                      0.000     0.000 r  
    PS8_X0Y0             PS8                          0.000     0.000 r  top_i/zynq_ps/inst/PS8_i/PLCLK[0]
                         net (fo=1, routed)           0.122     0.122    top_i/zynq_ps/inst/pl_clk_unbuffered[0]
    BUFG_PS_X0Y80        BUFG_PS (Prop_BUFG_PS_I_O)
                                                      0.017     0.139 r  top_i/zynq_ps/inst/buffer_pl_clk_0.PL_CLK_0_BUFG/O
    X2Y2 (CLOCK_ROOT)    net (fo=35948, routed)       1.266     1.405    top_i/axi_interconnect_0/s00_couplers/auto_ds/inst/gen_downsizer.gen_simple_downsizer.axi_downsizer_inst/USE_WRITE.write_addr_inst/cmd_queue/inst/fifo_gen_inst/inst_fifo_gen/gconvfifo.rf/grf.rf/rstblk/clk
    SLICE_X57Y118        FDRE                                         r  top_i/axi_interconnect_0/s00_couplers/auto_ds/inst/gen_downsizer.gen_simple_downsizer.axi_downsizer_inst/USE_WRITE.write_addr_inst/cmd_queue/inst/fifo_gen_inst/inst_fifo_gen/gconvfifo.rf/grf.rf/rstblk/ngwrdrst.grst.g7serrst.gnsckt_wrst.gcc_rst.sckt_wr_rst_cc_reg[0]/C
  -------------------------------------------------------------------    -------------------
    SLICE_X57Y118        FDRE (Prop_HFF_SLICEM_C_Q)
                                                      0.039     1.444 f  top_i/axi_interconnect_0/s00_couplers/auto_ds/inst/gen_downsizer.gen_simple_downsizer.axi_downsizer_inst/USE_WRITE.write_addr_inst/cmd_queue/inst/fifo_gen_inst/inst_fifo_gen/gconvfifo.rf/grf.rf/rstblk/ngwrdrst.grst.g7serrst.gnsckt_wrst.gcc_rst.sckt_wr_rst_cc_reg[0]/Q
                         net (fo=3, routed)           0.028     1.472    top_i/axi_interconnect_0/s00_couplers/auto_ds/inst/gen_downsizer.gen_simple_downsizer.axi_downsizer_inst/USE_WRITE.write_addr_inst/cmd_queue/inst/fifo_gen_inst/inst_fifo_gen/gconvfifo.rf/grf.rf/rstblk/ngwrdrst.grst.g7serrst.gnsckt_wrst.gcc_rst.sckt_wr_rst_cc[0]
    SLICE_X57Y118        LUT3 (Prop_G6LUT_SLICEM_I1_O)
                                                      0.014     1.486 f  top_i/axi_interconnect_0/s00_couplers/auto_ds/inst/gen_downsizer.gen_simple_downsizer.axi_downsizer_inst/USE_WRITE.write_addr_inst/cmd_queue/inst/fifo_gen_inst/inst_fifo_gen/gconvfifo.rf/grf.rf/rstblk/gpregsm1.curr_fwft_state[1]_i_2/O
                         net (fo=32, routed)          0.101     1.587    top_i/axi_interconnect_0/s00_couplers/auto_ds/inst/gen_downsizer.gen_simple_downsizer.axi_downsizer_inst/USE_WRITE.write_addr_inst/cmd_queue/inst/fifo_gen_inst/inst_fifo_gen/gconvfifo.rf/grf.rf/gntv_or_sync_fifo.gl0.wr/gwss.wsts/AR[0]
    SLICE_X55Y118        FDCE                                         f  top_i/axi_interconnect_0/s00_couplers/auto_ds/inst/gen_downsizer.gen_simple_downsizer.axi_downsizer_inst/USE_WRITE.write_addr_inst/cmd_queue/inst/fifo_gen_inst/inst_fifo_gen/gconvfifo.rf/grf.rf/gntv_or_sync_fifo.gl0.wr/gwss.wsts/ram_full_fb_i_reg/CLR
  -------------------------------------------------------------------    -------------------

                         (clock clk_pl_0 rise edge)
                                                      0.000     0.000 r  
    PS8_X0Y0             PS8                          0.000     0.000 r  top_i/zynq_ps/inst/PS8_i/PLCLK[0]
                         net (fo=1, routed)           0.154     0.154    top_i/zynq_ps/inst/pl_clk_unbuffered[0]
    BUFG_PS_X0Y80        BUFG_PS (Prop_BUFG_PS_I_O)
                                                      0.018     0.172 r  top_i/zynq_ps/inst/buffer_pl_clk_0.PL_CLK_0_BUFG/O
    X2Y2 (CLOCK_ROOT)    net (fo=35948, routed)       1.440     1.612    top_i/axi_interconnect_0/s00_couplers/auto_ds/inst/gen_downsizer.gen_simple_downsizer.axi_downsizer_inst/USE_WRITE.write_addr_inst/cmd_queue/inst/fifo_gen_inst/inst_fifo_gen/gconvfifo.rf/grf.rf/gntv_or_sync_fifo.gl0.wr/gwss.wsts/clk
    SLICE_X55Y118        FDCE                                         r  top_i/axi_interconnect_0/s00_couplers/auto_ds/inst/gen_downsizer.gen_simple_downsizer.axi_downsizer_inst/USE_WRITE.write_addr_inst/cmd_queue/inst/fifo_gen_inst/inst_fifo_gen/gconvfifo.rf/grf.rf/gntv_or_sync_fifo.gl0.wr/gwss.wsts/ram_full_fb_i_reg/C
                         clock pessimism             -0.143     1.469    
    SLICE_X55Y118        FDCE (Remov_FFF2_SLICEL_C_CLR)
                                                     -0.020     1.449    top_i/axi_interconnect_0/s00_couplers/auto_ds/inst/gen_downsizer.gen_simple_downsizer.axi_downsizer_inst/USE_WRITE.write_addr_inst/cmd_queue/inst/fifo_gen_inst/inst_fifo_gen/gconvfifo.rf/grf.rf/gntv_or_sync_fifo.gl0.wr/gwss.wsts/ram_full_fb_i_reg
  -------------------------------------------------------------------
                         required time                         -1.449    
                         arrival time                           1.587    
  -------------------------------------------------------------------
                         slack                                  0.138    

Slack (MET) :             0.138ns  (arrival time - required time)
  Source:                 top_i/axi_interconnect_0/s00_couplers/auto_ds/inst/gen_downsizer.gen_simple_downsizer.axi_downsizer_inst/USE_WRITE.write_addr_inst/cmd_queue/inst/fifo_gen_inst/inst_fifo_gen/gconvfifo.rf/grf.rf/rstblk/ngwrdrst.grst.g7serrst.gnsckt_wrst.gcc_rst.sckt_wr_rst_cc_reg[0]/C
                            (rising edge-triggered cell FDRE clocked by clk_pl_0  {rise@0.000ns fall@2.667ns period=5.333ns})
  Destination:            top_i/axi_interconnect_0/s00_couplers/auto_ds/inst/gen_downsizer.gen_simple_downsizer.axi_downsizer_inst/USE_WRITE.write_addr_inst/cmd_queue/inst/fifo_gen_inst/inst_fifo_gen/gconvfifo.rf/grf.rf/gntv_or_sync_fifo.gl0.wr/wpntr/gcc0.gc0.count_d1_reg[0]/CLR
                            (removal check against rising-edge clock clk_pl_0  {rise@0.000ns fall@2.667ns period=5.333ns})
  Path Group:             **async_default**
  Path Type:              Removal (Min at Fast Process Corner)
  Requirement:            0.000ns  (clk_pl_0 rise@0.000ns - clk_pl_0 rise@0.000ns)
  Data Path Delay:        0.182ns  (logic 0.053ns (29.095%)  route 0.129ns (70.905%))
  Logic Levels:           1  (LUT3=1)
  Clock Path Skew:        0.065ns (DCD - SCD - CPR)
    Destination Clock Delay (DCD):    1.612ns
    Source Clock Delay      (SCD):    1.405ns
    Clock Pessimism Removal (CPR):    0.143ns
  Clock Net Delay (Source):      1.266ns (routing 0.519ns, distribution 0.747ns)
  Clock Net Delay (Destination): 1.440ns (routing 0.581ns, distribution 0.859ns)

    Location             Delay type                Incr(ns)  Path(ns)    Netlist Resource(s)
  -------------------------------------------------------------------    -------------------
                         (clock clk_pl_0 rise edge)
                                                      0.000     0.000 r  
    PS8_X0Y0             PS8                          0.000     0.000 r  top_i/zynq_ps/inst/PS8_i/PLCLK[0]
                         net (fo=1, routed)           0.122     0.122    top_i/zynq_ps/inst/pl_clk_unbuffered[0]
    BUFG_PS_X0Y80        BUFG_PS (Prop_BUFG_PS_I_O)
                                                      0.017     0.139 r  top_i/zynq_ps/inst/buffer_pl_clk_0.PL_CLK_0_BUFG/O
    X2Y2 (CLOCK_ROOT)    net (fo=35948, routed)       1.266     1.405    top_i/axi_interconnect_0/s00_couplers/auto_ds/inst/gen_downsizer.gen_simple_downsizer.axi_downsizer_inst/USE_WRITE.write_addr_inst/cmd_queue/inst/fifo_gen_inst/inst_fifo_gen/gconvfifo.rf/grf.rf/rstblk/clk
    SLICE_X57Y118        FDRE                                         r  top_i/axi_interconnect_0/s00_couplers/auto_ds/inst/gen_downsizer.gen_simple_downsizer.axi_downsizer_inst/USE_WRITE.write_addr_inst/cmd_queue/inst/fifo_gen_inst/inst_fifo_gen/gconvfifo.rf/grf.rf/rstblk/ngwrdrst.grst.g7serrst.gnsckt_wrst.gcc_rst.sckt_wr_rst_cc_reg[0]/C
  -------------------------------------------------------------------    -------------------
    SLICE_X57Y118        FDRE (Prop_HFF_SLICEM_C_Q)
                                                      0.039     1.444 f  top_i/axi_interconnect_0/s00_couplers/auto_ds/inst/gen_downsizer.gen_simple_downsizer.axi_downsizer_inst/USE_WRITE.write_addr_inst/cmd_queue/inst/fifo_gen_inst/inst_fifo_gen/gconvfifo.rf/grf.rf/rstblk/ngwrdrst.grst.g7serrst.gnsckt_wrst.gcc_rst.sckt_wr_rst_cc_reg[0]/Q
                         net (fo=3, routed)           0.028     1.472    top_i/axi_interconnect_0/s00_couplers/auto_ds/inst/gen_downsizer.gen_simple_downsizer.axi_downsizer_inst/USE_WRITE.write_addr_inst/cmd_queue/inst/fifo_gen_inst/inst_fifo_gen/gconvfifo.rf/grf.rf/rstblk/ngwrdrst.grst.g7serrst.gnsckt_wrst.gcc_rst.sckt_wr_rst_cc[0]
    SLICE_X57Y118        LUT3 (Prop_G6LUT_SLICEM_I1_O)
                                                      0.014     1.486 f  top_i/axi_interconnect_0/s00_couplers/auto_ds/inst/gen_downsizer.gen_simple_downsizer.axi_downsizer_inst/USE_WRITE.write_addr_inst/cmd_queue/inst/fifo_gen_inst/inst_fifo_gen/gconvfifo.rf/grf.rf/rstblk/gpregsm1.curr_fwft_state[1]_i_2/O
                         net (fo=32, routed)          0.101     1.587    top_i/axi_interconnect_0/s00_couplers/auto_ds/inst/gen_downsizer.gen_simple_downsizer.axi_downsizer_inst/USE_WRITE.write_addr_inst/cmd_queue/inst/fifo_gen_inst/inst_fifo_gen/gconvfifo.rf/grf.rf/gntv_or_sync_fifo.gl0.wr/wpntr/AR[0]
    SLICE_X55Y118        FDCE                                         f  top_i/axi_interconnect_0/s00_couplers/auto_ds/inst/gen_downsizer.gen_simple_downsizer.axi_downsizer_inst/USE_WRITE.write_addr_inst/cmd_queue/inst/fifo_gen_inst/inst_fifo_gen/gconvfifo.rf/grf.rf/gntv_or_sync_fifo.gl0.wr/wpntr/gcc0.gc0.count_d1_reg[0]/CLR
  -------------------------------------------------------------------    -------------------

                         (clock clk_pl_0 rise edge)
                                                      0.000     0.000 r  
    PS8_X0Y0             PS8                          0.000     0.000 r  top_i/zynq_ps/inst/PS8_i/PLCLK[0]
                         net (fo=1, routed)           0.154     0.154    top_i/zynq_ps/inst/pl_clk_unbuffered[0]
    BUFG_PS_X0Y80        BUFG_PS (Prop_BUFG_PS_I_O)
                                                      0.018     0.172 r  top_i/zynq_ps/inst/buffer_pl_clk_0.PL_CLK_0_BUFG/O
    X2Y2 (CLOCK_ROOT)    net (fo=35948, routed)       1.440     1.612    top_i/axi_interconnect_0/s00_couplers/auto_ds/inst/gen_downsizer.gen_simple_downsizer.axi_downsizer_inst/USE_WRITE.write_addr_inst/cmd_queue/inst/fifo_gen_inst/inst_fifo_gen/gconvfifo.rf/grf.rf/gntv_or_sync_fifo.gl0.wr/wpntr/clk
    SLICE_X55Y118        FDCE                                         r  top_i/axi_interconnect_0/s00_couplers/auto_ds/inst/gen_downsizer.gen_simple_downsizer.axi_downsizer_inst/USE_WRITE.write_addr_inst/cmd_queue/inst/fifo_gen_inst/inst_fifo_gen/gconvfifo.rf/grf.rf/gntv_or_sync_fifo.gl0.wr/wpntr/gcc0.gc0.count_d1_reg[0]/C
                         clock pessimism             -0.143     1.469    
    SLICE_X55Y118        FDCE (Remov_HFF_SLICEL_C_CLR)
                                                     -0.020     1.449    top_i/axi_interconnect_0/s00_couplers/auto_ds/inst/gen_downsizer.gen_simple_downsizer.axi_downsizer_inst/USE_WRITE.write_addr_inst/cmd_queue/inst/fifo_gen_inst/inst_fifo_gen/gconvfifo.rf/grf.rf/gntv_or_sync_fifo.gl0.wr/wpntr/gcc0.gc0.count_d1_reg[0]
  -------------------------------------------------------------------
                         required time                         -1.449    
                         arrival time                           1.587    
  -------------------------------------------------------------------
                         slack                                  0.138    

Slack (MET) :             0.142ns  (arrival time - required time)
  Source:                 top_i/axi_interconnect_0/s00_couplers/auto_ds/inst/gen_downsizer.gen_simple_downsizer.axi_downsizer_inst/USE_WRITE.write_addr_inst/cmd_queue/inst/fifo_gen_inst/inst_fifo_gen/gconvfifo.rf/grf.rf/rstblk/ngwrdrst.grst.g7serrst.gnsckt_wrst.gcc_rst.sckt_wr_rst_cc_reg[0]/C
                            (rising edge-triggered cell FDRE clocked by clk_pl_0  {rise@0.000ns fall@2.667ns period=5.333ns})
  Destination:            top_i/axi_interconnect_0/s00_couplers/auto_ds/inst/gen_downsizer.gen_simple_downsizer.axi_downsizer_inst/USE_WRITE.write_addr_inst/cmd_queue/inst/fifo_gen_inst/inst_fifo_gen/gconvfifo.rf/grf.rf/gntv_or_sync_fifo.gl0.wr/wpntr/gcc0.gc0.count_reg[0]/PRE
                            (removal check against rising-edge clock clk_pl_0  {rise@0.000ns fall@2.667ns period=5.333ns})
  Path Group:             **async_default**
  Path Type:              Removal (Min at Fast Process Corner)
  Requirement:            0.000ns  (clk_pl_0 rise@0.000ns - clk_pl_0 rise@0.000ns)
  Data Path Delay:        0.182ns  (logic 0.053ns (29.095%)  route 0.129ns (70.905%))
  Logic Levels:           1  (LUT3=1)
  Clock Path Skew:        0.060ns (DCD - SCD - CPR)
    Destination Clock Delay (DCD):    1.608ns
    Source Clock Delay      (SCD):    1.405ns
    Clock Pessimism Removal (CPR):    0.143ns
  Clock Net Delay (Source):      1.266ns (routing 0.519ns, distribution 0.747ns)
  Clock Net Delay (Destination): 1.436ns (routing 0.581ns, distribution 0.855ns)

    Location             Delay type                Incr(ns)  Path(ns)    Netlist Resource(s)
  -------------------------------------------------------------------    -------------------
                         (clock clk_pl_0 rise edge)
                                                      0.000     0.000 r  
    PS8_X0Y0             PS8                          0.000     0.000 r  top_i/zynq_ps/inst/PS8_i/PLCLK[0]
                         net (fo=1, routed)           0.122     0.122    top_i/zynq_ps/inst/pl_clk_unbuffered[0]
    BUFG_PS_X0Y80        BUFG_PS (Prop_BUFG_PS_I_O)
                                                      0.017     0.139 r  top_i/zynq_ps/inst/buffer_pl_clk_0.PL_CLK_0_BUFG/O
    X2Y2 (CLOCK_ROOT)    net (fo=35948, routed)       1.266     1.405    top_i/axi_interconnect_0/s00_couplers/auto_ds/inst/gen_downsizer.gen_simple_downsizer.axi_downsizer_inst/USE_WRITE.write_addr_inst/cmd_queue/inst/fifo_gen_inst/inst_fifo_gen/gconvfifo.rf/grf.rf/rstblk/clk
    SLICE_X57Y118        FDRE                                         r  top_i/axi_interconnect_0/s00_couplers/auto_ds/inst/gen_downsizer.gen_simple_downsizer.axi_downsizer_inst/USE_WRITE.write_addr_inst/cmd_queue/inst/fifo_gen_inst/inst_fifo_gen/gconvfifo.rf/grf.rf/rstblk/ngwrdrst.grst.g7serrst.gnsckt_wrst.gcc_rst.sckt_wr_rst_cc_reg[0]/C
  -------------------------------------------------------------------    -------------------
    SLICE_X57Y118        FDRE (Prop_HFF_SLICEM_C_Q)
                                                      0.039     1.444 f  top_i/axi_interconnect_0/s00_couplers/auto_ds/inst/gen_downsizer.gen_simple_downsizer.axi_downsizer_inst/USE_WRITE.write_addr_inst/cmd_queue/inst/fifo_gen_inst/inst_fifo_gen/gconvfifo.rf/grf.rf/rstblk/ngwrdrst.grst.g7serrst.gnsckt_wrst.gcc_rst.sckt_wr_rst_cc_reg[0]/Q
                         net (fo=3, routed)           0.028     1.472    top_i/axi_interconnect_0/s00_couplers/auto_ds/inst/gen_downsizer.gen_simple_downsizer.axi_downsizer_inst/USE_WRITE.write_addr_inst/cmd_queue/inst/fifo_gen_inst/inst_fifo_gen/gconvfifo.rf/grf.rf/rstblk/ngwrdrst.grst.g7serrst.gnsckt_wrst.gcc_rst.sckt_wr_rst_cc[0]
    SLICE_X57Y118        LUT3 (Prop_G6LUT_SLICEM_I1_O)
                                                      0.014     1.486 f  top_i/axi_interconnect_0/s00_couplers/auto_ds/inst/gen_downsizer.gen_simple_downsizer.axi_downsizer_inst/USE_WRITE.write_addr_inst/cmd_queue/inst/fifo_gen_inst/inst_fifo_gen/gconvfifo.rf/grf.rf/rstblk/gpregsm1.curr_fwft_state[1]_i_2/O
                         net (fo=32, routed)          0.101     1.587    top_i/axi_interconnect_0/s00_couplers/auto_ds/inst/gen_downsizer.gen_simple_downsizer.axi_downsizer_inst/USE_WRITE.write_addr_inst/cmd_queue/inst/fifo_gen_inst/inst_fifo_gen/gconvfifo.rf/grf.rf/gntv_or_sync_fifo.gl0.wr/wpntr/AR[0]
    SLICE_X55Y118        FDPE                                         f  top_i/axi_interconnect_0/s00_couplers/auto_ds/inst/gen_downsizer.gen_simple_downsizer.axi_downsizer_inst/USE_WRITE.write_addr_inst/cmd_queue/inst/fifo_gen_inst/inst_fifo_gen/gconvfifo.rf/grf.rf/gntv_or_sync_fifo.gl0.wr/wpntr/gcc0.gc0.count_reg[0]/PRE
  -------------------------------------------------------------------    -------------------

                         (clock clk_pl_0 rise edge)
                                                      0.000     0.000 r  
    PS8_X0Y0             PS8                          0.000     0.000 r  top_i/zynq_ps/inst/PS8_i/PLCLK[0]
                         net (fo=1, routed)           0.154     0.154    top_i/zynq_ps/inst/pl_clk_unbuffered[0]
    BUFG_PS_X0Y80        BUFG_PS (Prop_BUFG_PS_I_O)
                                                      0.018     0.172 r  top_i/zynq_ps/inst/buffer_pl_clk_0.PL_CLK_0_BUFG/O
    X2Y2 (CLOCK_ROOT)    net (fo=35948, routed)       1.436     1.608    top_i/axi_interconnect_0/s00_couplers/auto_ds/inst/gen_downsizer.gen_simple_downsizer.axi_downsizer_inst/USE_WRITE.write_addr_inst/cmd_queue/inst/fifo_gen_inst/inst_fifo_gen/gconvfifo.rf/grf.rf/gntv_or_sync_fifo.gl0.wr/wpntr/clk
    SLICE_X55Y118        FDPE                                         r  top_i/axi_interconnect_0/s00_couplers/auto_ds/inst/gen_downsizer.gen_simple_downsizer.axi_downsizer_inst/USE_WRITE.write_addr_inst/cmd_queue/inst/fifo_gen_inst/inst_fifo_gen/gconvfifo.rf/grf.rf/gntv_or_sync_fifo.gl0.wr/wpntr/gcc0.gc0.count_reg[0]/C
                         clock pessimism             -0.143     1.465    
    SLICE_X55Y118        FDPE (Remov_DFF2_SLICEL_C_PRE)
                                                     -0.020     1.445    top_i/axi_interconnect_0/s00_couplers/auto_ds/inst/gen_downsizer.gen_simple_downsizer.axi_downsizer_inst/USE_WRITE.write_addr_inst/cmd_queue/inst/fifo_gen_inst/inst_fifo_gen/gconvfifo.rf/grf.rf/gntv_or_sync_fifo.gl0.wr/wpntr/gcc0.gc0.count_reg[0]
  -------------------------------------------------------------------
                         required time                         -1.445    
                         arrival time                           1.587    
  -------------------------------------------------------------------
                         slack                                  0.142    

Slack (MET) :             0.156ns  (arrival time - required time)
  Source:                 top_i/axi_interconnect_0/s00_couplers/auto_ds/inst/gen_downsizer.gen_simple_downsizer.axi_downsizer_inst/USE_WRITE.write_addr_inst/cmd_queue/inst/fifo_gen_inst/inst_fifo_gen/gconvfifo.rf/grf.rf/rstblk/ngwrdrst.grst.g7serrst.gnsckt_wrst.gcc_rst.sckt_wr_rst_cc_reg[0]/C
                            (rising edge-triggered cell FDRE clocked by clk_pl_0  {rise@0.000ns fall@2.667ns period=5.333ns})
  Destination:            top_i/axi_interconnect_0/s00_couplers/auto_ds/inst/gen_downsizer.gen_simple_downsizer.axi_downsizer_inst/USE_WRITE.write_addr_inst/cmd_queue/inst/fifo_gen_inst/inst_fifo_gen/gconvfifo.rf/grf.rf/gntv_or_sync_fifo.gl0.rd/rpntr/gc0.count_reg[0]/PRE
                            (removal check against rising-edge clock clk_pl_0  {rise@0.000ns fall@2.667ns period=5.333ns})
  Path Group:             **async_default**
  Path Type:              Removal (Min at Fast Process Corner)
  Requirement:            0.000ns  (clk_pl_0 rise@0.000ns - clk_pl_0 rise@0.000ns)
  Data Path Delay:        0.192ns  (logic 0.053ns (27.654%)  route 0.139ns (72.346%))
  Logic Levels:           1  (LUT3=1)
  Clock Path Skew:        0.056ns (DCD - SCD - CPR)
    Destination Clock Delay (DCD):    1.603ns
    Source Clock Delay      (SCD):    1.405ns
    Clock Pessimism Removal (CPR):    0.143ns
  Clock Net Delay (Source):      1.266ns (routing 0.519ns, distribution 0.747ns)
  Clock Net Delay (Destination): 1.431ns (routing 0.581ns, distribution 0.850ns)

    Location             Delay type                Incr(ns)  Path(ns)    Netlist Resource(s)
  -------------------------------------------------------------------    -------------------
                         (clock clk_pl_0 rise edge)
                                                      0.000     0.000 r  
    PS8_X0Y0             PS8                          0.000     0.000 r  top_i/zynq_ps/inst/PS8_i/PLCLK[0]
                         net (fo=1, routed)           0.122     0.122    top_i/zynq_ps/inst/pl_clk_unbuffered[0]
    BUFG_PS_X0Y80        BUFG_PS (Prop_BUFG_PS_I_O)
                                                      0.017     0.139 r  top_i/zynq_ps/inst/buffer_pl_clk_0.PL_CLK_0_BUFG/O
    X2Y2 (CLOCK_ROOT)    net (fo=35948, routed)       1.266     1.405    top_i/axi_interconnect_0/s00_couplers/auto_ds/inst/gen_downsizer.gen_simple_downsizer.axi_downsizer_inst/USE_WRITE.write_addr_inst/cmd_queue/inst/fifo_gen_inst/inst_fifo_gen/gconvfifo.rf/grf.rf/rstblk/clk
    SLICE_X57Y118        FDRE                                         r  top_i/axi_interconnect_0/s00_couplers/auto_ds/inst/gen_downsizer.gen_simple_downsizer.axi_downsizer_inst/USE_WRITE.write_addr_inst/cmd_queue/inst/fifo_gen_inst/inst_fifo_gen/gconvfifo.rf/grf.rf/rstblk/ngwrdrst.grst.g7serrst.gnsckt_wrst.gcc_rst.sckt_wr_rst_cc_reg[0]/C
  -------------------------------------------------------------------    -------------------
    SLICE_X57Y118        FDRE (Prop_HFF_SLICEM_C_Q)
                                                      0.039     1.444 f  top_i/axi_interconnect_0/s00_couplers/auto_ds/inst/gen_downsizer.gen_simple_downsizer.axi_downsizer_inst/USE_WRITE.write_addr_inst/cmd_queue/inst/fifo_gen_inst/inst_fifo_gen/gconvfifo.rf/grf.rf/rstblk/ngwrdrst.grst.g7serrst.gnsckt_wrst.gcc_rst.sckt_wr_rst_cc_reg[0]/Q
                         net (fo=3, routed)           0.028     1.472    top_i/axi_interconnect_0/s00_couplers/auto_ds/inst/gen_downsizer.gen_simple_downsizer.axi_downsizer_inst/USE_WRITE.write_addr_inst/cmd_queue/inst/fifo_gen_inst/inst_fifo_gen/gconvfifo.rf/grf.rf/rstblk/ngwrdrst.grst.g7serrst.gnsckt_wrst.gcc_rst.sckt_wr_rst_cc[0]
    SLICE_X57Y118        LUT3 (Prop_G6LUT_SLICEM_I1_O)
                                                      0.014     1.486 f  top_i/axi_interconnect_0/s00_couplers/auto_ds/inst/gen_downsizer.gen_simple_downsizer.axi_downsizer_inst/USE_WRITE.write_addr_inst/cmd_queue/inst/fifo_gen_inst/inst_fifo_gen/gconvfifo.rf/grf.rf/rstblk/gpregsm1.curr_fwft_state[1]_i_2/O
                         net (fo=32, routed)          0.111     1.596    top_i/axi_interconnect_0/s00_couplers/auto_ds/inst/gen_downsizer.gen_simple_downsizer.axi_downsizer_inst/USE_WRITE.write_addr_inst/cmd_queue/inst/fifo_gen_inst/inst_fifo_gen/gconvfifo.rf/grf.rf/gntv_or_sync_fifo.gl0.rd/rpntr/gc0.count_d1_reg[4]_1
    SLICE_X56Y118        FDPE                                         f  top_i/axi_interconnect_0/s00_couplers/auto_ds/inst/gen_downsizer.gen_simple_downsizer.axi_downsizer_inst/USE_WRITE.write_addr_inst/cmd_queue/inst/fifo_gen_inst/inst_fifo_gen/gconvfifo.rf/grf.rf/gntv_or_sync_fifo.gl0.rd/rpntr/gc0.count_reg[0]/PRE
  -------------------------------------------------------------------    -------------------

                         (clock clk_pl_0 rise edge)
                                                      0.000     0.000 r  
    PS8_X0Y0             PS8                          0.000     0.000 r  top_i/zynq_ps/inst/PS8_i/PLCLK[0]
                         net (fo=1, routed)           0.154     0.154    top_i/zynq_ps/inst/pl_clk_unbuffered[0]
    BUFG_PS_X0Y80        BUFG_PS (Prop_BUFG_PS_I_O)
                                                      0.018     0.172 r  top_i/zynq_ps/inst/buffer_pl_clk_0.PL_CLK_0_BUFG/O
    X2Y2 (CLOCK_ROOT)    net (fo=35948, routed)       1.431     1.603    top_i/axi_interconnect_0/s00_couplers/auto_ds/inst/gen_downsizer.gen_simple_downsizer.axi_downsizer_inst/USE_WRITE.write_addr_inst/cmd_queue/inst/fifo_gen_inst/inst_fifo_gen/gconvfifo.rf/grf.rf/gntv_or_sync_fifo.gl0.rd/rpntr/clk
    SLICE_X56Y118        FDPE                                         r  top_i/axi_interconnect_0/s00_couplers/auto_ds/inst/gen_downsizer.gen_simple_downsizer.axi_downsizer_inst/USE_WRITE.write_addr_inst/cmd_queue/inst/fifo_gen_inst/inst_fifo_gen/gconvfifo.rf/grf.rf/gntv_or_sync_fifo.gl0.rd/rpntr/gc0.count_reg[0]/C
                         clock pessimism             -0.143     1.461    
    SLICE_X56Y118        FDPE (Remov_BFF2_SLICEM_C_PRE)
                                                     -0.020     1.441    top_i/axi_interconnect_0/s00_couplers/auto_ds/inst/gen_downsizer.gen_simple_downsizer.axi_downsizer_inst/USE_WRITE.write_addr_inst/cmd_queue/inst/fifo_gen_inst/inst_fifo_gen/gconvfifo.rf/grf.rf/gntv_or_sync_fifo.gl0.rd/rpntr/gc0.count_reg[0]
  -------------------------------------------------------------------
                         required time                         -1.441    
                         arrival time                           1.596    
  -------------------------------------------------------------------
                         slack                                  0.156    

Slack (MET) :             0.156ns  (arrival time - required time)
  Source:                 top_i/axi_interconnect_0/s00_couplers/auto_ds/inst/gen_downsizer.gen_simple_downsizer.axi_downsizer_inst/USE_WRITE.write_addr_inst/cmd_queue/inst/fifo_gen_inst/inst_fifo_gen/gconvfifo.rf/grf.rf/rstblk/ngwrdrst.grst.g7serrst.gnsckt_wrst.gcc_rst.sckt_wr_rst_cc_reg[0]/C
                            (rising edge-triggered cell FDRE clocked by clk_pl_0  {rise@0.000ns fall@2.667ns period=5.333ns})
  Destination:            top_i/axi_interconnect_0/s00_couplers/auto_ds/inst/gen_downsizer.gen_simple_downsizer.axi_downsizer_inst/USE_WRITE.write_addr_inst/cmd_queue/inst/fifo_gen_inst/inst_fifo_gen/gconvfifo.rf/grf.rf/gntv_or_sync_fifo.gl0.rd/rpntr/gc0.count_reg[1]/CLR
                            (removal check against rising-edge clock clk_pl_0  {rise@0.000ns fall@2.667ns period=5.333ns})
  Path Group:             **async_default**
  Path Type:              Removal (Min at Fast Process Corner)
  Requirement:            0.000ns  (clk_pl_0 rise@0.000ns - clk_pl_0 rise@0.000ns)
  Data Path Delay:        0.192ns  (logic 0.053ns (27.654%)  route 0.139ns (72.346%))
  Logic Levels:           1  (LUT3=1)
  Clock Path Skew:        0.056ns (DCD - SCD - CPR)
    Destination Clock Delay (DCD):    1.603ns
    Source Clock Delay      (SCD):    1.405ns
    Clock Pessimism Removal (CPR):    0.143ns
  Clock Net Delay (Source):      1.266ns (routing 0.519ns, distribution 0.747ns)
  Clock Net Delay (Destination): 1.431ns (routing 0.581ns, distribution 0.850ns)

    Location             Delay type                Incr(ns)  Path(ns)    Netlist Resource(s)
  -------------------------------------------------------------------    -------------------
                         (clock clk_pl_0 rise edge)
                                                      0.000     0.000 r  
    PS8_X0Y0             PS8                          0.000     0.000 r  top_i/zynq_ps/inst/PS8_i/PLCLK[0]
                         net (fo=1, routed)           0.122     0.122    top_i/zynq_ps/inst/pl_clk_unbuffered[0]
    BUFG_PS_X0Y80        BUFG_PS (Prop_BUFG_PS_I_O)
                                                      0.017     0.139 r  top_i/zynq_ps/inst/buffer_pl_clk_0.PL_CLK_0_BUFG/O
    X2Y2 (CLOCK_ROOT)    net (fo=35948, routed)       1.266     1.405    top_i/axi_interconnect_0/s00_couplers/auto_ds/inst/gen_downsizer.gen_simple_downsizer.axi_downsizer_inst/USE_WRITE.write_addr_inst/cmd_queue/inst/fifo_gen_inst/inst_fifo_gen/gconvfifo.rf/grf.rf/rstblk/clk
    SLICE_X57Y118        FDRE                                         r  top_i/axi_interconnect_0/s00_couplers/auto_ds/inst/gen_downsizer.gen_simple_downsizer.axi_downsizer_inst/USE_WRITE.write_addr_inst/cmd_queue/inst/fifo_gen_inst/inst_fifo_gen/gconvfifo.rf/grf.rf/rstblk/ngwrdrst.grst.g7serrst.gnsckt_wrst.gcc_rst.sckt_wr_rst_cc_reg[0]/C
  -------------------------------------------------------------------    -------------------
    SLICE_X57Y118        FDRE (Prop_HFF_SLICEM_C_Q)
                                                      0.039     1.444 f  top_i/axi_interconnect_0/s00_couplers/auto_ds/inst/gen_downsizer.gen_simple_downsizer.axi_downsizer_inst/USE_WRITE.write_addr_inst/cmd_queue/inst/fifo_gen_inst/inst_fifo_gen/gconvfifo.rf/grf.rf/rstblk/ngwrdrst.grst.g7serrst.gnsckt_wrst.gcc_rst.sckt_wr_rst_cc_reg[0]/Q
                         net (fo=3, routed)           0.028     1.472    top_i/axi_interconnect_0/s00_couplers/auto_ds/inst/gen_downsizer.gen_simple_downsizer.axi_downsizer_inst/USE_WRITE.write_addr_inst/cmd_queue/inst/fifo_gen_inst/inst_fifo_gen/gconvfifo.rf/grf.rf/rstblk/ngwrdrst.grst.g7serrst.gnsckt_wrst.gcc_rst.sckt_wr_rst_cc[0]
    SLICE_X57Y118        LUT3 (Prop_G6LUT_SLICEM_I1_O)
                                                      0.014     1.486 f  top_i/axi_interconnect_0/s00_couplers/auto_ds/inst/gen_downsizer.gen_simple_downsizer.axi_downsizer_inst/USE_WRITE.write_addr_inst/cmd_queue/inst/fifo_gen_inst/inst_fifo_gen/gconvfifo.rf/grf.rf/rstblk/gpregsm1.curr_fwft_state[1]_i_2/O
                         net (fo=32, routed)          0.111     1.596    top_i/axi_interconnect_0/s00_couplers/auto_ds/inst/gen_downsizer.gen_simple_downsizer.axi_downsizer_inst/USE_WRITE.write_addr_inst/cmd_queue/inst/fifo_gen_inst/inst_fifo_gen/gconvfifo.rf/grf.rf/gntv_or_sync_fifo.gl0.rd/rpntr/gc0.count_d1_reg[4]_1
    SLICE_X56Y118        FDCE                                         f  top_i/axi_interconnect_0/s00_couplers/auto_ds/inst/gen_downsizer.gen_simple_downsizer.axi_downsizer_inst/USE_WRITE.write_addr_inst/cmd_queue/inst/fifo_gen_inst/inst_fifo_gen/gconvfifo.rf/grf.rf/gntv_or_sync_fifo.gl0.rd/rpntr/gc0.count_reg[1]/CLR
  -------------------------------------------------------------------    -------------------

                         (clock clk_pl_0 rise edge)
                                                      0.000     0.000 r  
    PS8_X0Y0             PS8                          0.000     0.000 r  top_i/zynq_ps/inst/PS8_i/PLCLK[0]
                         net (fo=1, routed)           0.154     0.154    top_i/zynq_ps/inst/pl_clk_unbuffered[0]
    BUFG_PS_X0Y80        BUFG_PS (Prop_BUFG_PS_I_O)
                                                      0.018     0.172 r  top_i/zynq_ps/inst/buffer_pl_clk_0.PL_CLK_0_BUFG/O
    X2Y2 (CLOCK_ROOT)    net (fo=35948, routed)       1.431     1.603    top_i/axi_interconnect_0/s00_couplers/auto_ds/inst/gen_downsizer.gen_simple_downsizer.axi_downsizer_inst/USE_WRITE.write_addr_inst/cmd_queue/inst/fifo_gen_inst/inst_fifo_gen/gconvfifo.rf/grf.rf/gntv_or_sync_fifo.gl0.rd/rpntr/clk
    SLICE_X56Y118        FDCE                                         r  top_i/axi_interconnect_0/s00_couplers/auto_ds/inst/gen_downsizer.gen_simple_downsizer.axi_downsizer_inst/USE_WRITE.write_addr_inst/cmd_queue/inst/fifo_gen_inst/inst_fifo_gen/gconvfifo.rf/grf.rf/gntv_or_sync_fifo.gl0.rd/rpntr/gc0.count_reg[1]/C
                         clock pessimism             -0.143     1.461    
    SLICE_X56Y118        FDCE (Remov_DFF_SLICEM_C_CLR)
                                                     -0.020     1.441    top_i/axi_interconnect_0/s00_couplers/auto_ds/inst/gen_downsizer.gen_simple_downsizer.axi_downsizer_inst/USE_WRITE.write_addr_inst/cmd_queue/inst/fifo_gen_inst/inst_fifo_gen/gconvfifo.rf/grf.rf/gntv_or_sync_fifo.gl0.rd/rpntr/gc0.count_reg[1]
  -------------------------------------------------------------------
                         required time                         -1.441    
                         arrival time                           1.596    
  -------------------------------------------------------------------
                         slack                                  0.156    

Slack (MET) :             0.156ns  (arrival time - required time)
  Source:                 top_i/axi_interconnect_0/s00_couplers/auto_ds/inst/gen_downsizer.gen_simple_downsizer.axi_downsizer_inst/USE_WRITE.write_addr_inst/cmd_queue/inst/fifo_gen_inst/inst_fifo_gen/gconvfifo.rf/grf.rf/rstblk/ngwrdrst.grst.g7serrst.gnsckt_wrst.gcc_rst.sckt_wr_rst_cc_reg[0]/C
                            (rising edge-triggered cell FDRE clocked by clk_pl_0  {rise@0.000ns fall@2.667ns period=5.333ns})
  Destination:            top_i/axi_interconnect_0/s00_couplers/auto_ds/inst/gen_downsizer.gen_simple_downsizer.axi_downsizer_inst/USE_WRITE.write_addr_inst/cmd_queue/inst/fifo_gen_inst/inst_fifo_gen/gconvfifo.rf/grf.rf/gntv_or_sync_fifo.gl0.rd/rpntr/gc0.count_reg[2]/CLR
                            (removal check against rising-edge clock clk_pl_0  {rise@0.000ns fall@2.667ns period=5.333ns})
  Path Group:             **async_default**
  Path Type:              Removal (Min at Fast Process Corner)
  Requirement:            0.000ns  (clk_pl_0 rise@0.000ns - clk_pl_0 rise@0.000ns)
  Data Path Delay:        0.192ns  (logic 0.053ns (27.654%)  route 0.139ns (72.346%))
  Logic Levels:           1  (LUT3=1)
  Clock Path Skew:        0.056ns (DCD - SCD - CPR)
    Destination Clock Delay (DCD):    1.603ns
    Source Clock Delay      (SCD):    1.405ns
    Clock Pessimism Removal (CPR):    0.143ns
  Clock Net Delay (Source):      1.266ns (routing 0.519ns, distribution 0.747ns)
  Clock Net Delay (Destination): 1.431ns (routing 0.581ns, distribution 0.850ns)

    Location             Delay type                Incr(ns)  Path(ns)    Netlist Resource(s)
  -------------------------------------------------------------------    -------------------
                         (clock clk_pl_0 rise edge)
                                                      0.000     0.000 r  
    PS8_X0Y0             PS8                          0.000     0.000 r  top_i/zynq_ps/inst/PS8_i/PLCLK[0]
                         net (fo=1, routed)           0.122     0.122    top_i/zynq_ps/inst/pl_clk_unbuffered[0]
    BUFG_PS_X0Y80        BUFG_PS (Prop_BUFG_PS_I_O)
                                                      0.017     0.139 r  top_i/zynq_ps/inst/buffer_pl_clk_0.PL_CLK_0_BUFG/O
    X2Y2 (CLOCK_ROOT)    net (fo=35948, routed)       1.266     1.405    top_i/axi_interconnect_0/s00_couplers/auto_ds/inst/gen_downsizer.gen_simple_downsizer.axi_downsizer_inst/USE_WRITE.write_addr_inst/cmd_queue/inst/fifo_gen_inst/inst_fifo_gen/gconvfifo.rf/grf.rf/rstblk/clk
    SLICE_X57Y118        FDRE                                         r  top_i/axi_interconnect_0/s00_couplers/auto_ds/inst/gen_downsizer.gen_simple_downsizer.axi_downsizer_inst/USE_WRITE.write_addr_inst/cmd_queue/inst/fifo_gen_inst/inst_fifo_gen/gconvfifo.rf/grf.rf/rstblk/ngwrdrst.grst.g7serrst.gnsckt_wrst.gcc_rst.sckt_wr_rst_cc_reg[0]/C
  -------------------------------------------------------------------    -------------------
    SLICE_X57Y118        FDRE (Prop_HFF_SLICEM_C_Q)
                                                      0.039     1.444 f  top_i/axi_interconnect_0/s00_couplers/auto_ds/inst/gen_downsizer.gen_simple_downsizer.axi_downsizer_inst/USE_WRITE.write_addr_inst/cmd_queue/inst/fifo_gen_inst/inst_fifo_gen/gconvfifo.rf/grf.rf/rstblk/ngwrdrst.grst.g7serrst.gnsckt_wrst.gcc_rst.sckt_wr_rst_cc_reg[0]/Q
                         net (fo=3, routed)           0.028     1.472    top_i/axi_interconnect_0/s00_couplers/auto_ds/inst/gen_downsizer.gen_simple_downsizer.axi_downsizer_inst/USE_WRITE.write_addr_inst/cmd_queue/inst/fifo_gen_inst/inst_fifo_gen/gconvfifo.rf/grf.rf/rstblk/ngwrdrst.grst.g7serrst.gnsckt_wrst.gcc_rst.sckt_wr_rst_cc[0]
    SLICE_X57Y118        LUT3 (Prop_G6LUT_SLICEM_I1_O)
                                                      0.014     1.486 f  top_i/axi_interconnect_0/s00_couplers/auto_ds/inst/gen_downsizer.gen_simple_downsizer.axi_downsizer_inst/USE_WRITE.write_addr_inst/cmd_queue/inst/fifo_gen_inst/inst_fifo_gen/gconvfifo.rf/grf.rf/rstblk/gpregsm1.curr_fwft_state[1]_i_2/O
                         net (fo=32, routed)          0.111     1.596    top_i/axi_interconnect_0/s00_couplers/auto_ds/inst/gen_downsizer.gen_simple_downsizer.axi_downsizer_inst/USE_WRITE.write_addr_inst/cmd_queue/inst/fifo_gen_inst/inst_fifo_gen/gconvfifo.rf/grf.rf/gntv_or_sync_fifo.gl0.rd/rpntr/gc0.count_d1_reg[4]_1
    SLICE_X56Y118        FDCE                                         f  top_i/axi_interconnect_0/s00_couplers/auto_ds/inst/gen_downsizer.gen_simple_downsizer.axi_downsizer_inst/USE_WRITE.write_addr_inst/cmd_queue/inst/fifo_gen_inst/inst_fifo_gen/gconvfifo.rf/grf.rf/gntv_or_sync_fifo.gl0.rd/rpntr/gc0.count_reg[2]/CLR
  -------------------------------------------------------------------    -------------------

                         (clock clk_pl_0 rise edge)
                                                      0.000     0.000 r  
    PS8_X0Y0             PS8                          0.000     0.000 r  top_i/zynq_ps/inst/PS8_i/PLCLK[0]
                         net (fo=1, routed)           0.154     0.154    top_i/zynq_ps/inst/pl_clk_unbuffered[0]
    BUFG_PS_X0Y80        BUFG_PS (Prop_BUFG_PS_I_O)
                                                      0.018     0.172 r  top_i/zynq_ps/inst/buffer_pl_clk_0.PL_CLK_0_BUFG/O
    X2Y2 (CLOCK_ROOT)    net (fo=35948, routed)       1.431     1.603    top_i/axi_interconnect_0/s00_couplers/auto_ds/inst/gen_downsizer.gen_simple_downsizer.axi_downsizer_inst/USE_WRITE.write_addr_inst/cmd_queue/inst/fifo_gen_inst/inst_fifo_gen/gconvfifo.rf/grf.rf/gntv_or_sync_fifo.gl0.rd/rpntr/clk
    SLICE_X56Y118        FDCE                                         r  top_i/axi_interconnect_0/s00_couplers/auto_ds/inst/gen_downsizer.gen_simple_downsizer.axi_downsizer_inst/USE_WRITE.write_addr_inst/cmd_queue/inst/fifo_gen_inst/inst_fifo_gen/gconvfifo.rf/grf.rf/gntv_or_sync_fifo.gl0.rd/rpntr/gc0.count_reg[2]/C
                         clock pessimism             -0.143     1.461    
    SLICE_X56Y118        FDCE (Remov_DFF2_SLICEM_C_CLR)
                                                     -0.020     1.441    top_i/axi_interconnect_0/s00_couplers/auto_ds/inst/gen_downsizer.gen_simple_downsizer.axi_downsizer_inst/USE_WRITE.write_addr_inst/cmd_queue/inst/fifo_gen_inst/inst_fifo_gen/gconvfifo.rf/grf.rf/gntv_or_sync_fifo.gl0.rd/rpntr/gc0.count_reg[2]
  -------------------------------------------------------------------
                         required time                         -1.441    
                         arrival time                           1.596    
  -------------------------------------------------------------------
                         slack                                  0.156    

Slack (MET) :             0.156ns  (arrival time - required time)
  Source:                 top_i/axi_interconnect_0/s00_couplers/auto_ds/inst/gen_downsizer.gen_simple_downsizer.axi_downsizer_inst/USE_WRITE.write_addr_inst/cmd_queue/inst/fifo_gen_inst/inst_fifo_gen/gconvfifo.rf/grf.rf/rstblk/ngwrdrst.grst.g7serrst.gnsckt_wrst.gcc_rst.sckt_wr_rst_cc_reg[0]/C
                            (rising edge-triggered cell FDRE clocked by clk_pl_0  {rise@0.000ns fall@2.667ns period=5.333ns})
  Destination:            top_i/axi_interconnect_0/s00_couplers/auto_ds/inst/gen_downsizer.gen_simple_downsizer.axi_downsizer_inst/USE_WRITE.write_addr_inst/cmd_queue/inst/fifo_gen_inst/inst_fifo_gen/gconvfifo.rf/grf.rf/gntv_or_sync_fifo.gl0.rd/rpntr/gc0.count_reg[3]/CLR
                            (removal check against rising-edge clock clk_pl_0  {rise@0.000ns fall@2.667ns period=5.333ns})
  Path Group:             **async_default**
  Path Type:              Removal (Min at Fast Process Corner)
  Requirement:            0.000ns  (clk_pl_0 rise@0.000ns - clk_pl_0 rise@0.000ns)
  Data Path Delay:        0.192ns  (logic 0.053ns (27.654%)  route 0.139ns (72.346%))
  Logic Levels:           1  (LUT3=1)
  Clock Path Skew:        0.056ns (DCD - SCD - CPR)
    Destination Clock Delay (DCD):    1.603ns
    Source Clock Delay      (SCD):    1.405ns
    Clock Pessimism Removal (CPR):    0.143ns
  Clock Net Delay (Source):      1.266ns (routing 0.519ns, distribution 0.747ns)
  Clock Net Delay (Destination): 1.431ns (routing 0.581ns, distribution 0.850ns)

    Location             Delay type                Incr(ns)  Path(ns)    Netlist Resource(s)
  -------------------------------------------------------------------    -------------------
                         (clock clk_pl_0 rise edge)
                                                      0.000     0.000 r  
    PS8_X0Y0             PS8                          0.000     0.000 r  top_i/zynq_ps/inst/PS8_i/PLCLK[0]
                         net (fo=1, routed)           0.122     0.122    top_i/zynq_ps/inst/pl_clk_unbuffered[0]
    BUFG_PS_X0Y80        BUFG_PS (Prop_BUFG_PS_I_O)
                                                      0.017     0.139 r  top_i/zynq_ps/inst/buffer_pl_clk_0.PL_CLK_0_BUFG/O
    X2Y2 (CLOCK_ROOT)    net (fo=35948, routed)       1.266     1.405    top_i/axi_interconnect_0/s00_couplers/auto_ds/inst/gen_downsizer.gen_simple_downsizer.axi_downsizer_inst/USE_WRITE.write_addr_inst/cmd_queue/inst/fifo_gen_inst/inst_fifo_gen/gconvfifo.rf/grf.rf/rstblk/clk
    SLICE_X57Y118        FDRE                                         r  top_i/axi_interconnect_0/s00_couplers/auto_ds/inst/gen_downsizer.gen_simple_downsizer.axi_downsizer_inst/USE_WRITE.write_addr_inst/cmd_queue/inst/fifo_gen_inst/inst_fifo_gen/gconvfifo.rf/grf.rf/rstblk/ngwrdrst.grst.g7serrst.gnsckt_wrst.gcc_rst.sckt_wr_rst_cc_reg[0]/C
  -------------------------------------------------------------------    -------------------
    SLICE_X57Y118        FDRE (Prop_HFF_SLICEM_C_Q)
                                                      0.039     1.444 f  top_i/axi_interconnect_0/s00_couplers/auto_ds/inst/gen_downsizer.gen_simple_downsizer.axi_downsizer_inst/USE_WRITE.write_addr_inst/cmd_queue/inst/fifo_gen_inst/inst_fifo_gen/gconvfifo.rf/grf.rf/rstblk/ngwrdrst.grst.g7serrst.gnsckt_wrst.gcc_rst.sckt_wr_rst_cc_reg[0]/Q
                         net (fo=3, routed)           0.028     1.472    top_i/axi_interconnect_0/s00_couplers/auto_ds/inst/gen_downsizer.gen_simple_downsizer.axi_downsizer_inst/USE_WRITE.write_addr_inst/cmd_queue/inst/fifo_gen_inst/inst_fifo_gen/gconvfifo.rf/grf.rf/rstblk/ngwrdrst.grst.g7serrst.gnsckt_wrst.gcc_rst.sckt_wr_rst_cc[0]
    SLICE_X57Y118        LUT3 (Prop_G6LUT_SLICEM_I1_O)
                                                      0.014     1.486 f  top_i/axi_interconnect_0/s00_couplers/auto_ds/inst/gen_downsizer.gen_simple_downsizer.axi_downsizer_inst/USE_WRITE.write_addr_inst/cmd_queue/inst/fifo_gen_inst/inst_fifo_gen/gconvfifo.rf/grf.rf/rstblk/gpregsm1.curr_fwft_state[1]_i_2/O
                         net (fo=32, routed)          0.111     1.596    top_i/axi_interconnect_0/s00_couplers/auto_ds/inst/gen_downsizer.gen_simple_downsizer.axi_downsizer_inst/USE_WRITE.write_addr_inst/cmd_queue/inst/fifo_gen_inst/inst_fifo_gen/gconvfifo.rf/grf.rf/gntv_or_sync_fifo.gl0.rd/rpntr/gc0.count_d1_reg[4]_1
    SLICE_X56Y118        FDCE                                         f  top_i/axi_interconnect_0/s00_couplers/auto_ds/inst/gen_downsizer.gen_simple_downsizer.axi_downsizer_inst/USE_WRITE.write_addr_inst/cmd_queue/inst/fifo_gen_inst/inst_fifo_gen/gconvfifo.rf/grf.rf/gntv_or_sync_fifo.gl0.rd/rpntr/gc0.count_reg[3]/CLR
  -------------------------------------------------------------------    -------------------

                         (clock clk_pl_0 rise edge)
                                                      0.000     0.000 r  
    PS8_X0Y0             PS8                          0.000     0.000 r  top_i/zynq_ps/inst/PS8_i/PLCLK[0]
                         net (fo=1, routed)           0.154     0.154    top_i/zynq_ps/inst/pl_clk_unbuffered[0]
    BUFG_PS_X0Y80        BUFG_PS (Prop_BUFG_PS_I_O)
                                                      0.018     0.172 r  top_i/zynq_ps/inst/buffer_pl_clk_0.PL_CLK_0_BUFG/O
    X2Y2 (CLOCK_ROOT)    net (fo=35948, routed)       1.431     1.603    top_i/axi_interconnect_0/s00_couplers/auto_ds/inst/gen_downsizer.gen_simple_downsizer.axi_downsizer_inst/USE_WRITE.write_addr_inst/cmd_queue/inst/fifo_gen_inst/inst_fifo_gen/gconvfifo.rf/grf.rf/gntv_or_sync_fifo.gl0.rd/rpntr/clk
    SLICE_X56Y118        FDCE                                         r  top_i/axi_interconnect_0/s00_couplers/auto_ds/inst/gen_downsizer.gen_simple_downsizer.axi_downsizer_inst/USE_WRITE.write_addr_inst/cmd_queue/inst/fifo_gen_inst/inst_fifo_gen/gconvfifo.rf/grf.rf/gntv_or_sync_fifo.gl0.rd/rpntr/gc0.count_reg[3]/C
                         clock pessimism             -0.143     1.461    
    SLICE_X56Y118        FDCE (Remov_CFF_SLICEM_C_CLR)
                                                     -0.020     1.441    top_i/axi_interconnect_0/s00_couplers/auto_ds/inst/gen_downsizer.gen_simple_downsizer.axi_downsizer_inst/USE_WRITE.write_addr_inst/cmd_queue/inst/fifo_gen_inst/inst_fifo_gen/gconvfifo.rf/grf.rf/gntv_or_sync_fifo.gl0.rd/rpntr/gc0.count_reg[3]
  -------------------------------------------------------------------
                         required time                         -1.441    
                         arrival time                           1.596    
  -------------------------------------------------------------------
                         slack                                  0.156    

Slack (MET) :             0.156ns  (arrival time - required time)
  Source:                 top_i/axi_interconnect_0/s00_couplers/auto_ds/inst/gen_downsizer.gen_simple_downsizer.axi_downsizer_inst/USE_WRITE.write_addr_inst/cmd_queue/inst/fifo_gen_inst/inst_fifo_gen/gconvfifo.rf/grf.rf/rstblk/ngwrdrst.grst.g7serrst.gnsckt_wrst.gcc_rst.sckt_wr_rst_cc_reg[0]/C
                            (rising edge-triggered cell FDRE clocked by clk_pl_0  {rise@0.000ns fall@2.667ns period=5.333ns})
  Destination:            top_i/axi_interconnect_0/s00_couplers/auto_ds/inst/gen_downsizer.gen_simple_downsizer.axi_downsizer_inst/USE_WRITE.write_addr_inst/cmd_queue/inst/fifo_gen_inst/inst_fifo_gen/gconvfifo.rf/grf.rf/gntv_or_sync_fifo.gl0.rd/rpntr/gc0.count_reg[4]/CLR
                            (removal check against rising-edge clock clk_pl_0  {rise@0.000ns fall@2.667ns period=5.333ns})
  Path Group:             **async_default**
  Path Type:              Removal (Min at Fast Process Corner)
  Requirement:            0.000ns  (clk_pl_0 rise@0.000ns - clk_pl_0 rise@0.000ns)
  Data Path Delay:        0.192ns  (logic 0.053ns (27.654%)  route 0.139ns (72.346%))
  Logic Levels:           1  (LUT3=1)
  Clock Path Skew:        0.056ns (DCD - SCD - CPR)
    Destination Clock Delay (DCD):    1.603ns
    Source Clock Delay      (SCD):    1.405ns
    Clock Pessimism Removal (CPR):    0.143ns
  Clock Net Delay (Source):      1.266ns (routing 0.519ns, distribution 0.747ns)
  Clock Net Delay (Destination): 1.431ns (routing 0.581ns, distribution 0.850ns)

    Location             Delay type                Incr(ns)  Path(ns)    Netlist Resource(s)
  -------------------------------------------------------------------    -------------------
                         (clock clk_pl_0 rise edge)
                                                      0.000     0.000 r  
    PS8_X0Y0             PS8                          0.000     0.000 r  top_i/zynq_ps/inst/PS8_i/PLCLK[0]
                         net (fo=1, routed)           0.122     0.122    top_i/zynq_ps/inst/pl_clk_unbuffered[0]
    BUFG_PS_X0Y80        BUFG_PS (Prop_BUFG_PS_I_O)
                                                      0.017     0.139 r  top_i/zynq_ps/inst/buffer_pl_clk_0.PL_CLK_0_BUFG/O
    X2Y2 (CLOCK_ROOT)    net (fo=35948, routed)       1.266     1.405    top_i/axi_interconnect_0/s00_couplers/auto_ds/inst/gen_downsizer.gen_simple_downsizer.axi_downsizer_inst/USE_WRITE.write_addr_inst/cmd_queue/inst/fifo_gen_inst/inst_fifo_gen/gconvfifo.rf/grf.rf/rstblk/clk
    SLICE_X57Y118        FDRE                                         r  top_i/axi_interconnect_0/s00_couplers/auto_ds/inst/gen_downsizer.gen_simple_downsizer.axi_downsizer_inst/USE_WRITE.write_addr_inst/cmd_queue/inst/fifo_gen_inst/inst_fifo_gen/gconvfifo.rf/grf.rf/rstblk/ngwrdrst.grst.g7serrst.gnsckt_wrst.gcc_rst.sckt_wr_rst_cc_reg[0]/C
  -------------------------------------------------------------------    -------------------
    SLICE_X57Y118        FDRE (Prop_HFF_SLICEM_C_Q)
                                                      0.039     1.444 f  top_i/axi_interconnect_0/s00_couplers/auto_ds/inst/gen_downsizer.gen_simple_downsizer.axi_downsizer_inst/USE_WRITE.write_addr_inst/cmd_queue/inst/fifo_gen_inst/inst_fifo_gen/gconvfifo.rf/grf.rf/rstblk/ngwrdrst.grst.g7serrst.gnsckt_wrst.gcc_rst.sckt_wr_rst_cc_reg[0]/Q
                         net (fo=3, routed)           0.028     1.472    top_i/axi_interconnect_0/s00_couplers/auto_ds/inst/gen_downsizer.gen_simple_downsizer.axi_downsizer_inst/USE_WRITE.write_addr_inst/cmd_queue/inst/fifo_gen_inst/inst_fifo_gen/gconvfifo.rf/grf.rf/rstblk/ngwrdrst.grst.g7serrst.gnsckt_wrst.gcc_rst.sckt_wr_rst_cc[0]
    SLICE_X57Y118        LUT3 (Prop_G6LUT_SLICEM_I1_O)
                                                      0.014     1.486 f  top_i/axi_interconnect_0/s00_couplers/auto_ds/inst/gen_downsizer.gen_simple_downsizer.axi_downsizer_inst/USE_WRITE.write_addr_inst/cmd_queue/inst/fifo_gen_inst/inst_fifo_gen/gconvfifo.rf/grf.rf/rstblk/gpregsm1.curr_fwft_state[1]_i_2/O
                         net (fo=32, routed)          0.111     1.596    top_i/axi_interconnect_0/s00_couplers/auto_ds/inst/gen_downsizer.gen_simple_downsizer.axi_downsizer_inst/USE_WRITE.write_addr_inst/cmd_queue/inst/fifo_gen_inst/inst_fifo_gen/gconvfifo.rf/grf.rf/gntv_or_sync_fifo.gl0.rd/rpntr/gc0.count_d1_reg[4]_1
    SLICE_X56Y118        FDCE                                         f  top_i/axi_interconnect_0/s00_couplers/auto_ds/inst/gen_downsizer.gen_simple_downsizer.axi_downsizer_inst/USE_WRITE.write_addr_inst/cmd_queue/inst/fifo_gen_inst/inst_fifo_gen/gconvfifo.rf/grf.rf/gntv_or_sync_fifo.gl0.rd/rpntr/gc0.count_reg[4]/CLR
  -------------------------------------------------------------------    -------------------

                         (clock clk_pl_0 rise edge)
                                                      0.000     0.000 r  
    PS8_X0Y0             PS8                          0.000     0.000 r  top_i/zynq_ps/inst/PS8_i/PLCLK[0]
                         net (fo=1, routed)           0.154     0.154    top_i/zynq_ps/inst/pl_clk_unbuffered[0]
    BUFG_PS_X0Y80        BUFG_PS (Prop_BUFG_PS_I_O)
                                                      0.018     0.172 r  top_i/zynq_ps/inst/buffer_pl_clk_0.PL_CLK_0_BUFG/O
    X2Y2 (CLOCK_ROOT)    net (fo=35948, routed)       1.431     1.603    top_i/axi_interconnect_0/s00_couplers/auto_ds/inst/gen_downsizer.gen_simple_downsizer.axi_downsizer_inst/USE_WRITE.write_addr_inst/cmd_queue/inst/fifo_gen_inst/inst_fifo_gen/gconvfifo.rf/grf.rf/gntv_or_sync_fifo.gl0.rd/rpntr/clk
    SLICE_X56Y118        FDCE                                         r  top_i/axi_interconnect_0/s00_couplers/auto_ds/inst/gen_downsizer.gen_simple_downsizer.axi_downsizer_inst/USE_WRITE.write_addr_inst/cmd_queue/inst/fifo_gen_inst/inst_fifo_gen/gconvfifo.rf/grf.rf/gntv_or_sync_fifo.gl0.rd/rpntr/gc0.count_reg[4]/C
                         clock pessimism             -0.143     1.461    
    SLICE_X56Y118        FDCE (Remov_CFF2_SLICEM_C_CLR)
                                                     -0.020     1.441    top_i/axi_interconnect_0/s00_couplers/auto_ds/inst/gen_downsizer.gen_simple_downsizer.axi_downsizer_inst/USE_WRITE.write_addr_inst/cmd_queue/inst/fifo_gen_inst/inst_fifo_gen/gconvfifo.rf/grf.rf/gntv_or_sync_fifo.gl0.rd/rpntr/gc0.count_reg[4]
  -------------------------------------------------------------------
                         required time                         -1.441    
                         arrival time                           1.596    
  -------------------------------------------------------------------
                         slack                                  0.156    





--------------------------------------------------------------------------------------
Path Group:  (none)
From Clock:  
  To Clock:  clk_pl_0

Max Delay             1 Endpoint
Min Delay             1 Endpoint
--------------------------------------------------------------------------------------


Max Delay Paths
--------------------------------------------------------------------------------------
Slack:                    inf
  Source:                 top_i/zynq_ps/inst/PS8_i/EMIOGPIOO[95]
                            (internal pin)
  Destination:            top_i/rst_zynq_ps_187M/U0/EXT_LPF/ACTIVE_LOW_EXT.ACT_LO_EXT/GENERATE_LEVEL_P_S_CDC.SINGLE_BIT.CROSS_PLEVEL_IN2SCNDRY_IN_cdc_to/D
                            (rising edge-triggered cell FDRE clocked by clk_pl_0  {rise@0.000ns fall@2.667ns period=5.333ns})
  Path Group:             (none)
  Path Type:              Setup (Max at Slow Process Corner)
  Data Path Delay:        1.141ns  (logic 0.150ns (13.146%)  route 0.991ns (86.854%))
  Logic Levels:           1  (LUT1=1)
  Clock Uncertainty:      0.109ns  ((TSJ^2 + DJ^2)^1/2) / 2 + PE
    Total System Jitter     (TSJ):    0.050ns
    Discrete Jitter          (DJ):    0.213ns
    Phase Error              (PE):    0.000ns
  Clock Net Delay (Destination): 2.091ns (routing 0.872ns, distribution 1.219ns)
  Timing Exception:       False Path

    Location             Delay type                Incr(ns)  Path(ns)    Netlist Resource(s)
  -------------------------------------------------------------------    -------------------
    PS8_X0Y0             PS8                          0.000     0.000 f  top_i/zynq_ps/inst/PS8_i/EMIOGPIOO[95]
                         net (fo=1, routed)           0.812     0.812    top_i/rst_zynq_ps_187M/U0/EXT_LPF/ACTIVE_LOW_EXT.ACT_LO_EXT/ext_reset_in
    SLICE_X53Y196        LUT1 (Prop_G6LUT_SLICEM_I0_O)
                                                      0.150     0.962 r  top_i/rst_zynq_ps_187M/U0/EXT_LPF/ACTIVE_LOW_EXT.ACT_LO_EXT/GENERATE_LEVEL_P_S_CDC.SINGLE_BIT.CROSS_PLEVEL_IN2SCNDRY_IN_cdc_to_i_1/O
                         net (fo=1, routed)           0.179     1.141    top_i/rst_zynq_ps_187M/U0/EXT_LPF/ACTIVE_LOW_EXT.ACT_LO_EXT/exr_d1
    SLICE_X53Y196        FDRE                                         r  top_i/rst_zynq_ps_187M/U0/EXT_LPF/ACTIVE_LOW_EXT.ACT_LO_EXT/GENERATE_LEVEL_P_S_CDC.SINGLE_BIT.CROSS_PLEVEL_IN2SCNDRY_IN_cdc_to/D
  -------------------------------------------------------------------    -------------------

                         (clock clk_pl_0 rise edge)
                                                      0.000     0.000 r  
    PS8_X0Y0             PS8                          0.000     0.000 r  top_i/zynq_ps/inst/PS8_i/PLCLK[0]
                         net (fo=1, routed)           0.143     0.143    top_i/zynq_ps/inst/pl_clk_unbuffered[0]
    BUFG_PS_X0Y80        BUFG_PS (Prop_BUFG_PS_I_O)
                                                      0.025     0.168 r  top_i/zynq_ps/inst/buffer_pl_clk_0.PL_CLK_0_BUFG/O
    X2Y2 (CLOCK_ROOT)    net (fo=35948, routed)       2.091     2.259    top_i/rst_zynq_ps_187M/U0/EXT_LPF/ACTIVE_LOW_EXT.ACT_LO_EXT/slowest_sync_clk
    SLICE_X53Y196        FDRE                                         r  top_i/rst_zynq_ps_187M/U0/EXT_LPF/ACTIVE_LOW_EXT.ACT_LO_EXT/GENERATE_LEVEL_P_S_CDC.SINGLE_BIT.CROSS_PLEVEL_IN2SCNDRY_IN_cdc_to/C





Min Delay Paths
--------------------------------------------------------------------------------------
Slack:                    inf
  Source:                 top_i/zynq_ps/inst/PS8_i/EMIOGPIOO[95]
                            (internal pin)
  Destination:            top_i/rst_zynq_ps_187M/U0/EXT_LPF/ACTIVE_LOW_EXT.ACT_LO_EXT/GENERATE_LEVEL_P_S_CDC.SINGLE_BIT.CROSS_PLEVEL_IN2SCNDRY_IN_cdc_to/D
                            (rising edge-triggered cell FDRE clocked by clk_pl_0  {rise@0.000ns fall@2.667ns period=5.333ns})
  Path Group:             (none)
  Path Type:              Hold (Min at Fast Process Corner)
  Data Path Delay:        0.545ns  (logic 0.060ns (11.009%)  route 0.485ns (88.991%))
  Logic Levels:           1  (LUT1=1)
  Clock Uncertainty:      0.109ns  ((TSJ^2 + DJ^2)^1/2) / 2 + PE
    Total System Jitter     (TSJ):    0.050ns
    Discrete Jitter          (DJ):    0.213ns
    Phase Error              (PE):    0.000ns
  Clock Net Delay (Destination): 1.438ns (routing 0.581ns, distribution 0.857ns)
  Timing Exception:       False Path

    Location             Delay type                Incr(ns)  Path(ns)    Netlist Resource(s)
  -------------------------------------------------------------------    -------------------
    PS8_X0Y0             PS8                          0.000     0.000 f  top_i/zynq_ps/inst/PS8_i/EMIOGPIOO[95]
                         net (fo=1, routed)           0.423     0.423    top_i/rst_zynq_ps_187M/U0/EXT_LPF/ACTIVE_LOW_EXT.ACT_LO_EXT/ext_reset_in
    SLICE_X53Y196        LUT1 (Prop_G6LUT_SLICEM_I0_O)
                                                      0.060     0.483 r  top_i/rst_zynq_ps_187M/U0/EXT_LPF/ACTIVE_LOW_EXT.ACT_LO_EXT/GENERATE_LEVEL_P_S_CDC.SINGLE_BIT.CROSS_PLEVEL_IN2SCNDRY_IN_cdc_to_i_1/O
                         net (fo=1, routed)           0.062     0.545    top_i/rst_zynq_ps_187M/U0/EXT_LPF/ACTIVE_LOW_EXT.ACT_LO_EXT/exr_d1
    SLICE_X53Y196        FDRE                                         r  top_i/rst_zynq_ps_187M/U0/EXT_LPF/ACTIVE_LOW_EXT.ACT_LO_EXT/GENERATE_LEVEL_P_S_CDC.SINGLE_BIT.CROSS_PLEVEL_IN2SCNDRY_IN_cdc_to/D
  -------------------------------------------------------------------    -------------------

                         (clock clk_pl_0 rise edge)
                                                      0.000     0.000 r  
    PS8_X0Y0             PS8                          0.000     0.000 r  top_i/zynq_ps/inst/PS8_i/PLCLK[0]
                         net (fo=1, routed)           0.154     0.154    top_i/zynq_ps/inst/pl_clk_unbuffered[0]
    BUFG_PS_X0Y80        BUFG_PS (Prop_BUFG_PS_I_O)
                                                      0.018     0.172 r  top_i/zynq_ps/inst/buffer_pl_clk_0.PL_CLK_0_BUFG/O
    X2Y2 (CLOCK_ROOT)    net (fo=35948, routed)       1.438     1.610    top_i/rst_zynq_ps_187M/U0/EXT_LPF/ACTIVE_LOW_EXT.ACT_LO_EXT/slowest_sync_clk
    SLICE_X53Y196        FDRE                                         r  top_i/rst_zynq_ps_187M/U0/EXT_LPF/ACTIVE_LOW_EXT.ACT_LO_EXT/GENERATE_LEVEL_P_S_CDC.SINGLE_BIT.CROSS_PLEVEL_IN2SCNDRY_IN_cdc_to/C





--------------------------------------------------------------------------------------
Path Group:  (none)
From Clock:  clk_pl_0
  To Clock:  clk_pl_0

Max Delay            82 Endpoints
Min Delay            82 Endpoints
--------------------------------------------------------------------------------------


Max Delay Paths
--------------------------------------------------------------------------------------
Slack:                    inf
  Source:                 top_i/rst_zynq_ps_187M/U0/ACTIVE_LOW_PR_OUT_DFF[0].FDRE_PER_N_replica/C
                            (rising edge-triggered cell FDRE clocked by clk_pl_0  {rise@0.000ns fall@2.667ns period=5.333ns})
  Destination:            top_i/smartconnect_0/inst/clk_map/psr_aclk/U0/EXT_LPF/ACTIVE_LOW_AUX.ACT_LO_AUX/GENERATE_LEVEL_P_S_CDC.SINGLE_BIT.CROSS_PLEVEL_IN2SCNDRY_IN_cdc_to/D
                            (rising edge-triggered cell FDRE clocked by clk_pl_0  {rise@0.000ns fall@2.667ns period=5.333ns})
  Path Group:             (none)
  Path Type:              Setup (Max at Slow Process Corner)
  Data Path Delay:        3.028ns  (logic 0.227ns (7.497%)  route 2.801ns (92.503%))
  Logic Levels:           1  (LUT1=1)
  Clock Path Skew:        -0.300ns (DCD - SCD + CPR)
    Destination Clock Delay (DCD):    2.243ns
    Source Clock Delay      (SCD):    2.543ns
    Clock Pessimism Removal (CPR):    0.000ns
  Clock Uncertainty:      0.112ns  ((TSJ^2 + DJ^2)^1/2) / 2 + PE
    Total System Jitter     (TSJ):    0.071ns
    Discrete Jitter          (DJ):    0.213ns
    Phase Error              (PE):    0.000ns
  Clock Net Delay (Source):      2.335ns (routing 0.960ns, distribution 1.375ns)
  Clock Net Delay (Destination): 2.075ns (routing 0.872ns, distribution 1.203ns)
  Timing Exception:       False Path

    Location             Delay type                Incr(ns)  Path(ns)    Netlist Resource(s)
  -------------------------------------------------------------------    -------------------
                         (clock clk_pl_0 rise edge)
                                                      0.000     0.000 r  
    PS8_X0Y0             PS8                          0.000     0.000 r  top_i/zynq_ps/inst/PS8_i/PLCLK[0]
                         net (fo=1, routed)           0.180     0.180    top_i/zynq_ps/inst/pl_clk_unbuffered[0]
    BUFG_PS_X0Y80        BUFG_PS (Prop_BUFG_PS_I_O)
                                                      0.028     0.208 r  top_i/zynq_ps/inst/buffer_pl_clk_0.PL_CLK_0_BUFG/O
    X2Y2 (CLOCK_ROOT)    net (fo=35948, routed)       2.335     2.543    top_i/rst_zynq_ps_187M/U0/slowest_sync_clk
    SLICE_X56Y196        FDRE                                         r  top_i/rst_zynq_ps_187M/U0/ACTIVE_LOW_PR_OUT_DFF[0].FDRE_PER_N_replica/C
  -------------------------------------------------------------------    -------------------
    SLICE_X56Y196        FDRE (Prop_AFF_SLICEM_C_Q)
                                                      0.077     2.620 f  top_i/rst_zynq_ps_187M/U0/ACTIVE_LOW_PR_OUT_DFF[0].FDRE_PER_N_replica/Q
                         net (fo=531, routed)         2.536     5.156    top_i/smartconnect_0/inst/clk_map/psr_aclk/U0/EXT_LPF/ACTIVE_LOW_AUX.ACT_LO_AUX/peripheral_aresetn[0]_bufg_place_replica
    SLICE_X56Y29         LUT1 (Prop_G6LUT_SLICEM_I0_O)
                                                      0.150     5.306 r  top_i/smartconnect_0/inst/clk_map/psr_aclk/U0/EXT_LPF/ACTIVE_LOW_AUX.ACT_LO_AUX/GENERATE_LEVEL_P_S_CDC.SINGLE_BIT.CROSS_PLEVEL_IN2SCNDRY_IN_cdc_to_i_1/O
                         net (fo=1, routed)           0.265     5.571    top_i/smartconnect_0/inst/clk_map/psr_aclk/U0/EXT_LPF/ACTIVE_LOW_AUX.ACT_LO_AUX/asr_d1
    SLICE_X56Y29         FDRE                                         r  top_i/smartconnect_0/inst/clk_map/psr_aclk/U0/EXT_LPF/ACTIVE_LOW_AUX.ACT_LO_AUX/GENERATE_LEVEL_P_S_CDC.SINGLE_BIT.CROSS_PLEVEL_IN2SCNDRY_IN_cdc_to/D
  -------------------------------------------------------------------    -------------------

                         (clock clk_pl_0 rise edge)
                                                      0.000     0.000 r  
    PS8_X0Y0             PS8                          0.000     0.000 r  top_i/zynq_ps/inst/PS8_i/PLCLK[0]
                         net (fo=1, routed)           0.143     0.143    top_i/zynq_ps/inst/pl_clk_unbuffered[0]
    BUFG_PS_X0Y80        BUFG_PS (Prop_BUFG_PS_I_O)
                                                      0.025     0.168 r  top_i/zynq_ps/inst/buffer_pl_clk_0.PL_CLK_0_BUFG/O
    X2Y2 (CLOCK_ROOT)    net (fo=35948, routed)       2.075     2.243    top_i/smartconnect_0/inst/clk_map/psr_aclk/U0/EXT_LPF/ACTIVE_LOW_AUX.ACT_LO_AUX/aclk
    SLICE_X56Y29         FDRE                                         r  top_i/smartconnect_0/inst/clk_map/psr_aclk/U0/EXT_LPF/ACTIVE_LOW_AUX.ACT_LO_AUX/GENERATE_LEVEL_P_S_CDC.SINGLE_BIT.CROSS_PLEVEL_IN2SCNDRY_IN_cdc_to/C

Slack:                    inf
  Source:                 top_i/rst_zynq_ps_187M/U0/ACTIVE_LOW_PR_OUT_DFF[0].FDRE_PER_N_replica/C
                            (rising edge-triggered cell FDRE clocked by clk_pl_0  {rise@0.000ns fall@2.667ns period=5.333ns})
  Destination:            top_i/StreamingDataflowPartition_1/inst/StreamingDataflowPartition_1_StreamingFIFO_rtl_12/fifo/inst/gen_fifo.xpm_fifo_axis_inst/gaxis_rst_sync.xpm_cdc_sync_rst_inst/syncstages_ff_reg[0]/D
                            (rising edge-triggered cell FDRE clocked by clk_pl_0  {rise@0.000ns fall@2.667ns period=5.333ns})
  Path Group:             (none)
  Path Type:              Setup (Max at Slow Process Corner)
  Data Path Delay:        2.894ns  (logic 0.199ns (6.877%)  route 2.695ns (93.123%))
  Logic Levels:           1  (LUT1=1)
  Clock Path Skew:        -0.396ns (DCD - SCD + CPR)
    Destination Clock Delay (DCD):    2.147ns
    Source Clock Delay      (SCD):    2.543ns
    Clock Pessimism Removal (CPR):    0.000ns
  Clock Uncertainty:      0.112ns  ((TSJ^2 + DJ^2)^1/2) / 2 + PE
    Total System Jitter     (TSJ):    0.071ns
    Discrete Jitter          (DJ):    0.213ns
    Phase Error              (PE):    0.000ns
  Clock Net Delay (Source):      2.335ns (routing 0.960ns, distribution 1.375ns)
  Clock Net Delay (Destination): 1.979ns (routing 0.872ns, distribution 1.107ns)
  Timing Exception:       False Path

    Location             Delay type                Incr(ns)  Path(ns)    Netlist Resource(s)
  -------------------------------------------------------------------    -------------------
                         (clock clk_pl_0 rise edge)
                                                      0.000     0.000 r  
    PS8_X0Y0             PS8                          0.000     0.000 r  top_i/zynq_ps/inst/PS8_i/PLCLK[0]
                         net (fo=1, routed)           0.180     0.180    top_i/zynq_ps/inst/pl_clk_unbuffered[0]
    BUFG_PS_X0Y80        BUFG_PS (Prop_BUFG_PS_I_O)
                                                      0.028     0.208 r  top_i/zynq_ps/inst/buffer_pl_clk_0.PL_CLK_0_BUFG/O
    X2Y2 (CLOCK_ROOT)    net (fo=35948, routed)       2.335     2.543    top_i/rst_zynq_ps_187M/U0/slowest_sync_clk
    SLICE_X56Y196        FDRE                                         r  top_i/rst_zynq_ps_187M/U0/ACTIVE_LOW_PR_OUT_DFF[0].FDRE_PER_N_replica/C
  -------------------------------------------------------------------    -------------------
    SLICE_X56Y196        FDRE (Prop_AFF_SLICEM_C_Q)
                                                      0.077     2.620 f  top_i/rst_zynq_ps_187M/U0/ACTIVE_LOW_PR_OUT_DFF[0].FDRE_PER_N_replica/Q
                         net (fo=531, routed)         2.403     5.023    top_i/StreamingDataflowPartition_1/inst/StreamingDataflowPartition_1_StreamingFIFO_rtl_12/fifo/inst/gen_fifo.xpm_fifo_axis_inst/peripheral_aresetn[0]_bufg_place_replica
    SLICE_X67Y255        LUT1 (Prop_D6LUT_SLICEM_I0_O)
                                                      0.122     5.145 r  top_i/StreamingDataflowPartition_1/inst/StreamingDataflowPartition_1_StreamingFIFO_rtl_12/fifo/inst/gen_fifo.xpm_fifo_axis_inst/gaxis_rst_sync.xpm_cdc_sync_rst_inst_i_1/O
                         net (fo=1, routed)           0.292     5.437    top_i/StreamingDataflowPartition_1/inst/StreamingDataflowPartition_1_StreamingFIFO_rtl_12/fifo/inst/gen_fifo.xpm_fifo_axis_inst/gaxis_rst_sync.xpm_cdc_sync_rst_inst/src_rst
    SLICE_X68Y250        FDRE                                         r  top_i/StreamingDataflowPartition_1/inst/StreamingDataflowPartition_1_StreamingFIFO_rtl_12/fifo/inst/gen_fifo.xpm_fifo_axis_inst/gaxis_rst_sync.xpm_cdc_sync_rst_inst/syncstages_ff_reg[0]/D
  -------------------------------------------------------------------    -------------------

                         (clock clk_pl_0 rise edge)
                                                      0.000     0.000 r  
    PS8_X0Y0             PS8                          0.000     0.000 r  top_i/zynq_ps/inst/PS8_i/PLCLK[0]
                         net (fo=1, routed)           0.143     0.143    top_i/zynq_ps/inst/pl_clk_unbuffered[0]
    BUFG_PS_X0Y80        BUFG_PS (Prop_BUFG_PS_I_O)
                                                      0.025     0.168 r  top_i/zynq_ps/inst/buffer_pl_clk_0.PL_CLK_0_BUFG/O
    X2Y2 (CLOCK_ROOT)    net (fo=35948, routed)       1.979     2.147    top_i/StreamingDataflowPartition_1/inst/StreamingDataflowPartition_1_StreamingFIFO_rtl_12/fifo/inst/gen_fifo.xpm_fifo_axis_inst/gaxis_rst_sync.xpm_cdc_sync_rst_inst/dest_clk
    SLICE_X68Y250        FDRE                                         r  top_i/StreamingDataflowPartition_1/inst/StreamingDataflowPartition_1_StreamingFIFO_rtl_12/fifo/inst/gen_fifo.xpm_fifo_axis_inst/gaxis_rst_sync.xpm_cdc_sync_rst_inst/syncstages_ff_reg[0]/C

Slack:                    inf
  Source:                 top_i/rst_zynq_ps_187M/U0/ACTIVE_LOW_PR_OUT_DFF[0].FDRE_PER_N_replica/C
                            (rising edge-triggered cell FDRE clocked by clk_pl_0  {rise@0.000ns fall@2.667ns period=5.333ns})
  Destination:            top_i/StreamingDataflowPartition_1/inst/StreamingDataflowPartition_1_StreamingFIFO_rtl_14/fifo/inst/gen_fifo.xpm_fifo_axis_inst/gaxis_rst_sync.xpm_cdc_sync_rst_inst/syncstages_ff_reg[0]/D
                            (rising edge-triggered cell FDRE clocked by clk_pl_0  {rise@0.000ns fall@2.667ns period=5.333ns})
  Path Group:             (none)
  Path Type:              Setup (Max at Slow Process Corner)
  Data Path Delay:        2.881ns  (logic 0.176ns (6.109%)  route 2.705ns (93.891%))
  Logic Levels:           1  (LUT1=1)
  Clock Path Skew:        -0.410ns (DCD - SCD + CPR)
    Destination Clock Delay (DCD):    2.133ns
    Source Clock Delay      (SCD):    2.543ns
    Clock Pessimism Removal (CPR):    0.000ns
  Clock Uncertainty:      0.112ns  ((TSJ^2 + DJ^2)^1/2) / 2 + PE
    Total System Jitter     (TSJ):    0.071ns
    Discrete Jitter          (DJ):    0.213ns
    Phase Error              (PE):    0.000ns
  Clock Net Delay (Source):      2.335ns (routing 0.960ns, distribution 1.375ns)
  Clock Net Delay (Destination): 1.965ns (routing 0.872ns, distribution 1.093ns)
  Timing Exception:       False Path

    Location             Delay type                Incr(ns)  Path(ns)    Netlist Resource(s)
  -------------------------------------------------------------------    -------------------
                         (clock clk_pl_0 rise edge)
                                                      0.000     0.000 r  
    PS8_X0Y0             PS8                          0.000     0.000 r  top_i/zynq_ps/inst/PS8_i/PLCLK[0]
                         net (fo=1, routed)           0.180     0.180    top_i/zynq_ps/inst/pl_clk_unbuffered[0]
    BUFG_PS_X0Y80        BUFG_PS (Prop_BUFG_PS_I_O)
                                                      0.028     0.208 r  top_i/zynq_ps/inst/buffer_pl_clk_0.PL_CLK_0_BUFG/O
    X2Y2 (CLOCK_ROOT)    net (fo=35948, routed)       2.335     2.543    top_i/rst_zynq_ps_187M/U0/slowest_sync_clk
    SLICE_X56Y196        FDRE                                         r  top_i/rst_zynq_ps_187M/U0/ACTIVE_LOW_PR_OUT_DFF[0].FDRE_PER_N_replica/C
  -------------------------------------------------------------------    -------------------
    SLICE_X56Y196        FDRE (Prop_AFF_SLICEM_C_Q)
                                                      0.077     2.620 f  top_i/rst_zynq_ps_187M/U0/ACTIVE_LOW_PR_OUT_DFF[0].FDRE_PER_N_replica/Q
                         net (fo=531, routed)         2.407     5.027    top_i/StreamingDataflowPartition_1/inst/StreamingDataflowPartition_1_StreamingFIFO_rtl_14/fifo/inst/gen_fifo.xpm_fifo_axis_inst/peripheral_aresetn[0]_bufg_place_replica
    SLICE_X68Y260        LUT1 (Prop_H6LUT_SLICEL_I0_O)
                                                      0.099     5.126 r  top_i/StreamingDataflowPartition_1/inst/StreamingDataflowPartition_1_StreamingFIFO_rtl_14/fifo/inst/gen_fifo.xpm_fifo_axis_inst/gaxis_rst_sync.xpm_cdc_sync_rst_inst_i_1/O
                         net (fo=1, routed)           0.298     5.424    top_i/StreamingDataflowPartition_1/inst/StreamingDataflowPartition_1_StreamingFIFO_rtl_14/fifo/inst/gen_fifo.xpm_fifo_axis_inst/gaxis_rst_sync.xpm_cdc_sync_rst_inst/src_rst
    SLICE_X68Y260        FDRE                                         r  top_i/StreamingDataflowPartition_1/inst/StreamingDataflowPartition_1_StreamingFIFO_rtl_14/fifo/inst/gen_fifo.xpm_fifo_axis_inst/gaxis_rst_sync.xpm_cdc_sync_rst_inst/syncstages_ff_reg[0]/D
  -------------------------------------------------------------------    -------------------

                         (clock clk_pl_0 rise edge)
                                                      0.000     0.000 r  
    PS8_X0Y0             PS8                          0.000     0.000 r  top_i/zynq_ps/inst/PS8_i/PLCLK[0]
                         net (fo=1, routed)           0.143     0.143    top_i/zynq_ps/inst/pl_clk_unbuffered[0]
    BUFG_PS_X0Y80        BUFG_PS (Prop_BUFG_PS_I_O)
                                                      0.025     0.168 r  top_i/zynq_ps/inst/buffer_pl_clk_0.PL_CLK_0_BUFG/O
    X2Y2 (CLOCK_ROOT)    net (fo=35948, routed)       1.965     2.133    top_i/StreamingDataflowPartition_1/inst/StreamingDataflowPartition_1_StreamingFIFO_rtl_14/fifo/inst/gen_fifo.xpm_fifo_axis_inst/gaxis_rst_sync.xpm_cdc_sync_rst_inst/dest_clk
    SLICE_X68Y260        FDRE                                         r  top_i/StreamingDataflowPartition_1/inst/StreamingDataflowPartition_1_StreamingFIFO_rtl_14/fifo/inst/gen_fifo.xpm_fifo_axis_inst/gaxis_rst_sync.xpm_cdc_sync_rst_inst/syncstages_ff_reg[0]/C

Slack:                    inf
  Source:                 top_i/rst_zynq_ps_187M/U0/ACTIVE_LOW_PR_OUT_DFF[0].FDRE_PER_N/C
                            (rising edge-triggered cell FDRE clocked by clk_pl_0  {rise@0.000ns fall@2.667ns period=5.333ns})
  Destination:            top_i/axi_interconnect_0/s00_couplers/auto_ds/inst/gen_downsizer.gen_simple_downsizer.axi_downsizer_inst/USE_WRITE.write_addr_inst/USE_B_CHANNEL.cmd_b_queue/inst/fifo_gen_inst/inst_fifo_gen/gconvfifo.rf/grf.rf/rstblk/ngwrdrst.grst.g7serrst.gnsckt_wrst.rst_wr_reg2_inst/arststages_ff_reg[0]/PRE
                            (recovery check against rising-edge clock clk_pl_0  {rise@0.000ns fall@2.667ns period=5.333ns})
  Path Group:             (none)
  Path Type:              Recovery (Max at Slow Process Corner)
  Data Path Delay:        2.725ns  (logic 0.105ns (3.853%)  route 2.620ns (96.147%))
  Logic Levels:           1  (BUFGCE=1)
  Clock Path Skew:        -0.322ns (DCD - SCD + CPR)
    Destination Clock Delay (DCD):    2.237ns
    Source Clock Delay      (SCD):    2.559ns
    Clock Pessimism Removal (CPR):    0.000ns
  Clock Uncertainty:      0.112ns  ((TSJ^2 + DJ^2)^1/2) / 2 + PE
    Total System Jitter     (TSJ):    0.071ns
    Discrete Jitter          (DJ):    0.213ns
    Phase Error              (PE):    0.000ns
  Clock Net Delay (Source):      2.351ns (routing 0.960ns, distribution 1.391ns)
  Clock Net Delay (Destination): 2.069ns (routing 0.872ns, distribution 1.197ns)
  Timing Exception:       False Path

    Location             Delay type                Incr(ns)  Path(ns)    Netlist Resource(s)
  -------------------------------------------------------------------    -------------------
                         (clock clk_pl_0 rise edge)
                                                      0.000     0.000 r  
    PS8_X0Y0             PS8                          0.000     0.000 r  top_i/zynq_ps/inst/PS8_i/PLCLK[0]
                         net (fo=1, routed)           0.180     0.180    top_i/zynq_ps/inst/pl_clk_unbuffered[0]
    BUFG_PS_X0Y80        BUFG_PS (Prop_BUFG_PS_I_O)
                                                      0.028     0.208 r  top_i/zynq_ps/inst/buffer_pl_clk_0.PL_CLK_0_BUFG/O
    X2Y2 (CLOCK_ROOT)    net (fo=35948, routed)       2.351     2.559    top_i/rst_zynq_ps_187M/U0/slowest_sync_clk
    SLICE_X54Y193        FDRE                                         r  top_i/rst_zynq_ps_187M/U0/ACTIVE_LOW_PR_OUT_DFF[0].FDRE_PER_N/C
  -------------------------------------------------------------------    -------------------
    SLICE_X54Y193        FDRE (Prop_AFF_SLICEM_C_Q)
                                                      0.077     2.636 r  top_i/rst_zynq_ps_187M/U0/ACTIVE_LOW_PR_OUT_DFF[0].FDRE_PER_N/Q
                         net (fo=1, routed)           1.182     3.818    top_i/rst_zynq_ps_187M/U0/peripheral_aresetn[0]_bufg_place
    BUFGCE_X1Y92         BUFGCE (Prop_BUFCE_BUFGCE_I_O)
                                                      0.028     3.846 r  top_i/rst_zynq_ps_187M/U0/ACTIVE_LOW_PR_OUT_DFF[0].FDRE_PER_N_bufg_place/O
                         net (fo=5293, routed)        1.438     5.284    top_i/axi_interconnect_0/s00_couplers/auto_ds/inst/gen_downsizer.gen_simple_downsizer.axi_downsizer_inst/USE_WRITE.write_addr_inst/USE_B_CHANNEL.cmd_b_queue/inst/fifo_gen_inst/inst_fifo_gen/gconvfifo.rf/grf.rf/rstblk/ngwrdrst.grst.g7serrst.gnsckt_wrst.rst_wr_reg2_inst/src_arst
    SLICE_X49Y118        FDPE                                         f  top_i/axi_interconnect_0/s00_couplers/auto_ds/inst/gen_downsizer.gen_simple_downsizer.axi_downsizer_inst/USE_WRITE.write_addr_inst/USE_B_CHANNEL.cmd_b_queue/inst/fifo_gen_inst/inst_fifo_gen/gconvfifo.rf/grf.rf/rstblk/ngwrdrst.grst.g7serrst.gnsckt_wrst.rst_wr_reg2_inst/arststages_ff_reg[0]/PRE  (IS_INVERTED)
  -------------------------------------------------------------------    -------------------

                         (clock clk_pl_0 rise edge)
                                                      0.000     0.000 r  
    PS8_X0Y0             PS8                          0.000     0.000 r  top_i/zynq_ps/inst/PS8_i/PLCLK[0]
                         net (fo=1, routed)           0.143     0.143    top_i/zynq_ps/inst/pl_clk_unbuffered[0]
    BUFG_PS_X0Y80        BUFG_PS (Prop_BUFG_PS_I_O)
                                                      0.025     0.168 r  top_i/zynq_ps/inst/buffer_pl_clk_0.PL_CLK_0_BUFG/O
    X2Y2 (CLOCK_ROOT)    net (fo=35948, routed)       2.069     2.237    top_i/axi_interconnect_0/s00_couplers/auto_ds/inst/gen_downsizer.gen_simple_downsizer.axi_downsizer_inst/USE_WRITE.write_addr_inst/USE_B_CHANNEL.cmd_b_queue/inst/fifo_gen_inst/inst_fifo_gen/gconvfifo.rf/grf.rf/rstblk/ngwrdrst.grst.g7serrst.gnsckt_wrst.rst_wr_reg2_inst/dest_clk
    SLICE_X49Y118        FDPE                                         r  top_i/axi_interconnect_0/s00_couplers/auto_ds/inst/gen_downsizer.gen_simple_downsizer.axi_downsizer_inst/USE_WRITE.write_addr_inst/USE_B_CHANNEL.cmd_b_queue/inst/fifo_gen_inst/inst_fifo_gen/gconvfifo.rf/grf.rf/rstblk/ngwrdrst.grst.g7serrst.gnsckt_wrst.rst_wr_reg2_inst/arststages_ff_reg[0]/C

Slack:                    inf
  Source:                 top_i/rst_zynq_ps_187M/U0/ACTIVE_LOW_PR_OUT_DFF[0].FDRE_PER_N/C
                            (rising edge-triggered cell FDRE clocked by clk_pl_0  {rise@0.000ns fall@2.667ns period=5.333ns})
  Destination:            top_i/axi_interconnect_0/s00_couplers/auto_ds/inst/gen_downsizer.gen_simple_downsizer.axi_downsizer_inst/USE_WRITE.write_addr_inst/USE_B_CHANNEL.cmd_b_queue/inst/fifo_gen_inst/inst_fifo_gen/gconvfifo.rf/grf.rf/rstblk/ngwrdrst.grst.g7serrst.gnsckt_wrst.rst_wr_reg2_inst/arststages_ff_reg[1]/PRE
                            (recovery check against rising-edge clock clk_pl_0  {rise@0.000ns fall@2.667ns period=5.333ns})
  Path Group:             (none)
  Path Type:              Recovery (Max at Slow Process Corner)
  Data Path Delay:        2.725ns  (logic 0.105ns (3.853%)  route 2.620ns (96.147%))
  Logic Levels:           1  (BUFGCE=1)
  Clock Path Skew:        -0.322ns (DCD - SCD + CPR)
    Destination Clock Delay (DCD):    2.237ns
    Source Clock Delay      (SCD):    2.559ns
    Clock Pessimism Removal (CPR):    0.000ns
  Clock Uncertainty:      0.112ns  ((TSJ^2 + DJ^2)^1/2) / 2 + PE
    Total System Jitter     (TSJ):    0.071ns
    Discrete Jitter          (DJ):    0.213ns
    Phase Error              (PE):    0.000ns
  Clock Net Delay (Source):      2.351ns (routing 0.960ns, distribution 1.391ns)
  Clock Net Delay (Destination): 2.069ns (routing 0.872ns, distribution 1.197ns)
  Timing Exception:       False Path

    Location             Delay type                Incr(ns)  Path(ns)    Netlist Resource(s)
  -------------------------------------------------------------------    -------------------
                         (clock clk_pl_0 rise edge)
                                                      0.000     0.000 r  
    PS8_X0Y0             PS8                          0.000     0.000 r  top_i/zynq_ps/inst/PS8_i/PLCLK[0]
                         net (fo=1, routed)           0.180     0.180    top_i/zynq_ps/inst/pl_clk_unbuffered[0]
    BUFG_PS_X0Y80        BUFG_PS (Prop_BUFG_PS_I_O)
                                                      0.028     0.208 r  top_i/zynq_ps/inst/buffer_pl_clk_0.PL_CLK_0_BUFG/O
    X2Y2 (CLOCK_ROOT)    net (fo=35948, routed)       2.351     2.559    top_i/rst_zynq_ps_187M/U0/slowest_sync_clk
    SLICE_X54Y193        FDRE                                         r  top_i/rst_zynq_ps_187M/U0/ACTIVE_LOW_PR_OUT_DFF[0].FDRE_PER_N/C
  -------------------------------------------------------------------    -------------------
    SLICE_X54Y193        FDRE (Prop_AFF_SLICEM_C_Q)
                                                      0.077     2.636 r  top_i/rst_zynq_ps_187M/U0/ACTIVE_LOW_PR_OUT_DFF[0].FDRE_PER_N/Q
                         net (fo=1, routed)           1.182     3.818    top_i/rst_zynq_ps_187M/U0/peripheral_aresetn[0]_bufg_place
    BUFGCE_X1Y92         BUFGCE (Prop_BUFCE_BUFGCE_I_O)
                                                      0.028     3.846 r  top_i/rst_zynq_ps_187M/U0/ACTIVE_LOW_PR_OUT_DFF[0].FDRE_PER_N_bufg_place/O
                         net (fo=5293, routed)        1.438     5.284    top_i/axi_interconnect_0/s00_couplers/auto_ds/inst/gen_downsizer.gen_simple_downsizer.axi_downsizer_inst/USE_WRITE.write_addr_inst/USE_B_CHANNEL.cmd_b_queue/inst/fifo_gen_inst/inst_fifo_gen/gconvfifo.rf/grf.rf/rstblk/ngwrdrst.grst.g7serrst.gnsckt_wrst.rst_wr_reg2_inst/src_arst
    SLICE_X49Y118        FDPE                                         f  top_i/axi_interconnect_0/s00_couplers/auto_ds/inst/gen_downsizer.gen_simple_downsizer.axi_downsizer_inst/USE_WRITE.write_addr_inst/USE_B_CHANNEL.cmd_b_queue/inst/fifo_gen_inst/inst_fifo_gen/gconvfifo.rf/grf.rf/rstblk/ngwrdrst.grst.g7serrst.gnsckt_wrst.rst_wr_reg2_inst/arststages_ff_reg[1]/PRE  (IS_INVERTED)
  -------------------------------------------------------------------    -------------------

                         (clock clk_pl_0 rise edge)
                                                      0.000     0.000 r  
    PS8_X0Y0             PS8                          0.000     0.000 r  top_i/zynq_ps/inst/PS8_i/PLCLK[0]
                         net (fo=1, routed)           0.143     0.143    top_i/zynq_ps/inst/pl_clk_unbuffered[0]
    BUFG_PS_X0Y80        BUFG_PS (Prop_BUFG_PS_I_O)
                                                      0.025     0.168 r  top_i/zynq_ps/inst/buffer_pl_clk_0.PL_CLK_0_BUFG/O
    X2Y2 (CLOCK_ROOT)    net (fo=35948, routed)       2.069     2.237    top_i/axi_interconnect_0/s00_couplers/auto_ds/inst/gen_downsizer.gen_simple_downsizer.axi_downsizer_inst/USE_WRITE.write_addr_inst/USE_B_CHANNEL.cmd_b_queue/inst/fifo_gen_inst/inst_fifo_gen/gconvfifo.rf/grf.rf/rstblk/ngwrdrst.grst.g7serrst.gnsckt_wrst.rst_wr_reg2_inst/dest_clk
    SLICE_X49Y118        FDPE                                         r  top_i/axi_interconnect_0/s00_couplers/auto_ds/inst/gen_downsizer.gen_simple_downsizer.axi_downsizer_inst/USE_WRITE.write_addr_inst/USE_B_CHANNEL.cmd_b_queue/inst/fifo_gen_inst/inst_fifo_gen/gconvfifo.rf/grf.rf/rstblk/ngwrdrst.grst.g7serrst.gnsckt_wrst.rst_wr_reg2_inst/arststages_ff_reg[1]/C

Slack:                    inf
  Source:                 top_i/rst_zynq_ps_187M/U0/ACTIVE_LOW_PR_OUT_DFF[0].FDRE_PER_N/C
                            (rising edge-triggered cell FDRE clocked by clk_pl_0  {rise@0.000ns fall@2.667ns period=5.333ns})
  Destination:            top_i/axi_interconnect_0/s00_couplers/auto_ds/inst/gen_downsizer.gen_simple_downsizer.axi_downsizer_inst/USE_READ.read_addr_inst/cmd_queue/inst/fifo_gen_inst/inst_fifo_gen/gconvfifo.rf/grf.rf/rstblk/ngwrdrst.grst.g7serrst.gnsckt_wrst.rst_wr_reg2_inst/arststages_ff_reg[0]/PRE
                            (recovery check against rising-edge clock clk_pl_0  {rise@0.000ns fall@2.667ns period=5.333ns})
  Path Group:             (none)
  Path Type:              Recovery (Max at Slow Process Corner)
  Data Path Delay:        2.721ns  (logic 0.105ns (3.859%)  route 2.616ns (96.141%))
  Logic Levels:           1  (BUFGCE=1)
  Clock Path Skew:        -0.310ns (DCD - SCD + CPR)
    Destination Clock Delay (DCD):    2.249ns
    Source Clock Delay      (SCD):    2.559ns
    Clock Pessimism Removal (CPR):    0.000ns
  Clock Uncertainty:      0.112ns  ((TSJ^2 + DJ^2)^1/2) / 2 + PE
    Total System Jitter     (TSJ):    0.071ns
    Discrete Jitter          (DJ):    0.213ns
    Phase Error              (PE):    0.000ns
  Clock Net Delay (Source):      2.351ns (routing 0.960ns, distribution 1.391ns)
  Clock Net Delay (Destination): 2.081ns (routing 0.872ns, distribution 1.209ns)
  Timing Exception:       False Path

    Location             Delay type                Incr(ns)  Path(ns)    Netlist Resource(s)
  -------------------------------------------------------------------    -------------------
                         (clock clk_pl_0 rise edge)
                                                      0.000     0.000 r  
    PS8_X0Y0             PS8                          0.000     0.000 r  top_i/zynq_ps/inst/PS8_i/PLCLK[0]
                         net (fo=1, routed)           0.180     0.180    top_i/zynq_ps/inst/pl_clk_unbuffered[0]
    BUFG_PS_X0Y80        BUFG_PS (Prop_BUFG_PS_I_O)
                                                      0.028     0.208 r  top_i/zynq_ps/inst/buffer_pl_clk_0.PL_CLK_0_BUFG/O
    X2Y2 (CLOCK_ROOT)    net (fo=35948, routed)       2.351     2.559    top_i/rst_zynq_ps_187M/U0/slowest_sync_clk
    SLICE_X54Y193        FDRE                                         r  top_i/rst_zynq_ps_187M/U0/ACTIVE_LOW_PR_OUT_DFF[0].FDRE_PER_N/C
  -------------------------------------------------------------------    -------------------
    SLICE_X54Y193        FDRE (Prop_AFF_SLICEM_C_Q)
                                                      0.077     2.636 r  top_i/rst_zynq_ps_187M/U0/ACTIVE_LOW_PR_OUT_DFF[0].FDRE_PER_N/Q
                         net (fo=1, routed)           1.182     3.818    top_i/rst_zynq_ps_187M/U0/peripheral_aresetn[0]_bufg_place
    BUFGCE_X1Y92         BUFGCE (Prop_BUFCE_BUFGCE_I_O)
                                                      0.028     3.846 r  top_i/rst_zynq_ps_187M/U0/ACTIVE_LOW_PR_OUT_DFF[0].FDRE_PER_N_bufg_place/O
                         net (fo=5293, routed)        1.434     5.280    top_i/axi_interconnect_0/s00_couplers/auto_ds/inst/gen_downsizer.gen_simple_downsizer.axi_downsizer_inst/USE_READ.read_addr_inst/cmd_queue/inst/fifo_gen_inst/inst_fifo_gen/gconvfifo.rf/grf.rf/rstblk/ngwrdrst.grst.g7serrst.gnsckt_wrst.rst_wr_reg2_inst/src_arst
    SLICE_X51Y115        FDPE                                         f  top_i/axi_interconnect_0/s00_couplers/auto_ds/inst/gen_downsizer.gen_simple_downsizer.axi_downsizer_inst/USE_READ.read_addr_inst/cmd_queue/inst/fifo_gen_inst/inst_fifo_gen/gconvfifo.rf/grf.rf/rstblk/ngwrdrst.grst.g7serrst.gnsckt_wrst.rst_wr_reg2_inst/arststages_ff_reg[0]/PRE  (IS_INVERTED)
  -------------------------------------------------------------------    -------------------

                         (clock clk_pl_0 rise edge)
                                                      0.000     0.000 r  
    PS8_X0Y0             PS8                          0.000     0.000 r  top_i/zynq_ps/inst/PS8_i/PLCLK[0]
                         net (fo=1, routed)           0.143     0.143    top_i/zynq_ps/inst/pl_clk_unbuffered[0]
    BUFG_PS_X0Y80        BUFG_PS (Prop_BUFG_PS_I_O)
                                                      0.025     0.168 r  top_i/zynq_ps/inst/buffer_pl_clk_0.PL_CLK_0_BUFG/O
    X2Y2 (CLOCK_ROOT)    net (fo=35948, routed)       2.081     2.249    top_i/axi_interconnect_0/s00_couplers/auto_ds/inst/gen_downsizer.gen_simple_downsizer.axi_downsizer_inst/USE_READ.read_addr_inst/cmd_queue/inst/fifo_gen_inst/inst_fifo_gen/gconvfifo.rf/grf.rf/rstblk/ngwrdrst.grst.g7serrst.gnsckt_wrst.rst_wr_reg2_inst/dest_clk
    SLICE_X51Y115        FDPE                                         r  top_i/axi_interconnect_0/s00_couplers/auto_ds/inst/gen_downsizer.gen_simple_downsizer.axi_downsizer_inst/USE_READ.read_addr_inst/cmd_queue/inst/fifo_gen_inst/inst_fifo_gen/gconvfifo.rf/grf.rf/rstblk/ngwrdrst.grst.g7serrst.gnsckt_wrst.rst_wr_reg2_inst/arststages_ff_reg[0]/C

Slack:                    inf
  Source:                 top_i/rst_zynq_ps_187M/U0/ACTIVE_LOW_PR_OUT_DFF[0].FDRE_PER_N/C
                            (rising edge-triggered cell FDRE clocked by clk_pl_0  {rise@0.000ns fall@2.667ns period=5.333ns})
  Destination:            top_i/axi_interconnect_0/s00_couplers/auto_ds/inst/gen_downsizer.gen_simple_downsizer.axi_downsizer_inst/USE_READ.read_addr_inst/cmd_queue/inst/fifo_gen_inst/inst_fifo_gen/gconvfifo.rf/grf.rf/rstblk/ngwrdrst.grst.g7serrst.gnsckt_wrst.rst_wr_reg2_inst/arststages_ff_reg[1]/PRE
                            (recovery check against rising-edge clock clk_pl_0  {rise@0.000ns fall@2.667ns period=5.333ns})
  Path Group:             (none)
  Path Type:              Recovery (Max at Slow Process Corner)
  Data Path Delay:        2.721ns  (logic 0.105ns (3.859%)  route 2.616ns (96.141%))
  Logic Levels:           1  (BUFGCE=1)
  Clock Path Skew:        -0.310ns (DCD - SCD + CPR)
    Destination Clock Delay (DCD):    2.249ns
    Source Clock Delay      (SCD):    2.559ns
    Clock Pessimism Removal (CPR):    0.000ns
  Clock Uncertainty:      0.112ns  ((TSJ^2 + DJ^2)^1/2) / 2 + PE
    Total System Jitter     (TSJ):    0.071ns
    Discrete Jitter          (DJ):    0.213ns
    Phase Error              (PE):    0.000ns
  Clock Net Delay (Source):      2.351ns (routing 0.960ns, distribution 1.391ns)
  Clock Net Delay (Destination): 2.081ns (routing 0.872ns, distribution 1.209ns)
  Timing Exception:       False Path

    Location             Delay type                Incr(ns)  Path(ns)    Netlist Resource(s)
  -------------------------------------------------------------------    -------------------
                         (clock clk_pl_0 rise edge)
                                                      0.000     0.000 r  
    PS8_X0Y0             PS8                          0.000     0.000 r  top_i/zynq_ps/inst/PS8_i/PLCLK[0]
                         net (fo=1, routed)           0.180     0.180    top_i/zynq_ps/inst/pl_clk_unbuffered[0]
    BUFG_PS_X0Y80        BUFG_PS (Prop_BUFG_PS_I_O)
                                                      0.028     0.208 r  top_i/zynq_ps/inst/buffer_pl_clk_0.PL_CLK_0_BUFG/O
    X2Y2 (CLOCK_ROOT)    net (fo=35948, routed)       2.351     2.559    top_i/rst_zynq_ps_187M/U0/slowest_sync_clk
    SLICE_X54Y193        FDRE                                         r  top_i/rst_zynq_ps_187M/U0/ACTIVE_LOW_PR_OUT_DFF[0].FDRE_PER_N/C
  -------------------------------------------------------------------    -------------------
    SLICE_X54Y193        FDRE (Prop_AFF_SLICEM_C_Q)
                                                      0.077     2.636 r  top_i/rst_zynq_ps_187M/U0/ACTIVE_LOW_PR_OUT_DFF[0].FDRE_PER_N/Q
                         net (fo=1, routed)           1.182     3.818    top_i/rst_zynq_ps_187M/U0/peripheral_aresetn[0]_bufg_place
    BUFGCE_X1Y92         BUFGCE (Prop_BUFCE_BUFGCE_I_O)
                                                      0.028     3.846 r  top_i/rst_zynq_ps_187M/U0/ACTIVE_LOW_PR_OUT_DFF[0].FDRE_PER_N_bufg_place/O
                         net (fo=5293, routed)        1.434     5.280    top_i/axi_interconnect_0/s00_couplers/auto_ds/inst/gen_downsizer.gen_simple_downsizer.axi_downsizer_inst/USE_READ.read_addr_inst/cmd_queue/inst/fifo_gen_inst/inst_fifo_gen/gconvfifo.rf/grf.rf/rstblk/ngwrdrst.grst.g7serrst.gnsckt_wrst.rst_wr_reg2_inst/src_arst
    SLICE_X51Y115        FDPE                                         f  top_i/axi_interconnect_0/s00_couplers/auto_ds/inst/gen_downsizer.gen_simple_downsizer.axi_downsizer_inst/USE_READ.read_addr_inst/cmd_queue/inst/fifo_gen_inst/inst_fifo_gen/gconvfifo.rf/grf.rf/rstblk/ngwrdrst.grst.g7serrst.gnsckt_wrst.rst_wr_reg2_inst/arststages_ff_reg[1]/PRE  (IS_INVERTED)
  -------------------------------------------------------------------    -------------------

                         (clock clk_pl_0 rise edge)
                                                      0.000     0.000 r  
    PS8_X0Y0             PS8                          0.000     0.000 r  top_i/zynq_ps/inst/PS8_i/PLCLK[0]
                         net (fo=1, routed)           0.143     0.143    top_i/zynq_ps/inst/pl_clk_unbuffered[0]
    BUFG_PS_X0Y80        BUFG_PS (Prop_BUFG_PS_I_O)
                                                      0.025     0.168 r  top_i/zynq_ps/inst/buffer_pl_clk_0.PL_CLK_0_BUFG/O
    X2Y2 (CLOCK_ROOT)    net (fo=35948, routed)       2.081     2.249    top_i/axi_interconnect_0/s00_couplers/auto_ds/inst/gen_downsizer.gen_simple_downsizer.axi_downsizer_inst/USE_READ.read_addr_inst/cmd_queue/inst/fifo_gen_inst/inst_fifo_gen/gconvfifo.rf/grf.rf/rstblk/ngwrdrst.grst.g7serrst.gnsckt_wrst.rst_wr_reg2_inst/dest_clk
    SLICE_X51Y115        FDPE                                         r  top_i/axi_interconnect_0/s00_couplers/auto_ds/inst/gen_downsizer.gen_simple_downsizer.axi_downsizer_inst/USE_READ.read_addr_inst/cmd_queue/inst/fifo_gen_inst/inst_fifo_gen/gconvfifo.rf/grf.rf/rstblk/ngwrdrst.grst.g7serrst.gnsckt_wrst.rst_wr_reg2_inst/arststages_ff_reg[1]/C

Slack:                    inf
  Source:                 top_i/rst_zynq_ps_187M/U0/ACTIVE_LOW_PR_OUT_DFF[0].FDRE_PER_N/C
                            (rising edge-triggered cell FDRE clocked by clk_pl_0  {rise@0.000ns fall@2.667ns period=5.333ns})
  Destination:            top_i/axi_interconnect_0/s00_couplers/auto_ds/inst/gen_downsizer.gen_simple_downsizer.axi_downsizer_inst/USE_WRITE.write_addr_inst/cmd_queue/inst/fifo_gen_inst/inst_fifo_gen/gconvfifo.rf/grf.rf/rstblk/ngwrdrst.grst.g7serrst.gnsckt_wrst.rst_wr_reg2_inst/arststages_ff_reg[0]/PRE
                            (recovery check against rising-edge clock clk_pl_0  {rise@0.000ns fall@2.667ns period=5.333ns})
  Path Group:             (none)
  Path Type:              Recovery (Max at Slow Process Corner)
  Data Path Delay:        2.718ns  (logic 0.105ns (3.863%)  route 2.613ns (96.137%))
  Logic Levels:           1  (BUFGCE=1)
  Clock Path Skew:        -0.327ns (DCD - SCD + CPR)
    Destination Clock Delay (DCD):    2.233ns
    Source Clock Delay      (SCD):    2.559ns
    Clock Pessimism Removal (CPR):    0.000ns
  Clock Uncertainty:      0.112ns  ((TSJ^2 + DJ^2)^1/2) / 2 + PE
    Total System Jitter     (TSJ):    0.071ns
    Discrete Jitter          (DJ):    0.213ns
    Phase Error              (PE):    0.000ns
  Clock Net Delay (Source):      2.351ns (routing 0.960ns, distribution 1.391ns)
  Clock Net Delay (Destination): 2.065ns (routing 0.872ns, distribution 1.193ns)
  Timing Exception:       False Path

    Location             Delay type                Incr(ns)  Path(ns)    Netlist Resource(s)
  -------------------------------------------------------------------    -------------------
                         (clock clk_pl_0 rise edge)
                                                      0.000     0.000 r  
    PS8_X0Y0             PS8                          0.000     0.000 r  top_i/zynq_ps/inst/PS8_i/PLCLK[0]
                         net (fo=1, routed)           0.180     0.180    top_i/zynq_ps/inst/pl_clk_unbuffered[0]
    BUFG_PS_X0Y80        BUFG_PS (Prop_BUFG_PS_I_O)
                                                      0.028     0.208 r  top_i/zynq_ps/inst/buffer_pl_clk_0.PL_CLK_0_BUFG/O
    X2Y2 (CLOCK_ROOT)    net (fo=35948, routed)       2.351     2.559    top_i/rst_zynq_ps_187M/U0/slowest_sync_clk
    SLICE_X54Y193        FDRE                                         r  top_i/rst_zynq_ps_187M/U0/ACTIVE_LOW_PR_OUT_DFF[0].FDRE_PER_N/C
  -------------------------------------------------------------------    -------------------
    SLICE_X54Y193        FDRE (Prop_AFF_SLICEM_C_Q)
                                                      0.077     2.636 r  top_i/rst_zynq_ps_187M/U0/ACTIVE_LOW_PR_OUT_DFF[0].FDRE_PER_N/Q
                         net (fo=1, routed)           1.182     3.818    top_i/rst_zynq_ps_187M/U0/peripheral_aresetn[0]_bufg_place
    BUFGCE_X1Y92         BUFGCE (Prop_BUFCE_BUFGCE_I_O)
                                                      0.028     3.846 r  top_i/rst_zynq_ps_187M/U0/ACTIVE_LOW_PR_OUT_DFF[0].FDRE_PER_N_bufg_place/O
                         net (fo=5293, routed)        1.431     5.277    top_i/axi_interconnect_0/s00_couplers/auto_ds/inst/gen_downsizer.gen_simple_downsizer.axi_downsizer_inst/USE_WRITE.write_addr_inst/cmd_queue/inst/fifo_gen_inst/inst_fifo_gen/gconvfifo.rf/grf.rf/rstblk/ngwrdrst.grst.g7serrst.gnsckt_wrst.rst_wr_reg2_inst/src_arst
    SLICE_X57Y118        FDPE                                         f  top_i/axi_interconnect_0/s00_couplers/auto_ds/inst/gen_downsizer.gen_simple_downsizer.axi_downsizer_inst/USE_WRITE.write_addr_inst/cmd_queue/inst/fifo_gen_inst/inst_fifo_gen/gconvfifo.rf/grf.rf/rstblk/ngwrdrst.grst.g7serrst.gnsckt_wrst.rst_wr_reg2_inst/arststages_ff_reg[0]/PRE  (IS_INVERTED)
  -------------------------------------------------------------------    -------------------

                         (clock clk_pl_0 rise edge)
                                                      0.000     0.000 r  
    PS8_X0Y0             PS8                          0.000     0.000 r  top_i/zynq_ps/inst/PS8_i/PLCLK[0]
                         net (fo=1, routed)           0.143     0.143    top_i/zynq_ps/inst/pl_clk_unbuffered[0]
    BUFG_PS_X0Y80        BUFG_PS (Prop_BUFG_PS_I_O)
                                                      0.025     0.168 r  top_i/zynq_ps/inst/buffer_pl_clk_0.PL_CLK_0_BUFG/O
    X2Y2 (CLOCK_ROOT)    net (fo=35948, routed)       2.065     2.233    top_i/axi_interconnect_0/s00_couplers/auto_ds/inst/gen_downsizer.gen_simple_downsizer.axi_downsizer_inst/USE_WRITE.write_addr_inst/cmd_queue/inst/fifo_gen_inst/inst_fifo_gen/gconvfifo.rf/grf.rf/rstblk/ngwrdrst.grst.g7serrst.gnsckt_wrst.rst_wr_reg2_inst/dest_clk
    SLICE_X57Y118        FDPE                                         r  top_i/axi_interconnect_0/s00_couplers/auto_ds/inst/gen_downsizer.gen_simple_downsizer.axi_downsizer_inst/USE_WRITE.write_addr_inst/cmd_queue/inst/fifo_gen_inst/inst_fifo_gen/gconvfifo.rf/grf.rf/rstblk/ngwrdrst.grst.g7serrst.gnsckt_wrst.rst_wr_reg2_inst/arststages_ff_reg[0]/C

Slack:                    inf
  Source:                 top_i/rst_zynq_ps_187M/U0/ACTIVE_LOW_PR_OUT_DFF[0].FDRE_PER_N/C
                            (rising edge-triggered cell FDRE clocked by clk_pl_0  {rise@0.000ns fall@2.667ns period=5.333ns})
  Destination:            top_i/axi_interconnect_0/s00_couplers/auto_ds/inst/gen_downsizer.gen_simple_downsizer.axi_downsizer_inst/USE_WRITE.write_addr_inst/cmd_queue/inst/fifo_gen_inst/inst_fifo_gen/gconvfifo.rf/grf.rf/rstblk/ngwrdrst.grst.g7serrst.gnsckt_wrst.rst_wr_reg2_inst/arststages_ff_reg[1]/PRE
                            (recovery check against rising-edge clock clk_pl_0  {rise@0.000ns fall@2.667ns period=5.333ns})
  Path Group:             (none)
  Path Type:              Recovery (Max at Slow Process Corner)
  Data Path Delay:        2.718ns  (logic 0.105ns (3.863%)  route 2.613ns (96.137%))
  Logic Levels:           1  (BUFGCE=1)
  Clock Path Skew:        -0.327ns (DCD - SCD + CPR)
    Destination Clock Delay (DCD):    2.233ns
    Source Clock Delay      (SCD):    2.559ns
    Clock Pessimism Removal (CPR):    0.000ns
  Clock Uncertainty:      0.112ns  ((TSJ^2 + DJ^2)^1/2) / 2 + PE
    Total System Jitter     (TSJ):    0.071ns
    Discrete Jitter          (DJ):    0.213ns
    Phase Error              (PE):    0.000ns
  Clock Net Delay (Source):      2.351ns (routing 0.960ns, distribution 1.391ns)
  Clock Net Delay (Destination): 2.065ns (routing 0.872ns, distribution 1.193ns)
  Timing Exception:       False Path

    Location             Delay type                Incr(ns)  Path(ns)    Netlist Resource(s)
  -------------------------------------------------------------------    -------------------
                         (clock clk_pl_0 rise edge)
                                                      0.000     0.000 r  
    PS8_X0Y0             PS8                          0.000     0.000 r  top_i/zynq_ps/inst/PS8_i/PLCLK[0]
                         net (fo=1, routed)           0.180     0.180    top_i/zynq_ps/inst/pl_clk_unbuffered[0]
    BUFG_PS_X0Y80        BUFG_PS (Prop_BUFG_PS_I_O)
                                                      0.028     0.208 r  top_i/zynq_ps/inst/buffer_pl_clk_0.PL_CLK_0_BUFG/O
    X2Y2 (CLOCK_ROOT)    net (fo=35948, routed)       2.351     2.559    top_i/rst_zynq_ps_187M/U0/slowest_sync_clk
    SLICE_X54Y193        FDRE                                         r  top_i/rst_zynq_ps_187M/U0/ACTIVE_LOW_PR_OUT_DFF[0].FDRE_PER_N/C
  -------------------------------------------------------------------    -------------------
    SLICE_X54Y193        FDRE (Prop_AFF_SLICEM_C_Q)
                                                      0.077     2.636 r  top_i/rst_zynq_ps_187M/U0/ACTIVE_LOW_PR_OUT_DFF[0].FDRE_PER_N/Q
                         net (fo=1, routed)           1.182     3.818    top_i/rst_zynq_ps_187M/U0/peripheral_aresetn[0]_bufg_place
    BUFGCE_X1Y92         BUFGCE (Prop_BUFCE_BUFGCE_I_O)
                                                      0.028     3.846 r  top_i/rst_zynq_ps_187M/U0/ACTIVE_LOW_PR_OUT_DFF[0].FDRE_PER_N_bufg_place/O
                         net (fo=5293, routed)        1.431     5.277    top_i/axi_interconnect_0/s00_couplers/auto_ds/inst/gen_downsizer.gen_simple_downsizer.axi_downsizer_inst/USE_WRITE.write_addr_inst/cmd_queue/inst/fifo_gen_inst/inst_fifo_gen/gconvfifo.rf/grf.rf/rstblk/ngwrdrst.grst.g7serrst.gnsckt_wrst.rst_wr_reg2_inst/src_arst
    SLICE_X57Y118        FDPE                                         f  top_i/axi_interconnect_0/s00_couplers/auto_ds/inst/gen_downsizer.gen_simple_downsizer.axi_downsizer_inst/USE_WRITE.write_addr_inst/cmd_queue/inst/fifo_gen_inst/inst_fifo_gen/gconvfifo.rf/grf.rf/rstblk/ngwrdrst.grst.g7serrst.gnsckt_wrst.rst_wr_reg2_inst/arststages_ff_reg[1]/PRE  (IS_INVERTED)
  -------------------------------------------------------------------    -------------------

                         (clock clk_pl_0 rise edge)
                                                      0.000     0.000 r  
    PS8_X0Y0             PS8                          0.000     0.000 r  top_i/zynq_ps/inst/PS8_i/PLCLK[0]
                         net (fo=1, routed)           0.143     0.143    top_i/zynq_ps/inst/pl_clk_unbuffered[0]
    BUFG_PS_X0Y80        BUFG_PS (Prop_BUFG_PS_I_O)
                                                      0.025     0.168 r  top_i/zynq_ps/inst/buffer_pl_clk_0.PL_CLK_0_BUFG/O
    X2Y2 (CLOCK_ROOT)    net (fo=35948, routed)       2.065     2.233    top_i/axi_interconnect_0/s00_couplers/auto_ds/inst/gen_downsizer.gen_simple_downsizer.axi_downsizer_inst/USE_WRITE.write_addr_inst/cmd_queue/inst/fifo_gen_inst/inst_fifo_gen/gconvfifo.rf/grf.rf/rstblk/ngwrdrst.grst.g7serrst.gnsckt_wrst.rst_wr_reg2_inst/dest_clk
    SLICE_X57Y118        FDPE                                         r  top_i/axi_interconnect_0/s00_couplers/auto_ds/inst/gen_downsizer.gen_simple_downsizer.axi_downsizer_inst/USE_WRITE.write_addr_inst/cmd_queue/inst/fifo_gen_inst/inst_fifo_gen/gconvfifo.rf/grf.rf/rstblk/ngwrdrst.grst.g7serrst.gnsckt_wrst.rst_wr_reg2_inst/arststages_ff_reg[1]/C

Slack:                    inf
  Source:                 top_i/rst_zynq_ps_187M/U0/ACTIVE_LOW_PR_OUT_DFF[0].FDRE_PER_N_replica/C
                            (rising edge-triggered cell FDRE clocked by clk_pl_0  {rise@0.000ns fall@2.667ns period=5.333ns})
  Destination:            top_i/StreamingDataflowPartition_1/inst/StreamingDataflowPartition_1_StreamingFIFO_rtl_13/fifo/inst/gen_fifo.xpm_fifo_axis_inst/gaxis_rst_sync.xpm_cdc_sync_rst_inst/syncstages_ff_reg[0]/D
                            (rising edge-triggered cell FDRE clocked by clk_pl_0  {rise@0.000ns fall@2.667ns period=5.333ns})
  Path Group:             (none)
  Path Type:              Setup (Max at Slow Process Corner)
  Data Path Delay:        2.645ns  (logic 0.212ns (8.016%)  route 2.433ns (91.984%))
  Logic Levels:           1  (LUT1=1)
  Clock Path Skew:        -0.392ns (DCD - SCD + CPR)
    Destination Clock Delay (DCD):    2.151ns
    Source Clock Delay      (SCD):    2.543ns
    Clock Pessimism Removal (CPR):    0.000ns
  Clock Uncertainty:      0.112ns  ((TSJ^2 + DJ^2)^1/2) / 2 + PE
    Total System Jitter     (TSJ):    0.071ns
    Discrete Jitter          (DJ):    0.213ns
    Phase Error              (PE):    0.000ns
  Clock Net Delay (Source):      2.335ns (routing 0.960ns, distribution 1.375ns)
  Clock Net Delay (Destination): 1.983ns (routing 0.872ns, distribution 1.111ns)
  Timing Exception:       False Path

    Location             Delay type                Incr(ns)  Path(ns)    Netlist Resource(s)
  -------------------------------------------------------------------    -------------------
                         (clock clk_pl_0 rise edge)
                                                      0.000     0.000 r  
    PS8_X0Y0             PS8                          0.000     0.000 r  top_i/zynq_ps/inst/PS8_i/PLCLK[0]
                         net (fo=1, routed)           0.180     0.180    top_i/zynq_ps/inst/pl_clk_unbuffered[0]
    BUFG_PS_X0Y80        BUFG_PS (Prop_BUFG_PS_I_O)
                                                      0.028     0.208 r  top_i/zynq_ps/inst/buffer_pl_clk_0.PL_CLK_0_BUFG/O
    X2Y2 (CLOCK_ROOT)    net (fo=35948, routed)       2.335     2.543    top_i/rst_zynq_ps_187M/U0/slowest_sync_clk
    SLICE_X56Y196        FDRE                                         r  top_i/rst_zynq_ps_187M/U0/ACTIVE_LOW_PR_OUT_DFF[0].FDRE_PER_N_replica/C
  -------------------------------------------------------------------    -------------------
    SLICE_X56Y196        FDRE (Prop_AFF_SLICEM_C_Q)
                                                      0.077     2.620 f  top_i/rst_zynq_ps_187M/U0/ACTIVE_LOW_PR_OUT_DFF[0].FDRE_PER_N_replica/Q
                         net (fo=531, routed)         2.403     5.023    top_i/StreamingDataflowPartition_1/inst/StreamingDataflowPartition_1_StreamingFIFO_rtl_13/fifo/inst/gen_fifo.xpm_fifo_axis_inst/peripheral_aresetn[0]_bufg_place_replica
    SLICE_X67Y255        LUT1 (Prop_D5LUT_SLICEM_I0_O)
                                                      0.135     5.158 r  top_i/StreamingDataflowPartition_1/inst/StreamingDataflowPartition_1_StreamingFIFO_rtl_13/fifo/inst/gen_fifo.xpm_fifo_axis_inst/gaxis_rst_sync.xpm_cdc_sync_rst_inst_i_1/O
                         net (fo=1, routed)           0.030     5.188    top_i/StreamingDataflowPartition_1/inst/StreamingDataflowPartition_1_StreamingFIFO_rtl_13/fifo/inst/gen_fifo.xpm_fifo_axis_inst/gaxis_rst_sync.xpm_cdc_sync_rst_inst/src_rst
    SLICE_X67Y255        FDRE                                         r  top_i/StreamingDataflowPartition_1/inst/StreamingDataflowPartition_1_StreamingFIFO_rtl_13/fifo/inst/gen_fifo.xpm_fifo_axis_inst/gaxis_rst_sync.xpm_cdc_sync_rst_inst/syncstages_ff_reg[0]/D
  -------------------------------------------------------------------    -------------------

                         (clock clk_pl_0 rise edge)
                                                      0.000     0.000 r  
    PS8_X0Y0             PS8                          0.000     0.000 r  top_i/zynq_ps/inst/PS8_i/PLCLK[0]
                         net (fo=1, routed)           0.143     0.143    top_i/zynq_ps/inst/pl_clk_unbuffered[0]
    BUFG_PS_X0Y80        BUFG_PS (Prop_BUFG_PS_I_O)
                                                      0.025     0.168 r  top_i/zynq_ps/inst/buffer_pl_clk_0.PL_CLK_0_BUFG/O
    X2Y2 (CLOCK_ROOT)    net (fo=35948, routed)       1.983     2.151    top_i/StreamingDataflowPartition_1/inst/StreamingDataflowPartition_1_StreamingFIFO_rtl_13/fifo/inst/gen_fifo.xpm_fifo_axis_inst/gaxis_rst_sync.xpm_cdc_sync_rst_inst/dest_clk
    SLICE_X67Y255        FDRE                                         r  top_i/StreamingDataflowPartition_1/inst/StreamingDataflowPartition_1_StreamingFIFO_rtl_13/fifo/inst/gen_fifo.xpm_fifo_axis_inst/gaxis_rst_sync.xpm_cdc_sync_rst_inst/syncstages_ff_reg[0]/C





Min Delay Paths
--------------------------------------------------------------------------------------
Slack:                    inf
  Source:                 top_i/smartconnect_0/inst/clk_map/psr_aclk/U0/ACTIVE_LOW_BSR_OUT_DFF[0].FDRE_BSR_N/C
                            (rising edge-triggered cell FDRE clocked by clk_pl_0  {rise@0.000ns fall@2.667ns period=5.333ns})
  Destination:            top_i/smartconnect_0/inst/s00_nodes/s00_b_node/inst/s_sc_xpm_cdc_async_rst_inst/arststages_ff_reg[0]/CLR
                            (removal check against rising-edge clock clk_pl_0  {rise@0.000ns fall@2.667ns period=5.333ns})
  Path Group:             (none)
  Path Type:              Removal (Min at Fast Process Corner)
  Data Path Delay:        0.212ns  (logic 0.039ns (18.414%)  route 0.173ns (81.586%))
  Logic Levels:           0  
  Clock Path Skew:        0.214ns (DCD - SCD - CPR)
    Destination Clock Delay (DCD):    1.622ns
    Source Clock Delay      (SCD):    1.408ns
    Clock Pessimism Removal (CPR):    -0.000ns
  Clock Uncertainty:      0.112ns  ((TSJ^2 + DJ^2)^1/2) / 2 + PE
    Total System Jitter     (TSJ):    0.071ns
    Discrete Jitter          (DJ):    0.213ns
    Phase Error              (PE):    0.000ns
  Clock Net Delay (Source):      1.269ns (routing 0.519ns, distribution 0.750ns)
  Clock Net Delay (Destination): 1.450ns (routing 0.581ns, distribution 0.869ns)
  Timing Exception:       False Path

    Location             Delay type                Incr(ns)  Path(ns)    Netlist Resource(s)
  -------------------------------------------------------------------    -------------------
                         (clock clk_pl_0 rise edge)
                                                      0.000     0.000 r  
    PS8_X0Y0             PS8                          0.000     0.000 r  top_i/zynq_ps/inst/PS8_i/PLCLK[0]
                         net (fo=1, routed)           0.122     0.122    top_i/zynq_ps/inst/pl_clk_unbuffered[0]
    BUFG_PS_X0Y80        BUFG_PS (Prop_BUFG_PS_I_O)
                                                      0.017     0.139 r  top_i/zynq_ps/inst/buffer_pl_clk_0.PL_CLK_0_BUFG/O
    X2Y2 (CLOCK_ROOT)    net (fo=35948, routed)       1.269     1.408    top_i/smartconnect_0/inst/clk_map/psr_aclk/U0/aclk
    SLICE_X55Y33         FDRE                                         r  top_i/smartconnect_0/inst/clk_map/psr_aclk/U0/ACTIVE_LOW_BSR_OUT_DFF[0].FDRE_BSR_N/C
  -------------------------------------------------------------------    -------------------
    SLICE_X55Y33         FDRE (Prop_DFF_SLICEL_C_Q)
                                                      0.039     1.447 r  top_i/smartconnect_0/inst/clk_map/psr_aclk/U0/ACTIVE_LOW_BSR_OUT_DFF[0].FDRE_BSR_N/Q
                         net (fo=66, routed)          0.173     1.620    top_i/smartconnect_0/inst/s00_nodes/s00_b_node/inst/s_sc_xpm_cdc_async_rst_inst/src_arst
    SLICE_X55Y37         FDCE                                         f  top_i/smartconnect_0/inst/s00_nodes/s00_b_node/inst/s_sc_xpm_cdc_async_rst_inst/arststages_ff_reg[0]/CLR  (IS_INVERTED)
  -------------------------------------------------------------------    -------------------

                         (clock clk_pl_0 rise edge)
                                                      0.000     0.000 r  
    PS8_X0Y0             PS8                          0.000     0.000 r  top_i/zynq_ps/inst/PS8_i/PLCLK[0]
                         net (fo=1, routed)           0.154     0.154    top_i/zynq_ps/inst/pl_clk_unbuffered[0]
    BUFG_PS_X0Y80        BUFG_PS (Prop_BUFG_PS_I_O)
                                                      0.018     0.172 r  top_i/zynq_ps/inst/buffer_pl_clk_0.PL_CLK_0_BUFG/O
    X2Y2 (CLOCK_ROOT)    net (fo=35948, routed)       1.450     1.622    top_i/smartconnect_0/inst/s00_nodes/s00_b_node/inst/s_sc_xpm_cdc_async_rst_inst/dest_clk
    SLICE_X55Y37         FDCE                                         r  top_i/smartconnect_0/inst/s00_nodes/s00_b_node/inst/s_sc_xpm_cdc_async_rst_inst/arststages_ff_reg[0]/C

Slack:                    inf
  Source:                 top_i/smartconnect_0/inst/clk_map/psr_aclk/U0/ACTIVE_LOW_BSR_OUT_DFF[0].FDRE_BSR_N/C
                            (rising edge-triggered cell FDRE clocked by clk_pl_0  {rise@0.000ns fall@2.667ns period=5.333ns})
  Destination:            top_i/smartconnect_0/inst/s00_nodes/s00_b_node/inst/s_sc_xpm_cdc_async_rst_inst/arststages_ff_reg[1]/CLR
                            (removal check against rising-edge clock clk_pl_0  {rise@0.000ns fall@2.667ns period=5.333ns})
  Path Group:             (none)
  Path Type:              Removal (Min at Fast Process Corner)
  Data Path Delay:        0.212ns  (logic 0.039ns (18.414%)  route 0.173ns (81.586%))
  Logic Levels:           0  
  Clock Path Skew:        0.214ns (DCD - SCD - CPR)
    Destination Clock Delay (DCD):    1.622ns
    Source Clock Delay      (SCD):    1.408ns
    Clock Pessimism Removal (CPR):    -0.000ns
  Clock Uncertainty:      0.112ns  ((TSJ^2 + DJ^2)^1/2) / 2 + PE
    Total System Jitter     (TSJ):    0.071ns
    Discrete Jitter          (DJ):    0.213ns
    Phase Error              (PE):    0.000ns
  Clock Net Delay (Source):      1.269ns (routing 0.519ns, distribution 0.750ns)
  Clock Net Delay (Destination): 1.450ns (routing 0.581ns, distribution 0.869ns)
  Timing Exception:       False Path

    Location             Delay type                Incr(ns)  Path(ns)    Netlist Resource(s)
  -------------------------------------------------------------------    -------------------
                         (clock clk_pl_0 rise edge)
                                                      0.000     0.000 r  
    PS8_X0Y0             PS8                          0.000     0.000 r  top_i/zynq_ps/inst/PS8_i/PLCLK[0]
                         net (fo=1, routed)           0.122     0.122    top_i/zynq_ps/inst/pl_clk_unbuffered[0]
    BUFG_PS_X0Y80        BUFG_PS (Prop_BUFG_PS_I_O)
                                                      0.017     0.139 r  top_i/zynq_ps/inst/buffer_pl_clk_0.PL_CLK_0_BUFG/O
    X2Y2 (CLOCK_ROOT)    net (fo=35948, routed)       1.269     1.408    top_i/smartconnect_0/inst/clk_map/psr_aclk/U0/aclk
    SLICE_X55Y33         FDRE                                         r  top_i/smartconnect_0/inst/clk_map/psr_aclk/U0/ACTIVE_LOW_BSR_OUT_DFF[0].FDRE_BSR_N/C
  -------------------------------------------------------------------    -------------------
    SLICE_X55Y33         FDRE (Prop_DFF_SLICEL_C_Q)
                                                      0.039     1.447 r  top_i/smartconnect_0/inst/clk_map/psr_aclk/U0/ACTIVE_LOW_BSR_OUT_DFF[0].FDRE_BSR_N/Q
                         net (fo=66, routed)          0.173     1.620    top_i/smartconnect_0/inst/s00_nodes/s00_b_node/inst/s_sc_xpm_cdc_async_rst_inst/src_arst
    SLICE_X55Y37         FDCE                                         f  top_i/smartconnect_0/inst/s00_nodes/s00_b_node/inst/s_sc_xpm_cdc_async_rst_inst/arststages_ff_reg[1]/CLR  (IS_INVERTED)
  -------------------------------------------------------------------    -------------------

                         (clock clk_pl_0 rise edge)
                                                      0.000     0.000 r  
    PS8_X0Y0             PS8                          0.000     0.000 r  top_i/zynq_ps/inst/PS8_i/PLCLK[0]
                         net (fo=1, routed)           0.154     0.154    top_i/zynq_ps/inst/pl_clk_unbuffered[0]
    BUFG_PS_X0Y80        BUFG_PS (Prop_BUFG_PS_I_O)
                                                      0.018     0.172 r  top_i/zynq_ps/inst/buffer_pl_clk_0.PL_CLK_0_BUFG/O
    X2Y2 (CLOCK_ROOT)    net (fo=35948, routed)       1.450     1.622    top_i/smartconnect_0/inst/s00_nodes/s00_b_node/inst/s_sc_xpm_cdc_async_rst_inst/dest_clk
    SLICE_X55Y37         FDCE                                         r  top_i/smartconnect_0/inst/s00_nodes/s00_b_node/inst/s_sc_xpm_cdc_async_rst_inst/arststages_ff_reg[1]/C

Slack:                    inf
  Source:                 top_i/smartconnect_0/inst/clk_map/psr_aclk/U0/ACTIVE_LOW_BSR_OUT_DFF[0].FDRE_BSR_N/C
                            (rising edge-triggered cell FDRE clocked by clk_pl_0  {rise@0.000ns fall@2.667ns period=5.333ns})
  Destination:            top_i/smartconnect_0/inst/s00_nodes/s00_b_node/inst/s_sc_xpm_cdc_async_rst_inst/arststages_ff_reg[2]/CLR
                            (removal check against rising-edge clock clk_pl_0  {rise@0.000ns fall@2.667ns period=5.333ns})
  Path Group:             (none)
  Path Type:              Removal (Min at Fast Process Corner)
  Data Path Delay:        0.212ns  (logic 0.039ns (18.414%)  route 0.173ns (81.586%))
  Logic Levels:           0  
  Clock Path Skew:        0.214ns (DCD - SCD - CPR)
    Destination Clock Delay (DCD):    1.622ns
    Source Clock Delay      (SCD):    1.408ns
    Clock Pessimism Removal (CPR):    -0.000ns
  Clock Uncertainty:      0.112ns  ((TSJ^2 + DJ^2)^1/2) / 2 + PE
    Total System Jitter     (TSJ):    0.071ns
    Discrete Jitter          (DJ):    0.213ns
    Phase Error              (PE):    0.000ns
  Clock Net Delay (Source):      1.269ns (routing 0.519ns, distribution 0.750ns)
  Clock Net Delay (Destination): 1.450ns (routing 0.581ns, distribution 0.869ns)
  Timing Exception:       False Path

    Location             Delay type                Incr(ns)  Path(ns)    Netlist Resource(s)
  -------------------------------------------------------------------    -------------------
                         (clock clk_pl_0 rise edge)
                                                      0.000     0.000 r  
    PS8_X0Y0             PS8                          0.000     0.000 r  top_i/zynq_ps/inst/PS8_i/PLCLK[0]
                         net (fo=1, routed)           0.122     0.122    top_i/zynq_ps/inst/pl_clk_unbuffered[0]
    BUFG_PS_X0Y80        BUFG_PS (Prop_BUFG_PS_I_O)
                                                      0.017     0.139 r  top_i/zynq_ps/inst/buffer_pl_clk_0.PL_CLK_0_BUFG/O
    X2Y2 (CLOCK_ROOT)    net (fo=35948, routed)       1.269     1.408    top_i/smartconnect_0/inst/clk_map/psr_aclk/U0/aclk
    SLICE_X55Y33         FDRE                                         r  top_i/smartconnect_0/inst/clk_map/psr_aclk/U0/ACTIVE_LOW_BSR_OUT_DFF[0].FDRE_BSR_N/C
  -------------------------------------------------------------------    -------------------
    SLICE_X55Y33         FDRE (Prop_DFF_SLICEL_C_Q)
                                                      0.039     1.447 r  top_i/smartconnect_0/inst/clk_map/psr_aclk/U0/ACTIVE_LOW_BSR_OUT_DFF[0].FDRE_BSR_N/Q
                         net (fo=66, routed)          0.173     1.620    top_i/smartconnect_0/inst/s00_nodes/s00_b_node/inst/s_sc_xpm_cdc_async_rst_inst/src_arst
    SLICE_X55Y37         FDCE                                         f  top_i/smartconnect_0/inst/s00_nodes/s00_b_node/inst/s_sc_xpm_cdc_async_rst_inst/arststages_ff_reg[2]/CLR  (IS_INVERTED)
  -------------------------------------------------------------------    -------------------

                         (clock clk_pl_0 rise edge)
                                                      0.000     0.000 r  
    PS8_X0Y0             PS8                          0.000     0.000 r  top_i/zynq_ps/inst/PS8_i/PLCLK[0]
                         net (fo=1, routed)           0.154     0.154    top_i/zynq_ps/inst/pl_clk_unbuffered[0]
    BUFG_PS_X0Y80        BUFG_PS (Prop_BUFG_PS_I_O)
                                                      0.018     0.172 r  top_i/zynq_ps/inst/buffer_pl_clk_0.PL_CLK_0_BUFG/O
    X2Y2 (CLOCK_ROOT)    net (fo=35948, routed)       1.450     1.622    top_i/smartconnect_0/inst/s00_nodes/s00_b_node/inst/s_sc_xpm_cdc_async_rst_inst/dest_clk
    SLICE_X55Y37         FDCE                                         r  top_i/smartconnect_0/inst/s00_nodes/s00_b_node/inst/s_sc_xpm_cdc_async_rst_inst/arststages_ff_reg[2]/C

Slack:                    inf
  Source:                 top_i/rst_zynq_ps_187M/U0/ACTIVE_LOW_PR_OUT_DFF[0].FDRE_PER_N_replica/C
                            (rising edge-triggered cell FDRE clocked by clk_pl_0  {rise@0.000ns fall@2.667ns period=5.333ns})
  Destination:            top_i/StreamingDataflowPartition_1/inst/StreamingDataflowPartition_1_StreamingFIFO_rtl_11/fifo/inst/gen_fifo.xpm_fifo_axis_inst/gaxis_rst_sync.xpm_cdc_sync_rst_inst/syncstages_ff_reg[0]/D
                            (rising edge-triggered cell FDRE clocked by clk_pl_0  {rise@0.000ns fall@2.667ns period=5.333ns})
  Path Group:             (none)
  Path Type:              Hold (Min at Fast Process Corner)
  Data Path Delay:        0.288ns  (logic 0.079ns (27.461%)  route 0.209ns (72.539%))
  Logic Levels:           1  (LUT1=1)
  Clock Path Skew:        0.196ns (DCD - SCD - CPR)
    Destination Clock Delay (DCD):    1.613ns
    Source Clock Delay      (SCD):    1.417ns
    Clock Pessimism Removal (CPR):    -0.000ns
  Clock Uncertainty:      0.112ns  ((TSJ^2 + DJ^2)^1/2) / 2 + PE
    Total System Jitter     (TSJ):    0.071ns
    Discrete Jitter          (DJ):    0.213ns
    Phase Error              (PE):    0.000ns
  Clock Net Delay (Source):      1.278ns (routing 0.519ns, distribution 0.759ns)
  Clock Net Delay (Destination): 1.441ns (routing 0.581ns, distribution 0.860ns)
  Timing Exception:       False Path

    Location             Delay type                Incr(ns)  Path(ns)    Netlist Resource(s)
  -------------------------------------------------------------------    -------------------
                         (clock clk_pl_0 rise edge)
                                                      0.000     0.000 r  
    PS8_X0Y0             PS8                          0.000     0.000 r  top_i/zynq_ps/inst/PS8_i/PLCLK[0]
                         net (fo=1, routed)           0.122     0.122    top_i/zynq_ps/inst/pl_clk_unbuffered[0]
    BUFG_PS_X0Y80        BUFG_PS (Prop_BUFG_PS_I_O)
                                                      0.017     0.139 r  top_i/zynq_ps/inst/buffer_pl_clk_0.PL_CLK_0_BUFG/O
    X2Y2 (CLOCK_ROOT)    net (fo=35948, routed)       1.278     1.417    top_i/rst_zynq_ps_187M/U0/slowest_sync_clk
    SLICE_X56Y196        FDRE                                         r  top_i/rst_zynq_ps_187M/U0/ACTIVE_LOW_PR_OUT_DFF[0].FDRE_PER_N_replica/C
  -------------------------------------------------------------------    -------------------
    SLICE_X56Y196        FDRE (Prop_AFF_SLICEM_C_Q)
                                                      0.038     1.455 f  top_i/rst_zynq_ps_187M/U0/ACTIVE_LOW_PR_OUT_DFF[0].FDRE_PER_N_replica/Q
                         net (fo=531, routed)         0.149     1.604    top_i/StreamingDataflowPartition_1/inst/StreamingDataflowPartition_1_StreamingFIFO_rtl_11/fifo/inst/gen_fifo.xpm_fifo_axis_inst/peripheral_aresetn[0]_bufg_place_replica
    SLICE_X53Y186        LUT1 (Prop_H6LUT_SLICEM_I0_O)
                                                      0.041     1.645 r  top_i/StreamingDataflowPartition_1/inst/StreamingDataflowPartition_1_StreamingFIFO_rtl_11/fifo/inst/gen_fifo.xpm_fifo_axis_inst/gaxis_rst_sync.xpm_cdc_sync_rst_inst_i_1/O
                         net (fo=1, routed)           0.060     1.705    top_i/StreamingDataflowPartition_1/inst/StreamingDataflowPartition_1_StreamingFIFO_rtl_11/fifo/inst/gen_fifo.xpm_fifo_axis_inst/gaxis_rst_sync.xpm_cdc_sync_rst_inst/src_rst
    SLICE_X53Y186        FDRE                                         r  top_i/StreamingDataflowPartition_1/inst/StreamingDataflowPartition_1_StreamingFIFO_rtl_11/fifo/inst/gen_fifo.xpm_fifo_axis_inst/gaxis_rst_sync.xpm_cdc_sync_rst_inst/syncstages_ff_reg[0]/D
  -------------------------------------------------------------------    -------------------

                         (clock clk_pl_0 rise edge)
                                                      0.000     0.000 r  
    PS8_X0Y0             PS8                          0.000     0.000 r  top_i/zynq_ps/inst/PS8_i/PLCLK[0]
                         net (fo=1, routed)           0.154     0.154    top_i/zynq_ps/inst/pl_clk_unbuffered[0]
    BUFG_PS_X0Y80        BUFG_PS (Prop_BUFG_PS_I_O)
                                                      0.018     0.172 r  top_i/zynq_ps/inst/buffer_pl_clk_0.PL_CLK_0_BUFG/O
    X2Y2 (CLOCK_ROOT)    net (fo=35948, routed)       1.441     1.613    top_i/StreamingDataflowPartition_1/inst/StreamingDataflowPartition_1_StreamingFIFO_rtl_11/fifo/inst/gen_fifo.xpm_fifo_axis_inst/gaxis_rst_sync.xpm_cdc_sync_rst_inst/dest_clk
    SLICE_X53Y186        FDRE                                         r  top_i/StreamingDataflowPartition_1/inst/StreamingDataflowPartition_1_StreamingFIFO_rtl_11/fifo/inst/gen_fifo.xpm_fifo_axis_inst/gaxis_rst_sync.xpm_cdc_sync_rst_inst/syncstages_ff_reg[0]/C

Slack:                    inf
  Source:                 top_i/smartconnect_0/inst/clk_map/psr_aclk/U0/ACTIVE_LOW_BSR_OUT_DFF[0].FDRE_BSR_N/C
                            (rising edge-triggered cell FDRE clocked by clk_pl_0  {rise@0.000ns fall@2.667ns period=5.333ns})
  Destination:            top_i/smartconnect_0/inst/m00_nodes/m00_b_node/inst/s_sc_xpm_cdc_async_rst_inst/arststages_ff_reg[0]/CLR
                            (removal check against rising-edge clock clk_pl_0  {rise@0.000ns fall@2.667ns period=5.333ns})
  Path Group:             (none)
  Path Type:              Removal (Min at Fast Process Corner)
  Data Path Delay:        0.337ns  (logic 0.039ns (11.583%)  route 0.298ns (88.417%))
  Logic Levels:           0  
  Clock Path Skew:        0.217ns (DCD - SCD - CPR)
    Destination Clock Delay (DCD):    1.625ns
    Source Clock Delay      (SCD):    1.408ns
    Clock Pessimism Removal (CPR):    -0.000ns
  Clock Uncertainty:      0.112ns  ((TSJ^2 + DJ^2)^1/2) / 2 + PE
    Total System Jitter     (TSJ):    0.071ns
    Discrete Jitter          (DJ):    0.213ns
    Phase Error              (PE):    0.000ns
  Clock Net Delay (Source):      1.269ns (routing 0.519ns, distribution 0.750ns)
  Clock Net Delay (Destination): 1.453ns (routing 0.581ns, distribution 0.872ns)
  Timing Exception:       False Path

    Location             Delay type                Incr(ns)  Path(ns)    Netlist Resource(s)
  -------------------------------------------------------------------    -------------------
                         (clock clk_pl_0 rise edge)
                                                      0.000     0.000 r  
    PS8_X0Y0             PS8                          0.000     0.000 r  top_i/zynq_ps/inst/PS8_i/PLCLK[0]
                         net (fo=1, routed)           0.122     0.122    top_i/zynq_ps/inst/pl_clk_unbuffered[0]
    BUFG_PS_X0Y80        BUFG_PS (Prop_BUFG_PS_I_O)
                                                      0.017     0.139 r  top_i/zynq_ps/inst/buffer_pl_clk_0.PL_CLK_0_BUFG/O
    X2Y2 (CLOCK_ROOT)    net (fo=35948, routed)       1.269     1.408    top_i/smartconnect_0/inst/clk_map/psr_aclk/U0/aclk
    SLICE_X55Y33         FDRE                                         r  top_i/smartconnect_0/inst/clk_map/psr_aclk/U0/ACTIVE_LOW_BSR_OUT_DFF[0].FDRE_BSR_N/C
  -------------------------------------------------------------------    -------------------
    SLICE_X55Y33         FDRE (Prop_DFF_SLICEL_C_Q)
                                                      0.039     1.447 r  top_i/smartconnect_0/inst/clk_map/psr_aclk/U0/ACTIVE_LOW_BSR_OUT_DFF[0].FDRE_BSR_N/Q
                         net (fo=66, routed)          0.298     1.745    top_i/smartconnect_0/inst/m00_nodes/m00_b_node/inst/s_sc_xpm_cdc_async_rst_inst/src_arst
    SLICE_X52Y49         FDCE                                         f  top_i/smartconnect_0/inst/m00_nodes/m00_b_node/inst/s_sc_xpm_cdc_async_rst_inst/arststages_ff_reg[0]/CLR  (IS_INVERTED)
  -------------------------------------------------------------------    -------------------

                         (clock clk_pl_0 rise edge)
                                                      0.000     0.000 r  
    PS8_X0Y0             PS8                          0.000     0.000 r  top_i/zynq_ps/inst/PS8_i/PLCLK[0]
                         net (fo=1, routed)           0.154     0.154    top_i/zynq_ps/inst/pl_clk_unbuffered[0]
    BUFG_PS_X0Y80        BUFG_PS (Prop_BUFG_PS_I_O)
                                                      0.018     0.172 r  top_i/zynq_ps/inst/buffer_pl_clk_0.PL_CLK_0_BUFG/O
    X2Y2 (CLOCK_ROOT)    net (fo=35948, routed)       1.453     1.625    top_i/smartconnect_0/inst/m00_nodes/m00_b_node/inst/s_sc_xpm_cdc_async_rst_inst/dest_clk
    SLICE_X52Y49         FDCE                                         r  top_i/smartconnect_0/inst/m00_nodes/m00_b_node/inst/s_sc_xpm_cdc_async_rst_inst/arststages_ff_reg[0]/C

Slack:                    inf
  Source:                 top_i/smartconnect_0/inst/clk_map/psr_aclk/U0/ACTIVE_LOW_BSR_OUT_DFF[0].FDRE_BSR_N/C
                            (rising edge-triggered cell FDRE clocked by clk_pl_0  {rise@0.000ns fall@2.667ns period=5.333ns})
  Destination:            top_i/smartconnect_0/inst/m00_nodes/m00_b_node/inst/s_sc_xpm_cdc_async_rst_inst/arststages_ff_reg[1]/CLR
                            (removal check against rising-edge clock clk_pl_0  {rise@0.000ns fall@2.667ns period=5.333ns})
  Path Group:             (none)
  Path Type:              Removal (Min at Fast Process Corner)
  Data Path Delay:        0.337ns  (logic 0.039ns (11.583%)  route 0.298ns (88.417%))
  Logic Levels:           0  
  Clock Path Skew:        0.217ns (DCD - SCD - CPR)
    Destination Clock Delay (DCD):    1.625ns
    Source Clock Delay      (SCD):    1.408ns
    Clock Pessimism Removal (CPR):    -0.000ns
  Clock Uncertainty:      0.112ns  ((TSJ^2 + DJ^2)^1/2) / 2 + PE
    Total System Jitter     (TSJ):    0.071ns
    Discrete Jitter          (DJ):    0.213ns
    Phase Error              (PE):    0.000ns
  Clock Net Delay (Source):      1.269ns (routing 0.519ns, distribution 0.750ns)
  Clock Net Delay (Destination): 1.453ns (routing 0.581ns, distribution 0.872ns)
  Timing Exception:       False Path

    Location             Delay type                Incr(ns)  Path(ns)    Netlist Resource(s)
  -------------------------------------------------------------------    -------------------
                         (clock clk_pl_0 rise edge)
                                                      0.000     0.000 r  
    PS8_X0Y0             PS8                          0.000     0.000 r  top_i/zynq_ps/inst/PS8_i/PLCLK[0]
                         net (fo=1, routed)           0.122     0.122    top_i/zynq_ps/inst/pl_clk_unbuffered[0]
    BUFG_PS_X0Y80        BUFG_PS (Prop_BUFG_PS_I_O)
                                                      0.017     0.139 r  top_i/zynq_ps/inst/buffer_pl_clk_0.PL_CLK_0_BUFG/O
    X2Y2 (CLOCK_ROOT)    net (fo=35948, routed)       1.269     1.408    top_i/smartconnect_0/inst/clk_map/psr_aclk/U0/aclk
    SLICE_X55Y33         FDRE                                         r  top_i/smartconnect_0/inst/clk_map/psr_aclk/U0/ACTIVE_LOW_BSR_OUT_DFF[0].FDRE_BSR_N/C
  -------------------------------------------------------------------    -------------------
    SLICE_X55Y33         FDRE (Prop_DFF_SLICEL_C_Q)
                                                      0.039     1.447 r  top_i/smartconnect_0/inst/clk_map/psr_aclk/U0/ACTIVE_LOW_BSR_OUT_DFF[0].FDRE_BSR_N/Q
                         net (fo=66, routed)          0.298     1.745    top_i/smartconnect_0/inst/m00_nodes/m00_b_node/inst/s_sc_xpm_cdc_async_rst_inst/src_arst
    SLICE_X52Y49         FDCE                                         f  top_i/smartconnect_0/inst/m00_nodes/m00_b_node/inst/s_sc_xpm_cdc_async_rst_inst/arststages_ff_reg[1]/CLR  (IS_INVERTED)
  -------------------------------------------------------------------    -------------------

                         (clock clk_pl_0 rise edge)
                                                      0.000     0.000 r  
    PS8_X0Y0             PS8                          0.000     0.000 r  top_i/zynq_ps/inst/PS8_i/PLCLK[0]
                         net (fo=1, routed)           0.154     0.154    top_i/zynq_ps/inst/pl_clk_unbuffered[0]
    BUFG_PS_X0Y80        BUFG_PS (Prop_BUFG_PS_I_O)
                                                      0.018     0.172 r  top_i/zynq_ps/inst/buffer_pl_clk_0.PL_CLK_0_BUFG/O
    X2Y2 (CLOCK_ROOT)    net (fo=35948, routed)       1.453     1.625    top_i/smartconnect_0/inst/m00_nodes/m00_b_node/inst/s_sc_xpm_cdc_async_rst_inst/dest_clk
    SLICE_X52Y49         FDCE                                         r  top_i/smartconnect_0/inst/m00_nodes/m00_b_node/inst/s_sc_xpm_cdc_async_rst_inst/arststages_ff_reg[1]/C

Slack:                    inf
  Source:                 top_i/smartconnect_0/inst/clk_map/psr_aclk/U0/ACTIVE_LOW_BSR_OUT_DFF[0].FDRE_BSR_N/C
                            (rising edge-triggered cell FDRE clocked by clk_pl_0  {rise@0.000ns fall@2.667ns period=5.333ns})
  Destination:            top_i/smartconnect_0/inst/m00_nodes/m00_b_node/inst/s_sc_xpm_cdc_async_rst_inst/arststages_ff_reg[2]/CLR
                            (removal check against rising-edge clock clk_pl_0  {rise@0.000ns fall@2.667ns period=5.333ns})
  Path Group:             (none)
  Path Type:              Removal (Min at Fast Process Corner)
  Data Path Delay:        0.337ns  (logic 0.039ns (11.583%)  route 0.298ns (88.417%))
  Logic Levels:           0  
  Clock Path Skew:        0.217ns (DCD - SCD - CPR)
    Destination Clock Delay (DCD):    1.625ns
    Source Clock Delay      (SCD):    1.408ns
    Clock Pessimism Removal (CPR):    -0.000ns
  Clock Uncertainty:      0.112ns  ((TSJ^2 + DJ^2)^1/2) / 2 + PE
    Total System Jitter     (TSJ):    0.071ns
    Discrete Jitter          (DJ):    0.213ns
    Phase Error              (PE):    0.000ns
  Clock Net Delay (Source):      1.269ns (routing 0.519ns, distribution 0.750ns)
  Clock Net Delay (Destination): 1.453ns (routing 0.581ns, distribution 0.872ns)
  Timing Exception:       False Path

    Location             Delay type                Incr(ns)  Path(ns)    Netlist Resource(s)
  -------------------------------------------------------------------    -------------------
                         (clock clk_pl_0 rise edge)
                                                      0.000     0.000 r  
    PS8_X0Y0             PS8                          0.000     0.000 r  top_i/zynq_ps/inst/PS8_i/PLCLK[0]
                         net (fo=1, routed)           0.122     0.122    top_i/zynq_ps/inst/pl_clk_unbuffered[0]
    BUFG_PS_X0Y80        BUFG_PS (Prop_BUFG_PS_I_O)
                                                      0.017     0.139 r  top_i/zynq_ps/inst/buffer_pl_clk_0.PL_CLK_0_BUFG/O
    X2Y2 (CLOCK_ROOT)    net (fo=35948, routed)       1.269     1.408    top_i/smartconnect_0/inst/clk_map/psr_aclk/U0/aclk
    SLICE_X55Y33         FDRE                                         r  top_i/smartconnect_0/inst/clk_map/psr_aclk/U0/ACTIVE_LOW_BSR_OUT_DFF[0].FDRE_BSR_N/C
  -------------------------------------------------------------------    -------------------
    SLICE_X55Y33         FDRE (Prop_DFF_SLICEL_C_Q)
                                                      0.039     1.447 r  top_i/smartconnect_0/inst/clk_map/psr_aclk/U0/ACTIVE_LOW_BSR_OUT_DFF[0].FDRE_BSR_N/Q
                         net (fo=66, routed)          0.298     1.745    top_i/smartconnect_0/inst/m00_nodes/m00_b_node/inst/s_sc_xpm_cdc_async_rst_inst/src_arst
    SLICE_X52Y49         FDCE                                         f  top_i/smartconnect_0/inst/m00_nodes/m00_b_node/inst/s_sc_xpm_cdc_async_rst_inst/arststages_ff_reg[2]/CLR  (IS_INVERTED)
  -------------------------------------------------------------------    -------------------

                         (clock clk_pl_0 rise edge)
                                                      0.000     0.000 r  
    PS8_X0Y0             PS8                          0.000     0.000 r  top_i/zynq_ps/inst/PS8_i/PLCLK[0]
                         net (fo=1, routed)           0.154     0.154    top_i/zynq_ps/inst/pl_clk_unbuffered[0]
    BUFG_PS_X0Y80        BUFG_PS (Prop_BUFG_PS_I_O)
                                                      0.018     0.172 r  top_i/zynq_ps/inst/buffer_pl_clk_0.PL_CLK_0_BUFG/O
    X2Y2 (CLOCK_ROOT)    net (fo=35948, routed)       1.453     1.625    top_i/smartconnect_0/inst/m00_nodes/m00_b_node/inst/s_sc_xpm_cdc_async_rst_inst/dest_clk
    SLICE_X52Y49         FDCE                                         r  top_i/smartconnect_0/inst/m00_nodes/m00_b_node/inst/s_sc_xpm_cdc_async_rst_inst/arststages_ff_reg[2]/C

Slack:                    inf
  Source:                 top_i/smartconnect_0/inst/clk_map/psr_aclk/U0/ACTIVE_LOW_BSR_OUT_DFF[0].FDRE_BSR_N/C
                            (rising edge-triggered cell FDRE clocked by clk_pl_0  {rise@0.000ns fall@2.667ns period=5.333ns})
  Destination:            top_i/smartconnect_0/inst/s00_nodes/s00_aw_node/inst/s_sc_xpm_cdc_async_rst_inst/arststages_ff_reg[0]/CLR
                            (removal check against rising-edge clock clk_pl_0  {rise@0.000ns fall@2.667ns period=5.333ns})
  Path Group:             (none)
  Path Type:              Removal (Min at Fast Process Corner)
  Data Path Delay:        0.347ns  (logic 0.039ns (11.231%)  route 0.308ns (88.769%))
  Logic Levels:           0  
  Clock Path Skew:        0.205ns (DCD - SCD - CPR)
    Destination Clock Delay (DCD):    1.613ns
    Source Clock Delay      (SCD):    1.408ns
    Clock Pessimism Removal (CPR):    -0.000ns
  Clock Uncertainty:      0.112ns  ((TSJ^2 + DJ^2)^1/2) / 2 + PE
    Total System Jitter     (TSJ):    0.071ns
    Discrete Jitter          (DJ):    0.213ns
    Phase Error              (PE):    0.000ns
  Clock Net Delay (Source):      1.269ns (routing 0.519ns, distribution 0.750ns)
  Clock Net Delay (Destination): 1.441ns (routing 0.581ns, distribution 0.860ns)
  Timing Exception:       False Path

    Location             Delay type                Incr(ns)  Path(ns)    Netlist Resource(s)
  -------------------------------------------------------------------    -------------------
                         (clock clk_pl_0 rise edge)
                                                      0.000     0.000 r  
    PS8_X0Y0             PS8                          0.000     0.000 r  top_i/zynq_ps/inst/PS8_i/PLCLK[0]
                         net (fo=1, routed)           0.122     0.122    top_i/zynq_ps/inst/pl_clk_unbuffered[0]
    BUFG_PS_X0Y80        BUFG_PS (Prop_BUFG_PS_I_O)
                                                      0.017     0.139 r  top_i/zynq_ps/inst/buffer_pl_clk_0.PL_CLK_0_BUFG/O
    X2Y2 (CLOCK_ROOT)    net (fo=35948, routed)       1.269     1.408    top_i/smartconnect_0/inst/clk_map/psr_aclk/U0/aclk
    SLICE_X55Y33         FDRE                                         r  top_i/smartconnect_0/inst/clk_map/psr_aclk/U0/ACTIVE_LOW_BSR_OUT_DFF[0].FDRE_BSR_N/C
  -------------------------------------------------------------------    -------------------
    SLICE_X55Y33         FDRE (Prop_DFF_SLICEL_C_Q)
                                                      0.039     1.447 r  top_i/smartconnect_0/inst/clk_map/psr_aclk/U0/ACTIVE_LOW_BSR_OUT_DFF[0].FDRE_BSR_N/Q
                         net (fo=66, routed)          0.308     1.755    top_i/smartconnect_0/inst/s00_nodes/s00_aw_node/inst/s_sc_xpm_cdc_async_rst_inst/src_arst
    SLICE_X54Y61         FDCE                                         f  top_i/smartconnect_0/inst/s00_nodes/s00_aw_node/inst/s_sc_xpm_cdc_async_rst_inst/arststages_ff_reg[0]/CLR  (IS_INVERTED)
  -------------------------------------------------------------------    -------------------

                         (clock clk_pl_0 rise edge)
                                                      0.000     0.000 r  
    PS8_X0Y0             PS8                          0.000     0.000 r  top_i/zynq_ps/inst/PS8_i/PLCLK[0]
                         net (fo=1, routed)           0.154     0.154    top_i/zynq_ps/inst/pl_clk_unbuffered[0]
    BUFG_PS_X0Y80        BUFG_PS (Prop_BUFG_PS_I_O)
                                                      0.018     0.172 r  top_i/zynq_ps/inst/buffer_pl_clk_0.PL_CLK_0_BUFG/O
    X2Y2 (CLOCK_ROOT)    net (fo=35948, routed)       1.441     1.613    top_i/smartconnect_0/inst/s00_nodes/s00_aw_node/inst/s_sc_xpm_cdc_async_rst_inst/dest_clk
    SLICE_X54Y61         FDCE                                         r  top_i/smartconnect_0/inst/s00_nodes/s00_aw_node/inst/s_sc_xpm_cdc_async_rst_inst/arststages_ff_reg[0]/C

Slack:                    inf
  Source:                 top_i/smartconnect_0/inst/clk_map/psr_aclk/U0/ACTIVE_LOW_BSR_OUT_DFF[0].FDRE_BSR_N/C
                            (rising edge-triggered cell FDRE clocked by clk_pl_0  {rise@0.000ns fall@2.667ns period=5.333ns})
  Destination:            top_i/smartconnect_0/inst/s00_nodes/s00_aw_node/inst/s_sc_xpm_cdc_async_rst_inst/arststages_ff_reg[1]/CLR
                            (removal check against rising-edge clock clk_pl_0  {rise@0.000ns fall@2.667ns period=5.333ns})
  Path Group:             (none)
  Path Type:              Removal (Min at Fast Process Corner)
  Data Path Delay:        0.347ns  (logic 0.039ns (11.231%)  route 0.308ns (88.769%))
  Logic Levels:           0  
  Clock Path Skew:        0.205ns (DCD - SCD - CPR)
    Destination Clock Delay (DCD):    1.613ns
    Source Clock Delay      (SCD):    1.408ns
    Clock Pessimism Removal (CPR):    -0.000ns
  Clock Uncertainty:      0.112ns  ((TSJ^2 + DJ^2)^1/2) / 2 + PE
    Total System Jitter     (TSJ):    0.071ns
    Discrete Jitter          (DJ):    0.213ns
    Phase Error              (PE):    0.000ns
  Clock Net Delay (Source):      1.269ns (routing 0.519ns, distribution 0.750ns)
  Clock Net Delay (Destination): 1.441ns (routing 0.581ns, distribution 0.860ns)
  Timing Exception:       False Path

    Location             Delay type                Incr(ns)  Path(ns)    Netlist Resource(s)
  -------------------------------------------------------------------    -------------------
                         (clock clk_pl_0 rise edge)
                                                      0.000     0.000 r  
    PS8_X0Y0             PS8                          0.000     0.000 r  top_i/zynq_ps/inst/PS8_i/PLCLK[0]
                         net (fo=1, routed)           0.122     0.122    top_i/zynq_ps/inst/pl_clk_unbuffered[0]
    BUFG_PS_X0Y80        BUFG_PS (Prop_BUFG_PS_I_O)
                                                      0.017     0.139 r  top_i/zynq_ps/inst/buffer_pl_clk_0.PL_CLK_0_BUFG/O
    X2Y2 (CLOCK_ROOT)    net (fo=35948, routed)       1.269     1.408    top_i/smartconnect_0/inst/clk_map/psr_aclk/U0/aclk
    SLICE_X55Y33         FDRE                                         r  top_i/smartconnect_0/inst/clk_map/psr_aclk/U0/ACTIVE_LOW_BSR_OUT_DFF[0].FDRE_BSR_N/C
  -------------------------------------------------------------------    -------------------
    SLICE_X55Y33         FDRE (Prop_DFF_SLICEL_C_Q)
                                                      0.039     1.447 r  top_i/smartconnect_0/inst/clk_map/psr_aclk/U0/ACTIVE_LOW_BSR_OUT_DFF[0].FDRE_BSR_N/Q
                         net (fo=66, routed)          0.308     1.755    top_i/smartconnect_0/inst/s00_nodes/s00_aw_node/inst/s_sc_xpm_cdc_async_rst_inst/src_arst
    SLICE_X54Y61         FDCE                                         f  top_i/smartconnect_0/inst/s00_nodes/s00_aw_node/inst/s_sc_xpm_cdc_async_rst_inst/arststages_ff_reg[1]/CLR  (IS_INVERTED)
  -------------------------------------------------------------------    -------------------

                         (clock clk_pl_0 rise edge)
                                                      0.000     0.000 r  
    PS8_X0Y0             PS8                          0.000     0.000 r  top_i/zynq_ps/inst/PS8_i/PLCLK[0]
                         net (fo=1, routed)           0.154     0.154    top_i/zynq_ps/inst/pl_clk_unbuffered[0]
    BUFG_PS_X0Y80        BUFG_PS (Prop_BUFG_PS_I_O)
                                                      0.018     0.172 r  top_i/zynq_ps/inst/buffer_pl_clk_0.PL_CLK_0_BUFG/O
    X2Y2 (CLOCK_ROOT)    net (fo=35948, routed)       1.441     1.613    top_i/smartconnect_0/inst/s00_nodes/s00_aw_node/inst/s_sc_xpm_cdc_async_rst_inst/dest_clk
    SLICE_X54Y61         FDCE                                         r  top_i/smartconnect_0/inst/s00_nodes/s00_aw_node/inst/s_sc_xpm_cdc_async_rst_inst/arststages_ff_reg[1]/C

Slack:                    inf
  Source:                 top_i/smartconnect_0/inst/clk_map/psr_aclk/U0/ACTIVE_LOW_BSR_OUT_DFF[0].FDRE_BSR_N/C
                            (rising edge-triggered cell FDRE clocked by clk_pl_0  {rise@0.000ns fall@2.667ns period=5.333ns})
  Destination:            top_i/smartconnect_0/inst/s00_nodes/s00_aw_node/inst/s_sc_xpm_cdc_async_rst_inst/arststages_ff_reg[2]/CLR
                            (removal check against rising-edge clock clk_pl_0  {rise@0.000ns fall@2.667ns period=5.333ns})
  Path Group:             (none)
  Path Type:              Removal (Min at Fast Process Corner)
  Data Path Delay:        0.347ns  (logic 0.039ns (11.231%)  route 0.308ns (88.769%))
  Logic Levels:           0  
  Clock Path Skew:        0.205ns (DCD - SCD - CPR)
    Destination Clock Delay (DCD):    1.613ns
    Source Clock Delay      (SCD):    1.408ns
    Clock Pessimism Removal (CPR):    -0.000ns
  Clock Uncertainty:      0.112ns  ((TSJ^2 + DJ^2)^1/2) / 2 + PE
    Total System Jitter     (TSJ):    0.071ns
    Discrete Jitter          (DJ):    0.213ns
    Phase Error              (PE):    0.000ns
  Clock Net Delay (Source):      1.269ns (routing 0.519ns, distribution 0.750ns)
  Clock Net Delay (Destination): 1.441ns (routing 0.581ns, distribution 0.860ns)
  Timing Exception:       False Path

    Location             Delay type                Incr(ns)  Path(ns)    Netlist Resource(s)
  -------------------------------------------------------------------    -------------------
                         (clock clk_pl_0 rise edge)
                                                      0.000     0.000 r  
    PS8_X0Y0             PS8                          0.000     0.000 r  top_i/zynq_ps/inst/PS8_i/PLCLK[0]
                         net (fo=1, routed)           0.122     0.122    top_i/zynq_ps/inst/pl_clk_unbuffered[0]
    BUFG_PS_X0Y80        BUFG_PS (Prop_BUFG_PS_I_O)
                                                      0.017     0.139 r  top_i/zynq_ps/inst/buffer_pl_clk_0.PL_CLK_0_BUFG/O
    X2Y2 (CLOCK_ROOT)    net (fo=35948, routed)       1.269     1.408    top_i/smartconnect_0/inst/clk_map/psr_aclk/U0/aclk
    SLICE_X55Y33         FDRE                                         r  top_i/smartconnect_0/inst/clk_map/psr_aclk/U0/ACTIVE_LOW_BSR_OUT_DFF[0].FDRE_BSR_N/C
  -------------------------------------------------------------------    -------------------
    SLICE_X55Y33         FDRE (Prop_DFF_SLICEL_C_Q)
                                                      0.039     1.447 r  top_i/smartconnect_0/inst/clk_map/psr_aclk/U0/ACTIVE_LOW_BSR_OUT_DFF[0].FDRE_BSR_N/Q
                         net (fo=66, routed)          0.308     1.755    top_i/smartconnect_0/inst/s00_nodes/s00_aw_node/inst/s_sc_xpm_cdc_async_rst_inst/src_arst
    SLICE_X54Y61         FDCE                                         f  top_i/smartconnect_0/inst/s00_nodes/s00_aw_node/inst/s_sc_xpm_cdc_async_rst_inst/arststages_ff_reg[2]/CLR  (IS_INVERTED)
  -------------------------------------------------------------------    -------------------

                         (clock clk_pl_0 rise edge)
                                                      0.000     0.000 r  
    PS8_X0Y0             PS8                          0.000     0.000 r  top_i/zynq_ps/inst/PS8_i/PLCLK[0]
                         net (fo=1, routed)           0.154     0.154    top_i/zynq_ps/inst/pl_clk_unbuffered[0]
    BUFG_PS_X0Y80        BUFG_PS (Prop_BUFG_PS_I_O)
                                                      0.018     0.172 r  top_i/zynq_ps/inst/buffer_pl_clk_0.PL_CLK_0_BUFG/O
    X2Y2 (CLOCK_ROOT)    net (fo=35948, routed)       1.441     1.613    top_i/smartconnect_0/inst/s00_nodes/s00_aw_node/inst/s_sc_xpm_cdc_async_rst_inst/dest_clk
    SLICE_X54Y61         FDCE                                         r  top_i/smartconnect_0/inst/s00_nodes/s00_aw_node/inst/s_sc_xpm_cdc_async_rst_inst/arststages_ff_reg[2]/C





